ISO-10303-21;
HEADER;
/* Generated by software containing ST-Developer
 * from STEP Tools, Inc. (www.steptools.com) 
 */
/* OPTION: strings as raw bytes, not using required /X/ escapes */

FILE_DESCRIPTION(
/* description */ ('Unknown'),
/* implementation_level */ '2;1');

FILE_NAME(
/* name */ 'EnclosureBase',
/* time_stamp */ '2026-02-11T12:52:07-06:00',
/* author */ ('Unknown'),
/* organization */ ('Unknown'),
/* preprocessor_version */ 'ST-DEVELOPER v20',
/* originating_system */ 'Solid Edge',
/* authorisation */ 'Unknown');

FILE_SCHEMA (('AUTOMOTIVE_DESIGN {1 0 10303 214 3 1 1}'));
ENDSEC;

DATA;
#10=PROPERTY_DEFINITION_REPRESENTATION(#14,#12);
#11=PROPERTY_DEFINITION_REPRESENTATION(#15,#13);
#12=REPRESENTATION('',(#16),#6286);
#13=REPRESENTATION('',(#17),#6286);
#14=PROPERTY_DEFINITION('pmi validation property','',#6291);
#15=PROPERTY_DEFINITION('pmi validation property','',#6291);
#16=VALUE_REPRESENTATION_ITEM('number of annotations',COUNT_MEASURE(0.));
#17=VALUE_REPRESENTATION_ITEM('number of views',COUNT_MEASURE(0.));
#18=SHAPE_REPRESENTATION_RELATIONSHIP('','',#3535,#19);
#19=ADVANCED_BREP_SHAPE_REPRESENTATION('',(#3533),#6286);
#20=ELLIPSE('',#3723,1.40316501891707,0.992187500000012);
#21=(
BOUNDED_SURFACE()
B_SPLINE_SURFACE(2,3,((#5381,#5382,#5383,#5384,#5385,#5386,#5387,#5388),
(#5389,#5390,#5391,#5392,#5393,#5394,#5395,#5396),(#5397,#5398,#5399,#5400,
#5401,#5402,#5403,#5404)),.SURF_OF_LINEAR_EXTRUSION.,.F.,.F.,.F.)
B_SPLINE_SURFACE_WITH_KNOTS((3,3),(4,2,2,4),(0.,1.),(-0.00526241600000007,
-0.005228,0.000508,0.000542416000012294),.UNSPECIFIED.)
GEOMETRIC_REPRESENTATION_ITEM()
RATIONAL_B_SPLINE_SURFACE(((1.,1.,1.,1.,1.,1.,1.,1.),(0.0359210244842766,
0.0359210244842766,0.0359210244842766,0.0359210244842766,0.0359210244842766,
0.0359210244842766,0.0359210244842766,0.0359210244842766),(1.,1.,1.,1.,
1.,1.,1.,1.)))
REPRESENTATION_ITEM('')
SURFACE()
);
#22=(
BOUNDED_SURFACE()
B_SPLINE_SURFACE(2,3,((#5435,#5436,#5437,#5438,#5439,#5440,#5441,#5442),
(#5443,#5444,#5445,#5446,#5447,#5448,#5449,#5450),(#5451,#5452,#5453,#5454,
#5455,#5456,#5457,#5458)),.SURF_OF_LINEAR_EXTRUSION.,.F.,.F.,.F.)
B_SPLINE_SURFACE_WITH_KNOTS((3,3),(4,2,2,4),(0.,1.),(-0.0111173360000061,
-0.011048,0.000508,0.000577336000003367),.UNSPECIFIED.)
GEOMETRIC_REPRESENTATION_ITEM()
RATIONAL_B_SPLINE_SURFACE(((1.,1.,1.,1.,1.,1.,1.,1.),(0.0359210244842766,
0.0359210244842766,0.0359210244842766,0.0359210244842766,0.0359210244842766,
0.0359210244842766,0.0359210244842766,0.0359210244842766),(1.,1.,1.,1.,
1.,1.,1.,1.)))
REPRESENTATION_ITEM('')
SURFACE()
);
#23=(
BOUNDED_SURFACE()
B_SPLINE_SURFACE(2,3,((#5474,#5475,#5476,#5477,#5478,#5479,#5480,#5481),
(#5482,#5483,#5484,#5485,#5486,#5487,#5488,#5489),(#5490,#5491,#5492,#5493,
#5494,#5495,#5496,#5497)),.SURF_OF_LINEAR_EXTRUSION.,.F.,.F.,.F.)
B_SPLINE_SURFACE_WITH_KNOTS((3,3),(4,2,2,4),(0.,1.),(-0.000577336000003401,
-0.000508,0.011048,0.0111173360000118),.UNSPECIFIED.)
GEOMETRIC_REPRESENTATION_ITEM()
RATIONAL_B_SPLINE_SURFACE(((1.,1.,1.,1.,1.,1.,1.,1.),(0.0359210244842766,
0.0359210244842766,0.0359210244842766,0.0359210244842766,0.0359210244842766,
0.0359210244842766,0.0359210244842766,0.0359210244842766),(1.,1.,1.,1.,
1.,1.,1.,1.)))
REPRESENTATION_ITEM('')
SURFACE()
);
#24=(
BOUNDED_SURFACE()
B_SPLINE_SURFACE(2,3,((#5513,#5514,#5515,#5516,#5517,#5518,#5519,#5520),
(#5521,#5522,#5523,#5524,#5525,#5526,#5527,#5528),(#5529,#5530,#5531,#5532,
#5533,#5534,#5535,#5536)),.SURF_OF_LINEAR_EXTRUSION.,.F.,.F.,.F.)
B_SPLINE_SURFACE_WITH_KNOTS((3,3),(4,2,2,4),(0.,1.),(-0.000542416000012364,
-0.000508,0.005228,0.00526241600001217),.UNSPECIFIED.)
GEOMETRIC_REPRESENTATION_ITEM()
RATIONAL_B_SPLINE_SURFACE(((1.,1.,1.,1.,1.,1.,1.,1.),(0.0359210244842766,
0.0359210244842766,0.0359210244842766,0.0359210244842766,0.0359210244842766,
0.0359210244842766,0.0359210244842766,0.0359210244842766),(1.,1.,1.,1.,
1.,1.,1.,1.)))
REPRESENTATION_ITEM('')
SURFACE()
);
#25=(
BOUNDED_SURFACE()
B_SPLINE_SURFACE(2,3,((#5537,#5538,#5539,#5540,#5541,#5542,#5543,#5544),
(#5545,#5546,#5547,#5548,#5549,#5550,#5551,#5552),(#5553,#5554,#5555,#5556,
#5557,#5558,#5559,#5560)),.SURF_OF_LINEAR_EXTRUSION.,.F.,.F.,.F.)
B_SPLINE_SURFACE_WITH_KNOTS((3,3),(4,2,2,4),(0.,1.),(-0.00526241600000162,
-0.005228,0.000508,0.000542416000000529),.UNSPECIFIED.)
GEOMETRIC_REPRESENTATION_ITEM()
RATIONAL_B_SPLINE_SURFACE(((1.,1.,1.,1.,1.,1.,1.,1.),(0.0359210244842766,
0.0359210244842766,0.0359210244842766,0.0359210244842766,0.0359210244842766,
0.0359210244842766,0.0359210244842767,0.0359210244842767),(1.,1.,1.,1.,
1.,1.,1.,1.)))
REPRESENTATION_ITEM('')
SURFACE()
);
#26=(
BOUNDED_SURFACE()
B_SPLINE_SURFACE(2,3,((#5591,#5592,#5593,#5594,#5595,#5596,#5597,#5598),
(#5599,#5600,#5601,#5602,#5603,#5604,#5605,#5606),(#5607,#5608,#5609,#5610,
#5611,#5612,#5613,#5614)),.SURF_OF_LINEAR_EXTRUSION.,.F.,.F.,.F.)
B_SPLINE_SURFACE_WITH_KNOTS((3,3),(4,2,2,4),(0.,1.),(-0.000577336000003366,
-0.000508,0.011048,0.0111173360000059),.UNSPECIFIED.)
GEOMETRIC_REPRESENTATION_ITEM()
RATIONAL_B_SPLINE_SURFACE(((1.,1.,1.,1.,1.,1.,1.,1.),(0.0359210244842766,
0.0359210244842766,0.0359210244842766,0.0359210244842766,0.0359210244842766,
0.0359210244842766,0.0359210244842766,0.0359210244842766),(1.,1.,1.,1.,
1.,1.,1.,1.)))
REPRESENTATION_ITEM('')
SURFACE()
);
#27=(
BOUNDED_SURFACE()
B_SPLINE_SURFACE(2,3,((#5630,#5631,#5632,#5633,#5634,#5635,#5636,#5637),
(#5638,#5639,#5640,#5641,#5642,#5643,#5644,#5645),(#5646,#5647,#5648,#5649,
#5650,#5651,#5652,#5653)),.SURF_OF_LINEAR_EXTRUSION.,.F.,.F.,.F.)
B_SPLINE_SURFACE_WITH_KNOTS((3,3),(4,2,2,4),(0.,1.),(-0.0111173360000062,
-0.011048,0.000508,0.000577336000012126),.UNSPECIFIED.)
GEOMETRIC_REPRESENTATION_ITEM()
RATIONAL_B_SPLINE_SURFACE(((1.,1.,1.,1.,1.,1.,1.,1.),(0.0359210244842766,
0.0359210244842766,0.0359210244842766,0.0359210244842766,0.0359210244842766,
0.0359210244842766,0.0359210244842766,0.0359210244842766),(1.,1.,1.,1.,
1.,1.,1.,1.)))
REPRESENTATION_ITEM('')
SURFACE()
);
#28=(
BOUNDED_SURFACE()
B_SPLINE_SURFACE(2,3,((#5669,#5670,#5671,#5672,#5673,#5674,#5675,#5676),
(#5677,#5678,#5679,#5680,#5681,#5682,#5683,#5684),(#5685,#5686,#5687,#5688,
#5689,#5690,#5691,#5692)),.SURF_OF_LINEAR_EXTRUSION.,.F.,.F.,.F.)
B_SPLINE_SURFACE_WITH_KNOTS((3,3),(4,2,2,4),(0.,1.),(-0.000542416000012295,
-0.000508,0.005228,0.00526241600000007),.UNSPECIFIED.)
GEOMETRIC_REPRESENTATION_ITEM()
RATIONAL_B_SPLINE_SURFACE(((1.,1.,1.,1.,1.,1.,1.,1.),(0.0359210244842766,
0.0359210244842766,0.0359210244842766,0.0359210244842766,0.0359210244842766,
0.0359210244842766,0.0359210244842766,0.0359210244842766),(1.,1.,1.,1.,
1.,1.,1.,1.)))
REPRESENTATION_ITEM('')
SURFACE()
);
#29=(
BOUNDED_SURFACE()
B_SPLINE_SURFACE(2,3,((#5693,#5694,#5695,#5696,#5697,#5698,#5699,#5700),
(#5701,#5702,#5703,#5704,#5705,#5706,#5707,#5708),(#5709,#5710,#5711,#5712,
#5713,#5714,#5715,#5716)),.SURF_OF_LINEAR_EXTRUSION.,.F.,.F.,.F.)
B_SPLINE_SURFACE_WITH_KNOTS((3,3),(4,2,2,4),(0.,1.),(-0.012602192,-0.012524,
0.000508,0.000586192),.UNSPECIFIED.)
GEOMETRIC_REPRESENTATION_ITEM()
RATIONAL_B_SPLINE_SURFACE(((1.,1.,1.,1.,1.,1.,1.,1.),(0.0359210244842764,
0.0359210244842764,0.0359210244842764,0.0359210244842764,0.0359210244842764,
0.0359210244842764,0.0359210244842764,0.0359210244842764),(1.,1.,1.,1.,
1.,1.,1.,1.)))
REPRESENTATION_ITEM('')
SURFACE()
);
#30=(
BOUNDED_SURFACE()
B_SPLINE_SURFACE(2,3,((#5747,#5748,#5749,#5750,#5751,#5752,#5753,#5754),
(#5755,#5756,#5757,#5758,#5759,#5760,#5761,#5762),(#5763,#5764,#5765,#5766,
#5767,#5768,#5769,#5770)),.SURF_OF_LINEAR_EXTRUSION.,.F.,.F.,.F.)
B_SPLINE_SURFACE_WITH_KNOTS((3,3),(4,2,2,4),(0.,1.),(-0.010590192000018,
-0.010524,0.000508,0.000574192000003606),.UNSPECIFIED.)
GEOMETRIC_REPRESENTATION_ITEM()
RATIONAL_B_SPLINE_SURFACE(((1.,1.,1.,1.,1.,1.,1.,1.),(0.0359210244842766,
0.0359210244842766,0.0359210244842766,0.0359210244842766,0.0359210244842766,
0.0359210244842766,0.0359210244842766,0.0359210244842766),(1.,1.,1.,1.,
1.,1.,1.,1.)))
REPRESENTATION_ITEM('')
SURFACE()
);
#31=(
BOUNDED_SURFACE()
B_SPLINE_SURFACE(2,3,((#5786,#5787,#5788,#5789,#5790,#5791,#5792,#5793),
(#5794,#5795,#5796,#5797,#5798,#5799,#5800,#5801),(#5802,#5803,#5804,#5805,
#5806,#5807,#5808,#5809)),.SURF_OF_LINEAR_EXTRUSION.,.F.,.F.,.F.)
B_SPLINE_SURFACE_WITH_KNOTS((3,3),(4,2,2,4),(0.,1.),(-0.010590192000006,
-0.010524,0.000508,0.000574192000007038),.UNSPECIFIED.)
GEOMETRIC_REPRESENTATION_ITEM()
RATIONAL_B_SPLINE_SURFACE(((1.,1.,1.,1.,1.,1.,1.,1.),(0.0359210244842765,
0.0359210244842765,0.0359210244842765,0.0359210244842765,0.0359210244842765,
0.0359210244842765,0.0359210244842765,0.0359210244842765),(1.,1.,1.,1.,
1.,1.,1.,1.)))
REPRESENTATION_ITEM('')
SURFACE()
);
#32=(
BOUNDED_SURFACE()
B_SPLINE_SURFACE(2,3,((#5825,#5826,#5827,#5828,#5829,#5830,#5831,#5832),
(#5833,#5834,#5835,#5836,#5837,#5838,#5839,#5840),(#5841,#5842,#5843,#5844,
#5845,#5846,#5847,#5848)),.SURF_OF_LINEAR_EXTRUSION.,.F.,.F.,.F.)
B_SPLINE_SURFACE_WITH_KNOTS((3,3),(4,2,2,4),(0.,1.),(-0.012602192,-0.012524,
0.000508,0.000586192),.UNSPECIFIED.)
GEOMETRIC_REPRESENTATION_ITEM()
RATIONAL_B_SPLINE_SURFACE(((1.,1.,1.,1.,1.,1.,1.,1.),(0.0359210244842764,
0.0359210244842764,0.0359210244842764,0.0359210244842764,0.0359210244842764,
0.0359210244842764,0.0359210244842764,0.0359210244842764),(1.,1.,1.,1.,
1.,1.,1.,1.)))
REPRESENTATION_ITEM('')
SURFACE()
);
#33=(
BOUNDED_SURFACE()
B_SPLINE_SURFACE(2,3,((#5849,#5850,#5851,#5852,#5853,#5854,#5855,#5856),
(#5857,#5858,#5859,#5860,#5861,#5862,#5863,#5864),(#5865,#5866,#5867,#5868,
#5869,#5870,#5871,#5872)),.SURF_OF_LINEAR_EXTRUSION.,.F.,.F.,.F.)
B_SPLINE_SURFACE_WITH_KNOTS((3,3),(4,2,2,4),(0.,1.),(-0.000586192000000005,
-0.000508,0.012524,0.0126021919999999),.UNSPECIFIED.)
GEOMETRIC_REPRESENTATION_ITEM()
RATIONAL_B_SPLINE_SURFACE(((1.,1.,1.,1.,1.,1.,1.,1.),(0.0359210244842764,
0.0359210244842764,0.0359210244842764,0.0359210244842764,0.0359210244842764,
0.0359210244842764,0.0359210244842764,0.0359210244842764),(1.,1.,1.,1.,
1.,1.,1.,1.)))
REPRESENTATION_ITEM('')
SURFACE()
);
#34=(
BOUNDED_SURFACE()
B_SPLINE_SURFACE(2,3,((#5903,#5904,#5905,#5906,#5907,#5908,#5909,#5910),
(#5911,#5912,#5913,#5914,#5915,#5916,#5917,#5918),(#5919,#5920,#5921,#5922,
#5923,#5924,#5925,#5926)),.SURF_OF_LINEAR_EXTRUSION.,.F.,.F.,.F.)
B_SPLINE_SURFACE_WITH_KNOTS((3,3),(4,2,2,4),(0.,1.),(-0.000574192000003549,
-0.000508,0.010524,0.010590192000006),.UNSPECIFIED.)
GEOMETRIC_REPRESENTATION_ITEM()
RATIONAL_B_SPLINE_SURFACE(((1.,1.,1.,1.,1.,1.,1.,1.),(0.0359210244842765,
0.0359210244842765,0.0359210244842765,0.0359210244842765,0.0359210244842765,
0.0359210244842765,0.0359210244842765,0.0359210244842765),(1.,1.,1.,1.,
1.,1.,1.,1.)))
REPRESENTATION_ITEM('')
SURFACE()
);
#35=(
BOUNDED_SURFACE()
B_SPLINE_SURFACE(2,3,((#5942,#5943,#5944,#5945,#5946,#5947,#5948,#5949),
(#5950,#5951,#5952,#5953,#5954,#5955,#5956,#5957),(#5958,#5959,#5960,#5961,
#5962,#5963,#5964,#5965)),.SURF_OF_LINEAR_EXTRUSION.,.F.,.F.,.F.)
B_SPLINE_SURFACE_WITH_KNOTS((3,3),(4,2,2,4),(0.,1.),(-0.000574192000003634,
-0.000508,0.010524,0.010590192000018),.UNSPECIFIED.)
GEOMETRIC_REPRESENTATION_ITEM()
RATIONAL_B_SPLINE_SURFACE(((1.,1.,1.,1.,1.,1.,1.,1.),(0.0359210244842766,
0.0359210244842766,0.0359210244842766,0.0359210244842766,0.0359210244842766,
0.0359210244842766,0.0359210244842766,0.0359210244842766),(1.,1.,1.,1.,
1.,1.,1.,1.)))
REPRESENTATION_ITEM('')
SURFACE()
);
#36=(
BOUNDED_SURFACE()
B_SPLINE_SURFACE(2,3,((#5981,#5982,#5983,#5984,#5985,#5986,#5987,#5988),
(#5989,#5990,#5991,#5992,#5993,#5994,#5995,#5996),(#5997,#5998,#5999,#6000,
#6001,#6002,#6003,#6004)),.SURF_OF_LINEAR_EXTRUSION.,.F.,.F.,.F.)
B_SPLINE_SURFACE_WITH_KNOTS((3,3),(4,2,2,4),(0.,1.),(-0.000586192,-0.000508,
0.012524,0.012602192),.UNSPECIFIED.)
GEOMETRIC_REPRESENTATION_ITEM()
RATIONAL_B_SPLINE_SURFACE(((1.,1.,1.,1.,1.,1.,1.,1.),(0.0359210244842764,
0.0359210244842764,0.0359210244842764,0.0359210244842764,0.0359210244842764,
0.0359210244842764,0.0359210244842764,0.0359210244842764),(1.,1.,1.,1.,
1.,1.,1.,1.)))
REPRESENTATION_ITEM('')
SURFACE()
);
#37=CYLINDRICAL_SURFACE('',#3573,1.524);
#38=CYLINDRICAL_SURFACE('',#3576,1.5875);
#39=CYLINDRICAL_SURFACE('',#3579,1.5875);
#40=CYLINDRICAL_SURFACE('',#3582,1.524);
#41=CYLINDRICAL_SURFACE('',#3585,1.524);
#42=CYLINDRICAL_SURFACE('',#3620,5.08);
#43=CYLINDRICAL_SURFACE('',#3623,5.08);
#44=CYLINDRICAL_SURFACE('',#3624,1.524);
#45=CYLINDRICAL_SURFACE('',#3628,2.8194);
#46=CYLINDRICAL_SURFACE('',#3631,2.8194);
#47=CYLINDRICAL_SURFACE('',#3634,2.8194);
#48=CYLINDRICAL_SURFACE('',#3637,2.8194);
#49=CYLINDRICAL_SURFACE('',#3641,1.524);
#50=CYLINDRICAL_SURFACE('',#3645,1.524);
#51=CYLINDRICAL_SURFACE('',#3675,3.429);
#52=CYLINDRICAL_SURFACE('',#3678,1.83388);
#53=CYLINDRICAL_SURFACE('',#3681,3.429);
#54=CYLINDRICAL_SURFACE('',#3684,1.83388);
#55=CYLINDRICAL_SURFACE('',#3709,3.429);
#56=CYLINDRICAL_SURFACE('',#3712,1.83388);
#57=CYLINDRICAL_SURFACE('',#3715,3.429);
#58=CYLINDRICAL_SURFACE('',#3718,1.83388);
#59=CYLINDRICAL_SURFACE('',#3763,0.992187500000012);
#60=CIRCLE('',#3540,0.992187500000012);
#61=CIRCLE('',#3541,1.524);
#62=CIRCLE('',#3542,1.524);
#63=CIRCLE('',#3544,0.992187500000012);
#64=CIRCLE('',#3545,3.429);
#65=CIRCLE('',#3546,1.83388);
#66=CIRCLE('',#3547,3.429);
#67=CIRCLE('',#3548,1.83388);
#68=CIRCLE('',#3549,2.8194);
#69=CIRCLE('',#3550,2.8194);
#70=CIRCLE('',#3551,2.8194);
#71=CIRCLE('',#3552,2.8194);
#72=CIRCLE('',#3553,3.429);
#73=CIRCLE('',#3554,1.83388);
#74=CIRCLE('',#3555,3.429);
#75=CIRCLE('',#3556,1.83388);
#76=CIRCLE('',#3558,5.08);
#77=CIRCLE('',#3560,5.08);
#78=CIRCLE('',#3574,1.524);
#79=CIRCLE('',#3575,1.524);
#80=CIRCLE('',#3577,1.5875);
#81=CIRCLE('',#3578,1.5875);
#82=CIRCLE('',#3580,1.5875);
#83=CIRCLE('',#3581,1.5875);
#84=CIRCLE('',#3583,1.524);
#85=CIRCLE('',#3584,1.524);
#86=CIRCLE('',#3586,1.524);
#87=CIRCLE('',#3587,1.524);
#88=CIRCLE('',#3617,1.524);
#89=CIRCLE('',#3619,5.08);
#90=CIRCLE('',#3622,5.08);
#91=CIRCLE('',#3625,1.524);
#92=CIRCLE('',#3627,2.8194);
#93=CIRCLE('',#3630,2.8194);
#94=CIRCLE('',#3633,2.8194);
#95=CIRCLE('',#3636,2.8194);
#96=CIRCLE('',#3640,1.524);
#97=CIRCLE('',#3644,1.524);
#98=CIRCLE('',#3676,3.429);
#99=CIRCLE('',#3679,1.83388);
#100=CIRCLE('',#3682,3.429);
#101=CIRCLE('',#3685,1.83388);
#102=CIRCLE('',#3710,3.429);
#103=CIRCLE('',#3713,1.83388);
#104=CIRCLE('',#3716,3.429);
#105=CIRCLE('',#3719,1.83388);
#106=B_SPLINE_CURVE_WITH_KNOTS('',3,(#4633,#4634,#4635,#4636),
 .UNSPECIFIED.,.F.,.F.,(4,4),(0.,1.),.UNSPECIFIED.);
#107=B_SPLINE_CURVE_WITH_KNOTS('',3,(#4639,#4640,#4641,#4642),
 .UNSPECIFIED.,.F.,.F.,(4,4),(0.,1.),.UNSPECIFIED.);
#108=B_SPLINE_CURVE_WITH_KNOTS('',3,(#4644,#4645,#4646,#4647),
 .UNSPECIFIED.,.F.,.F.,(4,4),(0.,1.),.UNSPECIFIED.);
#109=B_SPLINE_CURVE_WITH_KNOTS('',3,(#4649,#4650,#4651,#4652),
 .UNSPECIFIED.,.F.,.F.,(4,4),(0.,1.),.UNSPECIFIED.);
#110=B_SPLINE_CURVE_WITH_KNOTS('',3,(#4653,#4654,#4655,#4656),
 .UNSPECIFIED.,.F.,.F.,(4,4),(0.,1.),.UNSPECIFIED.);
#111=B_SPLINE_CURVE_WITH_KNOTS('',3,(#4659,#4660,#4661,#4662),
 .UNSPECIFIED.,.F.,.F.,(4,4),(0.,1.),.UNSPECIFIED.);
#112=B_SPLINE_CURVE_WITH_KNOTS('',3,(#4664,#4665,#4666,#4667),
 .UNSPECIFIED.,.F.,.F.,(4,4),(0.,1.),.UNSPECIFIED.);
#113=B_SPLINE_CURVE_WITH_KNOTS('',3,(#4669,#4670,#4671,#4672),
 .UNSPECIFIED.,.F.,.F.,(4,4),(0.,1.),.UNSPECIFIED.);
#114=B_SPLINE_CURVE_WITH_KNOTS('',3,(#5042,#5043,#5044,#5045),
 .UNSPECIFIED.,.F.,.F.,(4,4),(0.,1.),.UNSPECIFIED.);
#115=B_SPLINE_CURVE_WITH_KNOTS('',3,(#5048,#5049,#5050,#5051),
 .UNSPECIFIED.,.F.,.F.,(4,4),(0.,1.),.UNSPECIFIED.);
#116=B_SPLINE_CURVE_WITH_KNOTS('',3,(#5053,#5054,#5055,#5056),
 .UNSPECIFIED.,.F.,.F.,(4,4),(0.,1.),.UNSPECIFIED.);
#117=B_SPLINE_CURVE_WITH_KNOTS('',3,(#5058,#5059,#5060,#5061),
 .UNSPECIFIED.,.F.,.F.,(4,4),(0.,1.),.UNSPECIFIED.);
#118=B_SPLINE_CURVE_WITH_KNOTS('',3,(#5062,#5063,#5064,#5065),
 .UNSPECIFIED.,.F.,.F.,(4,4),(0.,1.),.UNSPECIFIED.);
#119=B_SPLINE_CURVE_WITH_KNOTS('',3,(#5068,#5069,#5070,#5071),
 .UNSPECIFIED.,.F.,.F.,(4,4),(0.,1.),.UNSPECIFIED.);
#120=B_SPLINE_CURVE_WITH_KNOTS('',3,(#5073,#5074,#5075,#5076),
 .UNSPECIFIED.,.F.,.F.,(4,4),(0.,1.),.UNSPECIFIED.);
#121=B_SPLINE_CURVE_WITH_KNOTS('',3,(#5078,#5079,#5080,#5081),
 .UNSPECIFIED.,.F.,.F.,(4,4),(0.,1.),.UNSPECIFIED.);
#122=B_SPLINE_CURVE_WITH_KNOTS('',3,(#5129,#5130,#5131,#5132),
 .UNSPECIFIED.,.F.,.F.,(4,4),(0.,1.),.UNSPECIFIED.);
#123=B_SPLINE_CURVE_WITH_KNOTS('',3,(#5136,#5137,#5138,#5139),
 .UNSPECIFIED.,.F.,.F.,(4,4),(0.,1.),.UNSPECIFIED.);
#124=B_SPLINE_CURVE_WITH_KNOTS('',3,(#5144,#5145,#5146,#5147),
 .UNSPECIFIED.,.F.,.F.,(4,4),(0.,1.),.UNSPECIFIED.);
#125=B_SPLINE_CURVE_WITH_KNOTS('',3,(#5148,#5149,#5150,#5151),
 .UNSPECIFIED.,.F.,.F.,(4,4),(0.,1.),.UNSPECIFIED.);
#126=B_SPLINE_CURVE_WITH_KNOTS('',3,(#5156,#5157,#5158,#5159),
 .UNSPECIFIED.,.F.,.F.,(4,4),(0.,1.),.UNSPECIFIED.);
#127=B_SPLINE_CURVE_WITH_KNOTS('',3,(#5160,#5161,#5162,#5163),
 .UNSPECIFIED.,.F.,.F.,(4,4),(0.,1.),.UNSPECIFIED.);
#128=B_SPLINE_CURVE_WITH_KNOTS('',3,(#5165,#5166,#5167,#5168),
 .UNSPECIFIED.,.F.,.F.,(4,4),(0.,1.),.UNSPECIFIED.);
#129=B_SPLINE_CURVE_WITH_KNOTS('',3,(#5169,#5170,#5171,#5172),
 .UNSPECIFIED.,.F.,.F.,(4,4),(0.,1.),.UNSPECIFIED.);
#130=B_SPLINE_CURVE_WITH_KNOTS('',3,(#5177,#5178,#5179,#5180),
 .UNSPECIFIED.,.F.,.F.,(4,4),(0.,1.),.UNSPECIFIED.);
#131=B_SPLINE_CURVE_WITH_KNOTS('',3,(#5184,#5185,#5186,#5187),
 .UNSPECIFIED.,.F.,.F.,(4,4),(0.,1.),.UNSPECIFIED.);
#132=B_SPLINE_CURVE_WITH_KNOTS('',3,(#5192,#5193,#5194,#5195),
 .UNSPECIFIED.,.F.,.F.,(4,4),(0.,1.),.UNSPECIFIED.);
#133=B_SPLINE_CURVE_WITH_KNOTS('',3,(#5196,#5197,#5198,#5199),
 .UNSPECIFIED.,.F.,.F.,(4,4),(0.,1.),.UNSPECIFIED.);
#134=B_SPLINE_CURVE_WITH_KNOTS('',3,(#5204,#5205,#5206,#5207),
 .UNSPECIFIED.,.F.,.F.,(4,4),(0.,1.),.UNSPECIFIED.);
#135=B_SPLINE_CURVE_WITH_KNOTS('',3,(#5208,#5209,#5210,#5211),
 .UNSPECIFIED.,.F.,.F.,(4,4),(0.,1.),.UNSPECIFIED.);
#136=B_SPLINE_CURVE_WITH_KNOTS('',3,(#5213,#5214,#5215,#5216),
 .UNSPECIFIED.,.F.,.F.,(4,4),(0.,1.),.UNSPECIFIED.);
#137=B_SPLINE_CURVE_WITH_KNOTS('',3,(#5217,#5218,#5219,#5220),
 .UNSPECIFIED.,.F.,.F.,(4,4),(0.,1.),.UNSPECIFIED.);
#138=B_SPLINE_CURVE_WITH_KNOTS('',3,(#5405,#5406,#5407,#5408,#5409,#5410,
#5411,#5412,#5413,#5414,#5415,#5416,#5417,#5418,#5419),.UNSPECIFIED.,.F.,
 .F.,(4,1,1,1,1,1,1,1,1,1,1,1,4),(0.,0.0625,0.125,0.1875,0.25,0.375,0.5,
0.625,0.75,0.8125,0.875,0.9375,1.),.UNSPECIFIED.);
#139=B_SPLINE_CURVE_WITH_KNOTS('',3,(#5420,#5421,#5422,#5423,#5424,#5425,
#5426,#5427,#5428,#5429,#5430,#5431,#5432,#5433,#5434),.UNSPECIFIED.,.F.,
 .F.,(4,1,1,1,1,1,1,1,1,1,1,1,4),(0.,0.0625,0.125,0.1875,0.25,0.375,0.5,
0.625,0.75,0.8125,0.875,0.9375,1.),.UNSPECIFIED.);
#140=B_SPLINE_CURVE_WITH_KNOTS('',3,(#5459,#5460,#5461,#5462,#5463,#5464,
#5465,#5466,#5467,#5468,#5469,#5470,#5471,#5472,#5473),.UNSPECIFIED.,.F.,
 .F.,(4,1,1,1,1,1,1,1,1,1,1,1,4),(0.,0.0625,0.125,0.1875,0.25,0.375,0.5,
0.625,0.75,0.8125,0.875,0.9375,1.),.UNSPECIFIED.);
#141=B_SPLINE_CURVE_WITH_KNOTS('',3,(#5498,#5499,#5500,#5501,#5502,#5503,
#5504,#5505,#5506,#5507,#5508,#5509,#5510,#5511,#5512),.UNSPECIFIED.,.F.,
 .F.,(4,1,1,1,1,1,1,1,1,1,1,1,4),(0.,0.0625,0.125,0.1875,0.25,0.375,0.5,
0.625,0.75,0.8125,0.875,0.9375,1.),.UNSPECIFIED.);
#142=B_SPLINE_CURVE_WITH_KNOTS('',3,(#5561,#5562,#5563,#5564,#5565,#5566,
#5567,#5568,#5569,#5570,#5571,#5572,#5573,#5574,#5575),.UNSPECIFIED.,.F.,
 .F.,(4,1,1,1,1,1,1,1,1,1,1,1,4),(0.,0.0625,0.125,0.1875,0.25,0.375,0.5,
0.625,0.75,0.8125,0.875,0.9375,1.),.UNSPECIFIED.);
#143=B_SPLINE_CURVE_WITH_KNOTS('',3,(#5576,#5577,#5578,#5579,#5580,#5581,
#5582,#5583,#5584,#5585,#5586,#5587,#5588,#5589,#5590),.UNSPECIFIED.,.F.,
 .F.,(4,1,1,1,1,1,1,1,1,1,1,1,4),(0.,0.0625,0.125,0.1875,0.25,0.375,0.5,
0.625,0.75,0.8125,0.875,0.9375,1.),.UNSPECIFIED.);
#144=B_SPLINE_CURVE_WITH_KNOTS('',3,(#5615,#5616,#5617,#5618,#5619,#5620,
#5621,#5622,#5623,#5624,#5625,#5626,#5627,#5628,#5629),.UNSPECIFIED.,.F.,
 .F.,(4,1,1,1,1,1,1,1,1,1,1,1,4),(0.,0.0625,0.125,0.1875,0.25,0.375,0.5,
0.625,0.75,0.8125,0.875,0.9375,1.),.UNSPECIFIED.);
#145=B_SPLINE_CURVE_WITH_KNOTS('',3,(#5654,#5655,#5656,#5657,#5658,#5659,
#5660,#5661,#5662,#5663,#5664,#5665,#5666,#5667,#5668),.UNSPECIFIED.,.F.,
 .F.,(4,1,1,1,1,1,1,1,1,1,1,1,4),(0.,0.0625,0.125,0.1875,0.25,0.375,0.5,
0.625,0.75,0.8125,0.875,0.9375,1.),.UNSPECIFIED.);
#146=B_SPLINE_CURVE_WITH_KNOTS('',3,(#5717,#5718,#5719,#5720,#5721,#5722,
#5723,#5724,#5725,#5726,#5727,#5728,#5729,#5730,#5731),.UNSPECIFIED.,.F.,
 .F.,(4,1,1,1,1,1,1,1,1,1,1,1,4),(0.,0.0625,0.125,0.1875,0.25,0.375,0.5,
0.625,0.75,0.8125,0.875,0.9375,1.),.UNSPECIFIED.);
#147=B_SPLINE_CURVE_WITH_KNOTS('',3,(#5732,#5733,#5734,#5735,#5736,#5737,
#5738,#5739,#5740,#5741,#5742,#5743,#5744,#5745,#5746),.UNSPECIFIED.,.F.,
 .F.,(4,1,1,1,1,1,1,1,1,1,1,1,4),(0.,0.0625,0.125,0.1875,0.25,0.375,0.5,
0.625,0.75,0.8125,0.875,0.9375,1.),.UNSPECIFIED.);
#148=B_SPLINE_CURVE_WITH_KNOTS('',3,(#5771,#5772,#5773,#5774,#5775,#5776,
#5777,#5778,#5779,#5780,#5781,#5782,#5783,#5784,#5785),.UNSPECIFIED.,.F.,
 .F.,(4,1,1,1,1,1,1,1,1,1,1,1,4),(0.,0.0625,0.125,0.1875,0.25,0.375,0.5,
0.625,0.75,0.8125,0.875,0.9375,1.),.UNSPECIFIED.);
#149=B_SPLINE_CURVE_WITH_KNOTS('',3,(#5810,#5811,#5812,#5813,#5814,#5815,
#5816,#5817,#5818,#5819,#5820,#5821,#5822,#5823,#5824),.UNSPECIFIED.,.F.,
 .F.,(4,1,1,1,1,1,1,1,1,1,1,1,4),(0.,0.0625,0.125,0.1875,0.25,0.375,0.5,
0.625,0.75,0.8125,0.875,0.9375,1.),.UNSPECIFIED.);
#150=B_SPLINE_CURVE_WITH_KNOTS('',3,(#5873,#5874,#5875,#5876,#5877,#5878,
#5879,#5880,#5881,#5882,#5883,#5884,#5885,#5886,#5887),.UNSPECIFIED.,.F.,
 .F.,(4,1,1,1,1,1,1,1,1,1,1,1,4),(0.,0.0625,0.125,0.1875,0.25,0.375,0.5,
0.625,0.75,0.8125,0.875,0.9375,1.),.UNSPECIFIED.);
#151=B_SPLINE_CURVE_WITH_KNOTS('',3,(#5888,#5889,#5890,#5891,#5892,#5893,
#5894,#5895,#5896,#5897,#5898,#5899,#5900,#5901,#5902),.UNSPECIFIED.,.F.,
 .F.,(4,1,1,1,1,1,1,1,1,1,1,1,4),(0.,0.0625,0.125,0.1875,0.25,0.375,0.5,
0.625,0.75,0.8125,0.875,0.9375,1.),.UNSPECIFIED.);
#152=B_SPLINE_CURVE_WITH_KNOTS('',3,(#5927,#5928,#5929,#5930,#5931,#5932,
#5933,#5934,#5935,#5936,#5937,#5938,#5939,#5940,#5941),.UNSPECIFIED.,.F.,
 .F.,(4,1,1,1,1,1,1,1,1,1,1,1,4),(0.,0.0625,0.125,0.1875,0.25,0.375,0.5,
0.625,0.75,0.8125,0.875,0.9375,1.),.UNSPECIFIED.);
#153=B_SPLINE_CURVE_WITH_KNOTS('',3,(#5966,#5967,#5968,#5969,#5970,#5971,
#5972,#5973,#5974,#5975,#5976,#5977,#5978,#5979,#5980),.UNSPECIFIED.,.F.,
 .F.,(4,1,1,1,1,1,1,1,1,1,1,1,4),(0.,0.0625,0.125,0.1875,0.25,0.375,0.5,
0.625,0.75,0.8125,0.875,0.9375,1.),.UNSPECIFIED.);
#154=ORIENTED_EDGE('',*,*,#1110,.T.);
#155=ORIENTED_EDGE('',*,*,#1111,.F.);
#156=ORIENTED_EDGE('',*,*,#1112,.F.);
#157=ORIENTED_EDGE('',*,*,#1113,.T.);
#158=ORIENTED_EDGE('',*,*,#1114,.F.);
#159=ORIENTED_EDGE('',*,*,#1115,.F.);
#160=ORIENTED_EDGE('',*,*,#1116,.F.);
#161=ORIENTED_EDGE('',*,*,#1117,.T.);
#162=ORIENTED_EDGE('',*,*,#1118,.F.);
#163=ORIENTED_EDGE('',*,*,#1119,.T.);
#164=ORIENTED_EDGE('',*,*,#1120,.T.);
#165=ORIENTED_EDGE('',*,*,#1121,.F.);
#166=ORIENTED_EDGE('',*,*,#1122,.F.);
#167=ORIENTED_EDGE('',*,*,#1123,.F.);
#168=ORIENTED_EDGE('',*,*,#1124,.T.);
#169=ORIENTED_EDGE('',*,*,#1125,.T.);
#170=ORIENTED_EDGE('',*,*,#1126,.T.);
#171=ORIENTED_EDGE('',*,*,#1127,.T.);
#172=ORIENTED_EDGE('',*,*,#1128,.T.);
#173=ORIENTED_EDGE('',*,*,#1129,.T.);
#174=ORIENTED_EDGE('',*,*,#1130,.T.);
#175=ORIENTED_EDGE('',*,*,#1131,.T.);
#176=ORIENTED_EDGE('',*,*,#1132,.T.);
#177=ORIENTED_EDGE('',*,*,#1133,.F.);
#178=ORIENTED_EDGE('',*,*,#1134,.T.);
#179=ORIENTED_EDGE('',*,*,#1135,.T.);
#180=ORIENTED_EDGE('',*,*,#1136,.F.);
#181=ORIENTED_EDGE('',*,*,#1137,.F.);
#182=ORIENTED_EDGE('',*,*,#1121,.T.);
#183=ORIENTED_EDGE('',*,*,#1138,.T.);
#184=ORIENTED_EDGE('',*,*,#1139,.F.);
#185=ORIENTED_EDGE('',*,*,#1140,.T.);
#186=ORIENTED_EDGE('',*,*,#1141,.T.);
#187=ORIENTED_EDGE('',*,*,#1142,.T.);
#188=ORIENTED_EDGE('',*,*,#1143,.F.);
#189=ORIENTED_EDGE('',*,*,#1144,.F.);
#190=ORIENTED_EDGE('',*,*,#1145,.F.);
#191=ORIENTED_EDGE('',*,*,#1146,.T.);
#192=ORIENTED_EDGE('',*,*,#1147,.F.);
#193=ORIENTED_EDGE('',*,*,#1148,.F.);
#194=ORIENTED_EDGE('',*,*,#1149,.T.);
#195=ORIENTED_EDGE('',*,*,#1150,.F.);
#196=ORIENTED_EDGE('',*,*,#1151,.F.);
#197=ORIENTED_EDGE('',*,*,#1152,.F.);
#198=ORIENTED_EDGE('',*,*,#1111,.T.);
#199=ORIENTED_EDGE('',*,*,#1153,.T.);
#200=ORIENTED_EDGE('',*,*,#1154,.T.);
#201=ORIENTED_EDGE('',*,*,#1155,.T.);
#202=ORIENTED_EDGE('',*,*,#1156,.T.);
#203=ORIENTED_EDGE('',*,*,#1157,.T.);
#204=ORIENTED_EDGE('',*,*,#1158,.T.);
#205=ORIENTED_EDGE('',*,*,#1159,.T.);
#206=ORIENTED_EDGE('',*,*,#1160,.T.);
#207=ORIENTED_EDGE('',*,*,#1161,.T.);
#208=ORIENTED_EDGE('',*,*,#1162,.T.);
#209=ORIENTED_EDGE('',*,*,#1163,.F.);
#210=ORIENTED_EDGE('',*,*,#1164,.F.);
#211=ORIENTED_EDGE('',*,*,#1165,.F.);
#212=ORIENTED_EDGE('',*,*,#1166,.F.);
#213=ORIENTED_EDGE('',*,*,#1167,.T.);
#214=ORIENTED_EDGE('',*,*,#1168,.T.);
#215=ORIENTED_EDGE('',*,*,#1169,.F.);
#216=ORIENTED_EDGE('',*,*,#1150,.T.);
#217=ORIENTED_EDGE('',*,*,#1170,.F.);
#218=ORIENTED_EDGE('',*,*,#1171,.F.);
#219=ORIENTED_EDGE('',*,*,#1172,.T.);
#220=ORIENTED_EDGE('',*,*,#1173,.T.);
#221=ORIENTED_EDGE('',*,*,#1174,.T.);
#222=ORIENTED_EDGE('',*,*,#1175,.F.);
#223=ORIENTED_EDGE('',*,*,#1176,.F.);
#224=ORIENTED_EDGE('',*,*,#1177,.T.);
#225=ORIENTED_EDGE('',*,*,#1178,.T.);
#226=ORIENTED_EDGE('',*,*,#1179,.F.);
#227=ORIENTED_EDGE('',*,*,#1180,.T.);
#228=ORIENTED_EDGE('',*,*,#1181,.T.);
#229=ORIENTED_EDGE('',*,*,#1182,.T.);
#230=ORIENTED_EDGE('',*,*,#1183,.T.);
#231=ORIENTED_EDGE('',*,*,#1184,.T.);
#232=ORIENTED_EDGE('',*,*,#1185,.F.);
#233=ORIENTED_EDGE('',*,*,#1186,.F.);
#234=ORIENTED_EDGE('',*,*,#1187,.T.);
#235=ORIENTED_EDGE('',*,*,#1188,.F.);
#236=ORIENTED_EDGE('',*,*,#1189,.F.);
#237=ORIENTED_EDGE('',*,*,#1190,.F.);
#238=ORIENTED_EDGE('',*,*,#1191,.T.);
#239=ORIENTED_EDGE('',*,*,#1192,.T.);
#240=ORIENTED_EDGE('',*,*,#1118,.T.);
#241=ORIENTED_EDGE('',*,*,#1193,.F.);
#242=ORIENTED_EDGE('',*,*,#1194,.F.);
#243=ORIENTED_EDGE('',*,*,#1195,.F.);
#244=ORIENTED_EDGE('',*,*,#1114,.T.);
#245=ORIENTED_EDGE('',*,*,#1196,.F.);
#246=ORIENTED_EDGE('',*,*,#1197,.F.);
#247=ORIENTED_EDGE('',*,*,#1198,.F.);
#248=ORIENTED_EDGE('',*,*,#1199,.T.);
#249=ORIENTED_EDGE('',*,*,#1200,.T.);
#250=ORIENTED_EDGE('',*,*,#1201,.T.);
#251=ORIENTED_EDGE('',*,*,#1202,.F.);
#252=ORIENTED_EDGE('',*,*,#1203,.F.);
#253=ORIENTED_EDGE('',*,*,#1204,.T.);
#254=ORIENTED_EDGE('',*,*,#1205,.T.);
#255=ORIENTED_EDGE('',*,*,#1206,.F.);
#256=ORIENTED_EDGE('',*,*,#1207,.T.);
#257=ORIENTED_EDGE('',*,*,#1208,.T.);
#258=ORIENTED_EDGE('',*,*,#1209,.T.);
#259=ORIENTED_EDGE('',*,*,#1210,.F.);
#260=ORIENTED_EDGE('',*,*,#1211,.F.);
#261=ORIENTED_EDGE('',*,*,#1212,.F.);
#262=ORIENTED_EDGE('',*,*,#1213,.F.);
#263=ORIENTED_EDGE('',*,*,#1214,.F.);
#264=ORIENTED_EDGE('',*,*,#1215,.F.);
#265=ORIENTED_EDGE('',*,*,#1216,.T.);
#266=ORIENTED_EDGE('',*,*,#1217,.T.);
#267=ORIENTED_EDGE('',*,*,#1218,.T.);
#268=ORIENTED_EDGE('',*,*,#1219,.T.);
#269=ORIENTED_EDGE('',*,*,#1220,.T.);
#270=ORIENTED_EDGE('',*,*,#1221,.T.);
#271=ORIENTED_EDGE('',*,*,#1222,.T.);
#272=ORIENTED_EDGE('',*,*,#1223,.T.);
#273=ORIENTED_EDGE('',*,*,#1224,.T.);
#274=ORIENTED_EDGE('',*,*,#1225,.T.);
#275=ORIENTED_EDGE('',*,*,#1226,.T.);
#276=ORIENTED_EDGE('',*,*,#1227,.T.);
#277=ORIENTED_EDGE('',*,*,#1228,.T.);
#278=ORIENTED_EDGE('',*,*,#1229,.F.);
#279=ORIENTED_EDGE('',*,*,#1230,.F.);
#280=ORIENTED_EDGE('',*,*,#1231,.F.);
#281=ORIENTED_EDGE('',*,*,#1232,.F.);
#282=ORIENTED_EDGE('',*,*,#1233,.F.);
#283=ORIENTED_EDGE('',*,*,#1234,.F.);
#284=ORIENTED_EDGE('',*,*,#1235,.F.);
#285=ORIENTED_EDGE('',*,*,#1236,.F.);
#286=ORIENTED_EDGE('',*,*,#1237,.F.);
#287=ORIENTED_EDGE('',*,*,#1238,.F.);
#288=ORIENTED_EDGE('',*,*,#1239,.F.);
#289=ORIENTED_EDGE('',*,*,#1240,.F.);
#290=ORIENTED_EDGE('',*,*,#1241,.T.);
#291=ORIENTED_EDGE('',*,*,#1242,.T.);
#292=ORIENTED_EDGE('',*,*,#1243,.T.);
#293=ORIENTED_EDGE('',*,*,#1244,.T.);
#294=ORIENTED_EDGE('',*,*,#1245,.T.);
#295=ORIENTED_EDGE('',*,*,#1246,.F.);
#296=ORIENTED_EDGE('',*,*,#1247,.F.);
#297=ORIENTED_EDGE('',*,*,#1248,.F.);
#298=ORIENTED_EDGE('',*,*,#1146,.F.);
#299=ORIENTED_EDGE('',*,*,#1249,.F.);
#300=ORIENTED_EDGE('',*,*,#1250,.F.);
#301=ORIENTED_EDGE('',*,*,#1251,.T.);
#302=ORIENTED_EDGE('',*,*,#1252,.T.);
#303=ORIENTED_EDGE('',*,*,#1253,.T.);
#304=ORIENTED_EDGE('',*,*,#1254,.F.);
#305=ORIENTED_EDGE('',*,*,#1255,.F.);
#306=ORIENTED_EDGE('',*,*,#1256,.F.);
#307=ORIENTED_EDGE('',*,*,#1138,.F.);
#308=ORIENTED_EDGE('',*,*,#1120,.F.);
#309=ORIENTED_EDGE('',*,*,#1257,.F.);
#310=ORIENTED_EDGE('',*,*,#1258,.F.);
#311=ORIENTED_EDGE('',*,*,#1259,.T.);
#312=ORIENTED_EDGE('',*,*,#1260,.T.);
#313=ORIENTED_EDGE('',*,*,#1261,.F.);
#314=ORIENTED_EDGE('',*,*,#1262,.F.);
#315=ORIENTED_EDGE('',*,*,#1263,.F.);
#316=ORIENTED_EDGE('',*,*,#1264,.F.);
#317=ORIENTED_EDGE('',*,*,#1202,.T.);
#318=ORIENTED_EDGE('',*,*,#1265,.F.);
#319=ORIENTED_EDGE('',*,*,#1198,.T.);
#320=ORIENTED_EDGE('',*,*,#1266,.T.);
#321=ORIENTED_EDGE('',*,*,#1267,.F.);
#322=ORIENTED_EDGE('',*,*,#1268,.F.);
#323=ORIENTED_EDGE('',*,*,#1207,.F.);
#324=ORIENTED_EDGE('',*,*,#1269,.F.);
#325=ORIENTED_EDGE('',*,*,#1270,.T.);
#326=ORIENTED_EDGE('',*,*,#1271,.F.);
#327=ORIENTED_EDGE('',*,*,#1272,.T.);
#328=ORIENTED_EDGE('',*,*,#1273,.T.);
#329=ORIENTED_EDGE('',*,*,#1168,.F.);
#330=ORIENTED_EDGE('',*,*,#1274,.T.);
#331=ORIENTED_EDGE('',*,*,#1275,.T.);
#332=ORIENTED_EDGE('',*,*,#1203,.T.);
#333=ORIENTED_EDGE('',*,*,#1264,.T.);
#334=ORIENTED_EDGE('',*,*,#1206,.T.);
#335=ORIENTED_EDGE('',*,*,#1276,.T.);
#336=ORIENTED_EDGE('',*,*,#1277,.T.);
#337=ORIENTED_EDGE('',*,*,#1269,.T.);
#338=ORIENTED_EDGE('',*,*,#1278,.F.);
#339=ORIENTED_EDGE('',*,*,#1171,.T.);
#340=ORIENTED_EDGE('',*,*,#1279,.T.);
#341=ORIENTED_EDGE('',*,*,#1280,.F.);
#342=ORIENTED_EDGE('',*,*,#1281,.F.);
#343=ORIENTED_EDGE('',*,*,#1282,.F.);
#344=ORIENTED_EDGE('',*,*,#1283,.F.);
#345=ORIENTED_EDGE('',*,*,#1175,.T.);
#346=ORIENTED_EDGE('',*,*,#1284,.F.);
#347=ORIENTED_EDGE('',*,*,#1285,.T.);
#348=ORIENTED_EDGE('',*,*,#1286,.T.);
#349=ORIENTED_EDGE('',*,*,#1184,.F.);
#350=ORIENTED_EDGE('',*,*,#1287,.F.);
#351=ORIENTED_EDGE('',*,*,#1180,.F.);
#352=ORIENTED_EDGE('',*,*,#1288,.F.);
#353=ORIENTED_EDGE('',*,*,#1289,.T.);
#354=ORIENTED_EDGE('',*,*,#1290,.T.);
#355=ORIENTED_EDGE('',*,*,#1291,.T.);
#356=ORIENTED_EDGE('',*,*,#1176,.T.);
#357=ORIENTED_EDGE('',*,*,#1283,.T.);
#358=ORIENTED_EDGE('',*,*,#1179,.T.);
#359=ORIENTED_EDGE('',*,*,#1292,.T.);
#360=ORIENTED_EDGE('',*,*,#1293,.T.);
#361=ORIENTED_EDGE('',*,*,#1288,.T.);
#362=ORIENTED_EDGE('',*,*,#1294,.T.);
#363=ORIENTED_EDGE('',*,*,#1295,.T.);
#364=ORIENTED_EDGE('',*,*,#1296,.F.);
#365=ORIENTED_EDGE('',*,*,#1297,.F.);
#366=ORIENTED_EDGE('',*,*,#1298,.F.);
#367=ORIENTED_EDGE('',*,*,#1299,.F.);
#368=ORIENTED_EDGE('',*,*,#1300,.T.);
#369=ORIENTED_EDGE('',*,*,#1301,.F.);
#370=ORIENTED_EDGE('',*,*,#1302,.T.);
#371=ORIENTED_EDGE('',*,*,#1303,.F.);
#372=ORIENTED_EDGE('',*,*,#1304,.F.);
#373=ORIENTED_EDGE('',*,*,#1305,.F.);
#374=ORIENTED_EDGE('',*,*,#1147,.T.);
#375=ORIENTED_EDGE('',*,*,#1248,.T.);
#376=ORIENTED_EDGE('',*,*,#1306,.F.);
#377=ORIENTED_EDGE('',*,*,#1191,.F.);
#378=ORIENTED_EDGE('',*,*,#1307,.F.);
#379=ORIENTED_EDGE('',*,*,#1308,.F.);
#380=ORIENTED_EDGE('',*,*,#1309,.T.);
#381=ORIENTED_EDGE('',*,*,#1187,.F.);
#382=ORIENTED_EDGE('',*,*,#1310,.T.);
#383=ORIENTED_EDGE('',*,*,#1311,.T.);
#384=ORIENTED_EDGE('',*,*,#1259,.F.);
#385=ORIENTED_EDGE('',*,*,#1312,.F.);
#386=ORIENTED_EDGE('',*,*,#1313,.F.);
#387=ORIENTED_EDGE('',*,*,#1314,.F.);
#388=ORIENTED_EDGE('',*,*,#1245,.F.);
#389=ORIENTED_EDGE('',*,*,#1315,.T.);
#390=ORIENTED_EDGE('',*,*,#1316,.T.);
#391=ORIENTED_EDGE('',*,*,#1317,.T.);
#392=ORIENTED_EDGE('',*,*,#1318,.T.);
#393=ORIENTED_EDGE('',*,*,#1319,.T.);
#394=ORIENTED_EDGE('',*,*,#1320,.T.);
#395=ORIENTED_EDGE('',*,*,#1321,.T.);
#396=ORIENTED_EDGE('',*,*,#1322,.T.);
#397=ORIENTED_EDGE('',*,*,#1323,.T.);
#398=ORIENTED_EDGE('',*,*,#1324,.T.);
#399=ORIENTED_EDGE('',*,*,#1325,.T.);
#400=ORIENTED_EDGE('',*,*,#1251,.F.);
#401=ORIENTED_EDGE('',*,*,#1326,.T.);
#402=ORIENTED_EDGE('',*,*,#1253,.F.);
#403=ORIENTED_EDGE('',*,*,#1327,.T.);
#404=ORIENTED_EDGE('',*,*,#1328,.T.);
#405=ORIENTED_EDGE('',*,*,#1329,.T.);
#406=ORIENTED_EDGE('',*,*,#1241,.F.);
#407=ORIENTED_EDGE('',*,*,#1330,.T.);
#408=ORIENTED_EDGE('',*,*,#1331,.T.);
#409=ORIENTED_EDGE('',*,*,#1332,.T.);
#410=ORIENTED_EDGE('',*,*,#1333,.F.);
#411=ORIENTED_EDGE('',*,*,#1334,.F.);
#412=ORIENTED_EDGE('',*,*,#1335,.F.);
#413=ORIENTED_EDGE('',*,*,#1336,.F.);
#414=ORIENTED_EDGE('',*,*,#1243,.F.);
#415=ORIENTED_EDGE('',*,*,#1337,.T.);
#416=ORIENTED_EDGE('',*,*,#1338,.T.);
#417=ORIENTED_EDGE('',*,*,#1339,.T.);
#418=ORIENTED_EDGE('',*,*,#1340,.F.);
#419=ORIENTED_EDGE('',*,*,#1142,.F.);
#420=ORIENTED_EDGE('',*,*,#1341,.F.);
#421=ORIENTED_EDGE('',*,*,#1342,.F.);
#422=ORIENTED_EDGE('',*,*,#1343,.T.);
#423=ORIENTED_EDGE('',*,*,#1333,.T.);
#424=ORIENTED_EDGE('',*,*,#1247,.T.);
#425=ORIENTED_EDGE('',*,*,#1344,.F.);
#426=ORIENTED_EDGE('',*,*,#1345,.F.);
#427=ORIENTED_EDGE('',*,*,#1346,.T.);
#428=ORIENTED_EDGE('',*,*,#1257,.T.);
#429=ORIENTED_EDGE('',*,*,#1119,.F.);
#430=ORIENTED_EDGE('',*,*,#1192,.F.);
#431=ORIENTED_EDGE('',*,*,#1306,.T.);
#432=ORIENTED_EDGE('',*,*,#1347,.F.);
#433=ORIENTED_EDGE('',*,*,#1348,.T.);
#434=ORIENTED_EDGE('',*,*,#1349,.T.);
#435=ORIENTED_EDGE('',*,*,#1350,.T.);
#436=ORIENTED_EDGE('',*,*,#1351,.F.);
#437=ORIENTED_EDGE('',*,*,#1352,.T.);
#438=ORIENTED_EDGE('',*,*,#1347,.T.);
#439=ORIENTED_EDGE('',*,*,#1353,.T.);
#440=ORIENTED_EDGE('',*,*,#1354,.F.);
#441=ORIENTED_EDGE('',*,*,#1355,.T.);
#442=ORIENTED_EDGE('',*,*,#1351,.T.);
#443=ORIENTED_EDGE('',*,*,#1356,.T.);
#444=ORIENTED_EDGE('',*,*,#1349,.F.);
#445=ORIENTED_EDGE('',*,*,#1357,.T.);
#446=ORIENTED_EDGE('',*,*,#1354,.T.);
#447=ORIENTED_EDGE('',*,*,#1358,.T.);
#448=ORIENTED_EDGE('',*,*,#1359,.T.);
#449=ORIENTED_EDGE('',*,*,#1360,.T.);
#450=ORIENTED_EDGE('',*,*,#1361,.F.);
#451=ORIENTED_EDGE('',*,*,#1362,.T.);
#452=ORIENTED_EDGE('',*,*,#1363,.T.);
#453=ORIENTED_EDGE('',*,*,#1364,.T.);
#454=ORIENTED_EDGE('',*,*,#1359,.F.);
#455=ORIENTED_EDGE('',*,*,#1365,.T.);
#456=ORIENTED_EDGE('',*,*,#1366,.T.);
#457=ORIENTED_EDGE('',*,*,#1367,.T.);
#458=ORIENTED_EDGE('',*,*,#1363,.F.);
#459=ORIENTED_EDGE('',*,*,#1368,.T.);
#460=ORIENTED_EDGE('',*,*,#1361,.T.);
#461=ORIENTED_EDGE('',*,*,#1369,.T.);
#462=ORIENTED_EDGE('',*,*,#1366,.F.);
#463=ORIENTED_EDGE('',*,*,#1370,.T.);
#464=ORIENTED_EDGE('',*,*,#1371,.T.);
#465=ORIENTED_EDGE('',*,*,#1194,.T.);
#466=ORIENTED_EDGE('',*,*,#1372,.F.);
#467=ORIENTED_EDGE('',*,*,#1373,.F.);
#468=ORIENTED_EDGE('',*,*,#1115,.T.);
#469=ORIENTED_EDGE('',*,*,#1195,.T.);
#470=ORIENTED_EDGE('',*,*,#1371,.F.);
#471=ORIENTED_EDGE('',*,*,#1374,.F.);
#472=ORIENTED_EDGE('',*,*,#1372,.T.);
#473=ORIENTED_EDGE('',*,*,#1193,.T.);
#474=ORIENTED_EDGE('',*,*,#1117,.F.);
#475=ORIENTED_EDGE('',*,*,#1375,.F.);
#476=ORIENTED_EDGE('',*,*,#1302,.F.);
#477=ORIENTED_EDGE('',*,*,#1116,.T.);
#478=ORIENTED_EDGE('',*,*,#1374,.T.);
#479=ORIENTED_EDGE('',*,*,#1373,.T.);
#480=ORIENTED_EDGE('',*,*,#1375,.T.);
#481=ORIENTED_EDGE('',*,*,#1376,.T.);
#482=ORIENTED_EDGE('',*,*,#1189,.T.);
#483=ORIENTED_EDGE('',*,*,#1377,.F.);
#484=ORIENTED_EDGE('',*,*,#1378,.F.);
#485=ORIENTED_EDGE('',*,*,#1377,.T.);
#486=ORIENTED_EDGE('',*,*,#1188,.T.);
#487=ORIENTED_EDGE('',*,*,#1309,.F.);
#488=ORIENTED_EDGE('',*,*,#1379,.F.);
#489=ORIENTED_EDGE('',*,*,#1307,.T.);
#490=ORIENTED_EDGE('',*,*,#1190,.T.);
#491=ORIENTED_EDGE('',*,*,#1376,.F.);
#492=ORIENTED_EDGE('',*,*,#1380,.F.);
#493=ORIENTED_EDGE('',*,*,#1300,.F.);
#494=ORIENTED_EDGE('',*,*,#1378,.T.);
#495=ORIENTED_EDGE('',*,*,#1379,.T.);
#496=ORIENTED_EDGE('',*,*,#1308,.T.);
#497=ORIENTED_EDGE('',*,*,#1380,.T.);
#498=ORIENTED_EDGE('',*,*,#1304,.T.);
#499=ORIENTED_EDGE('',*,*,#1186,.T.);
#500=ORIENTED_EDGE('',*,*,#1381,.F.);
#501=ORIENTED_EDGE('',*,*,#1382,.F.);
#502=ORIENTED_EDGE('',*,*,#1383,.F.);
#503=ORIENTED_EDGE('',*,*,#1279,.F.);
#504=ORIENTED_EDGE('',*,*,#1170,.T.);
#505=ORIENTED_EDGE('',*,*,#1149,.F.);
#506=ORIENTED_EDGE('',*,*,#1384,.F.);
#507=ORIENTED_EDGE('',*,*,#1381,.T.);
#508=ORIENTED_EDGE('',*,*,#1185,.T.);
#509=ORIENTED_EDGE('',*,*,#1286,.F.);
#510=ORIENTED_EDGE('',*,*,#1295,.F.);
#511=ORIENTED_EDGE('',*,*,#1384,.T.);
#512=ORIENTED_EDGE('',*,*,#1148,.T.);
#513=ORIENTED_EDGE('',*,*,#1305,.T.);
#514=ORIENTED_EDGE('',*,*,#1382,.T.);
#515=ORIENTED_EDGE('',*,*,#1385,.F.);
#516=ORIENTED_EDGE('',*,*,#1266,.F.);
#517=ORIENTED_EDGE('',*,*,#1197,.T.);
#518=ORIENTED_EDGE('',*,*,#1386,.F.);
#519=ORIENTED_EDGE('',*,*,#1387,.F.);
#520=ORIENTED_EDGE('',*,*,#1151,.T.);
#521=ORIENTED_EDGE('',*,*,#1169,.T.);
#522=ORIENTED_EDGE('',*,*,#1273,.F.);
#523=ORIENTED_EDGE('',*,*,#1386,.T.);
#524=ORIENTED_EDGE('',*,*,#1196,.T.);
#525=ORIENTED_EDGE('',*,*,#1113,.F.);
#526=ORIENTED_EDGE('',*,*,#1388,.F.);
#527=ORIENTED_EDGE('',*,*,#1389,.F.);
#528=ORIENTED_EDGE('',*,*,#1112,.T.);
#529=ORIENTED_EDGE('',*,*,#1152,.T.);
#530=ORIENTED_EDGE('',*,*,#1387,.T.);
#531=ORIENTED_EDGE('',*,*,#1388,.T.);
#532=ORIENTED_EDGE('',*,*,#1298,.T.);
#533=ORIENTED_EDGE('',*,*,#1390,.T.);
#534=ORIENTED_EDGE('',*,*,#1250,.T.);
#535=ORIENTED_EDGE('',*,*,#1390,.F.);
#536=ORIENTED_EDGE('',*,*,#1296,.T.);
#537=ORIENTED_EDGE('',*,*,#1391,.T.);
#538=ORIENTED_EDGE('',*,*,#1261,.T.);
#539=ORIENTED_EDGE('',*,*,#1391,.F.);
#540=ORIENTED_EDGE('',*,*,#1392,.T.);
#541=ORIENTED_EDGE('',*,*,#1389,.T.);
#542=ORIENTED_EDGE('',*,*,#1393,.T.);
#543=ORIENTED_EDGE('',*,*,#1303,.T.);
#544=ORIENTED_EDGE('',*,*,#1393,.F.);
#545=ORIENTED_EDGE('',*,*,#1231,.T.);
#546=ORIENTED_EDGE('',*,*,#1394,.T.);
#547=ORIENTED_EDGE('',*,*,#1301,.T.);
#548=ORIENTED_EDGE('',*,*,#1394,.F.);
#549=ORIENTED_EDGE('',*,*,#1229,.T.);
#550=ORIENTED_EDGE('',*,*,#1395,.T.);
#551=ORIENTED_EDGE('',*,*,#1299,.T.);
#552=ORIENTED_EDGE('',*,*,#1395,.F.);
#553=ORIENTED_EDGE('',*,*,#1232,.T.);
#554=ORIENTED_EDGE('',*,*,#1396,.T.);
#555=ORIENTED_EDGE('',*,*,#1297,.T.);
#556=ORIENTED_EDGE('',*,*,#1396,.F.);
#557=ORIENTED_EDGE('',*,*,#1230,.T.);
#558=ORIENTED_EDGE('',*,*,#1272,.F.);
#559=ORIENTED_EDGE('',*,*,#1397,.F.);
#560=ORIENTED_EDGE('',*,*,#1398,.F.);
#561=ORIENTED_EDGE('',*,*,#1399,.F.);
#562=ORIENTED_EDGE('',*,*,#1270,.F.);
#563=ORIENTED_EDGE('',*,*,#1277,.F.);
#564=ORIENTED_EDGE('',*,*,#1400,.F.);
#565=ORIENTED_EDGE('',*,*,#1401,.F.);
#566=ORIENTED_EDGE('',*,*,#1274,.F.);
#567=ORIENTED_EDGE('',*,*,#1263,.T.);
#568=ORIENTED_EDGE('',*,*,#1402,.F.);
#569=ORIENTED_EDGE('',*,*,#1403,.F.);
#570=ORIENTED_EDGE('',*,*,#1404,.F.);
#571=ORIENTED_EDGE('',*,*,#1267,.T.);
#572=ORIENTED_EDGE('',*,*,#1385,.T.);
#573=ORIENTED_EDGE('',*,*,#1392,.F.);
#574=ORIENTED_EDGE('',*,*,#1405,.T.);
#575=ORIENTED_EDGE('',*,*,#1210,.T.);
#576=ORIENTED_EDGE('',*,*,#1405,.F.);
#577=ORIENTED_EDGE('',*,*,#1285,.F.);
#578=ORIENTED_EDGE('',*,*,#1406,.F.);
#579=ORIENTED_EDGE('',*,*,#1407,.F.);
#580=ORIENTED_EDGE('',*,*,#1408,.F.);
#581=ORIENTED_EDGE('',*,*,#1289,.F.);
#582=ORIENTED_EDGE('',*,*,#1293,.F.);
#583=ORIENTED_EDGE('',*,*,#1409,.F.);
#584=ORIENTED_EDGE('',*,*,#1410,.F.);
#585=ORIENTED_EDGE('',*,*,#1290,.F.);
#586=ORIENTED_EDGE('',*,*,#1282,.T.);
#587=ORIENTED_EDGE('',*,*,#1411,.F.);
#588=ORIENTED_EDGE('',*,*,#1412,.F.);
#589=ORIENTED_EDGE('',*,*,#1413,.F.);
#590=ORIENTED_EDGE('',*,*,#1280,.T.);
#591=ORIENTED_EDGE('',*,*,#1383,.T.);
#592=ORIENTED_EDGE('',*,*,#1294,.F.);
#593=ORIENTED_EDGE('',*,*,#1414,.T.);
#594=ORIENTED_EDGE('',*,*,#1211,.T.);
#595=ORIENTED_EDGE('',*,*,#1414,.F.);
#596=ORIENTED_EDGE('',*,*,#1178,.F.);
#597=ORIENTED_EDGE('',*,*,#1415,.F.);
#598=ORIENTED_EDGE('',*,*,#1409,.T.);
#599=ORIENTED_EDGE('',*,*,#1292,.F.);
#600=ORIENTED_EDGE('',*,*,#1410,.T.);
#601=ORIENTED_EDGE('',*,*,#1415,.T.);
#602=ORIENTED_EDGE('',*,*,#1177,.F.);
#603=ORIENTED_EDGE('',*,*,#1291,.F.);
#604=ORIENTED_EDGE('',*,*,#1407,.T.);
#605=ORIENTED_EDGE('',*,*,#1416,.T.);
#606=ORIENTED_EDGE('',*,*,#1182,.F.);
#607=ORIENTED_EDGE('',*,*,#1417,.F.);
#608=ORIENTED_EDGE('',*,*,#1287,.T.);
#609=ORIENTED_EDGE('',*,*,#1408,.T.);
#610=ORIENTED_EDGE('',*,*,#1417,.T.);
#611=ORIENTED_EDGE('',*,*,#1181,.F.);
#612=ORIENTED_EDGE('',*,*,#1284,.T.);
#613=ORIENTED_EDGE('',*,*,#1183,.F.);
#614=ORIENTED_EDGE('',*,*,#1416,.F.);
#615=ORIENTED_EDGE('',*,*,#1406,.T.);
#616=ORIENTED_EDGE('',*,*,#1278,.T.);
#617=ORIENTED_EDGE('',*,*,#1413,.T.);
#618=ORIENTED_EDGE('',*,*,#1418,.T.);
#619=ORIENTED_EDGE('',*,*,#1172,.F.);
#620=ORIENTED_EDGE('',*,*,#1281,.T.);
#621=ORIENTED_EDGE('',*,*,#1174,.F.);
#622=ORIENTED_EDGE('',*,*,#1419,.F.);
#623=ORIENTED_EDGE('',*,*,#1411,.T.);
#624=ORIENTED_EDGE('',*,*,#1412,.T.);
#625=ORIENTED_EDGE('',*,*,#1419,.T.);
#626=ORIENTED_EDGE('',*,*,#1173,.F.);
#627=ORIENTED_EDGE('',*,*,#1418,.F.);
#628=ORIENTED_EDGE('',*,*,#1205,.F.);
#629=ORIENTED_EDGE('',*,*,#1420,.F.);
#630=ORIENTED_EDGE('',*,*,#1400,.T.);
#631=ORIENTED_EDGE('',*,*,#1276,.F.);
#632=ORIENTED_EDGE('',*,*,#1401,.T.);
#633=ORIENTED_EDGE('',*,*,#1420,.T.);
#634=ORIENTED_EDGE('',*,*,#1204,.F.);
#635=ORIENTED_EDGE('',*,*,#1275,.F.);
#636=ORIENTED_EDGE('',*,*,#1398,.T.);
#637=ORIENTED_EDGE('',*,*,#1421,.T.);
#638=ORIENTED_EDGE('',*,*,#1209,.F.);
#639=ORIENTED_EDGE('',*,*,#1422,.F.);
#640=ORIENTED_EDGE('',*,*,#1271,.T.);
#641=ORIENTED_EDGE('',*,*,#1167,.F.);
#642=ORIENTED_EDGE('',*,*,#1421,.F.);
#643=ORIENTED_EDGE('',*,*,#1397,.T.);
#644=ORIENTED_EDGE('',*,*,#1268,.T.);
#645=ORIENTED_EDGE('',*,*,#1399,.T.);
#646=ORIENTED_EDGE('',*,*,#1422,.T.);
#647=ORIENTED_EDGE('',*,*,#1208,.F.);
#648=ORIENTED_EDGE('',*,*,#1265,.T.);
#649=ORIENTED_EDGE('',*,*,#1404,.T.);
#650=ORIENTED_EDGE('',*,*,#1423,.T.);
#651=ORIENTED_EDGE('',*,*,#1199,.F.);
#652=ORIENTED_EDGE('',*,*,#1262,.T.);
#653=ORIENTED_EDGE('',*,*,#1201,.F.);
#654=ORIENTED_EDGE('',*,*,#1424,.F.);
#655=ORIENTED_EDGE('',*,*,#1402,.T.);
#656=ORIENTED_EDGE('',*,*,#1403,.T.);
#657=ORIENTED_EDGE('',*,*,#1424,.T.);
#658=ORIENTED_EDGE('',*,*,#1200,.F.);
#659=ORIENTED_EDGE('',*,*,#1423,.F.);
#660=ORIENTED_EDGE('',*,*,#1425,.T.);
#661=ORIENTED_EDGE('',*,*,#1426,.T.);
#662=ORIENTED_EDGE('',*,*,#1341,.T.);
#663=ORIENTED_EDGE('',*,*,#1141,.F.);
#664=ORIENTED_EDGE('',*,*,#1427,.F.);
#665=ORIENTED_EDGE('',*,*,#1342,.T.);
#666=ORIENTED_EDGE('',*,*,#1426,.F.);
#667=ORIENTED_EDGE('',*,*,#1428,.T.);
#668=ORIENTED_EDGE('',*,*,#1429,.T.);
#669=ORIENTED_EDGE('',*,*,#1255,.T.);
#670=ORIENTED_EDGE('',*,*,#1430,.F.);
#671=ORIENTED_EDGE('',*,*,#1431,.F.);
#672=ORIENTED_EDGE('',*,*,#1432,.T.);
#673=ORIENTED_EDGE('',*,*,#1139,.T.);
#674=ORIENTED_EDGE('',*,*,#1256,.T.);
#675=ORIENTED_EDGE('',*,*,#1429,.F.);
#676=ORIENTED_EDGE('',*,*,#1140,.F.);
#677=ORIENTED_EDGE('',*,*,#1432,.F.);
#678=ORIENTED_EDGE('',*,*,#1428,.F.);
#679=ORIENTED_EDGE('',*,*,#1425,.F.);
#680=ORIENTED_EDGE('',*,*,#1431,.T.);
#681=ORIENTED_EDGE('',*,*,#1433,.T.);
#682=ORIENTED_EDGE('',*,*,#1335,.T.);
#683=ORIENTED_EDGE('',*,*,#1434,.F.);
#684=ORIENTED_EDGE('',*,*,#1427,.T.);
#685=ORIENTED_EDGE('',*,*,#1434,.T.);
#686=ORIENTED_EDGE('',*,*,#1334,.T.);
#687=ORIENTED_EDGE('',*,*,#1343,.F.);
#688=ORIENTED_EDGE('',*,*,#1430,.T.);
#689=ORIENTED_EDGE('',*,*,#1254,.T.);
#690=ORIENTED_EDGE('',*,*,#1336,.T.);
#691=ORIENTED_EDGE('',*,*,#1433,.F.);
#692=ORIENTED_EDGE('',*,*,#1249,.T.);
#693=ORIENTED_EDGE('',*,*,#1145,.T.);
#694=ORIENTED_EDGE('',*,*,#1435,.F.);
#695=ORIENTED_EDGE('',*,*,#1330,.F.);
#696=ORIENTED_EDGE('',*,*,#1340,.T.);
#697=ORIENTED_EDGE('',*,*,#1332,.F.);
#698=ORIENTED_EDGE('',*,*,#1436,.T.);
#699=ORIENTED_EDGE('',*,*,#1143,.T.);
#700=ORIENTED_EDGE('',*,*,#1144,.T.);
#701=ORIENTED_EDGE('',*,*,#1436,.F.);
#702=ORIENTED_EDGE('',*,*,#1331,.F.);
#703=ORIENTED_EDGE('',*,*,#1435,.T.);
#704=ORIENTED_EDGE('',*,*,#1246,.T.);
#705=ORIENTED_EDGE('',*,*,#1314,.T.);
#706=ORIENTED_EDGE('',*,*,#1437,.F.);
#707=ORIENTED_EDGE('',*,*,#1344,.T.);
#708=ORIENTED_EDGE('',*,*,#1258,.T.);
#709=ORIENTED_EDGE('',*,*,#1346,.F.);
#710=ORIENTED_EDGE('',*,*,#1438,.T.);
#711=ORIENTED_EDGE('',*,*,#1312,.T.);
#712=ORIENTED_EDGE('',*,*,#1345,.T.);
#713=ORIENTED_EDGE('',*,*,#1437,.T.);
#714=ORIENTED_EDGE('',*,*,#1313,.T.);
#715=ORIENTED_EDGE('',*,*,#1438,.F.);
#716=ORIENTED_EDGE('',*,*,#1439,.F.);
#717=ORIENTED_EDGE('',*,*,#1124,.F.);
#718=ORIENTED_EDGE('',*,*,#1440,.F.);
#719=ORIENTED_EDGE('',*,*,#1367,.F.);
#720=ORIENTED_EDGE('',*,*,#1440,.T.);
#721=ORIENTED_EDGE('',*,*,#1127,.F.);
#722=ORIENTED_EDGE('',*,*,#1441,.F.);
#723=ORIENTED_EDGE('',*,*,#1364,.F.);
#724=ORIENTED_EDGE('',*,*,#1439,.T.);
#725=ORIENTED_EDGE('',*,*,#1369,.F.);
#726=ORIENTED_EDGE('',*,*,#1442,.F.);
#727=ORIENTED_EDGE('',*,*,#1125,.F.);
#728=ORIENTED_EDGE('',*,*,#1441,.T.);
#729=ORIENTED_EDGE('',*,*,#1126,.F.);
#730=ORIENTED_EDGE('',*,*,#1442,.T.);
#731=ORIENTED_EDGE('',*,*,#1360,.F.);
#732=ORIENTED_EDGE('',*,*,#1443,.F.);
#733=ORIENTED_EDGE('',*,*,#1319,.F.);
#734=ORIENTED_EDGE('',*,*,#1444,.F.);
#735=ORIENTED_EDGE('',*,*,#1362,.F.);
#736=ORIENTED_EDGE('',*,*,#1444,.T.);
#737=ORIENTED_EDGE('',*,*,#1318,.F.);
#738=ORIENTED_EDGE('',*,*,#1445,.F.);
#739=ORIENTED_EDGE('',*,*,#1365,.F.);
#740=ORIENTED_EDGE('',*,*,#1443,.T.);
#741=ORIENTED_EDGE('',*,*,#1370,.F.);
#742=ORIENTED_EDGE('',*,*,#1446,.F.);
#743=ORIENTED_EDGE('',*,*,#1316,.F.);
#744=ORIENTED_EDGE('',*,*,#1445,.T.);
#745=ORIENTED_EDGE('',*,*,#1317,.F.);
#746=ORIENTED_EDGE('',*,*,#1446,.T.);
#747=ORIENTED_EDGE('',*,*,#1368,.F.);
#748=ORIENTED_EDGE('',*,*,#1447,.F.);
#749=ORIENTED_EDGE('',*,*,#1131,.F.);
#750=ORIENTED_EDGE('',*,*,#1448,.F.);
#751=ORIENTED_EDGE('',*,*,#1357,.F.);
#752=ORIENTED_EDGE('',*,*,#1448,.T.);
#753=ORIENTED_EDGE('',*,*,#1130,.F.);
#754=ORIENTED_EDGE('',*,*,#1449,.F.);
#755=ORIENTED_EDGE('',*,*,#1355,.F.);
#756=ORIENTED_EDGE('',*,*,#1447,.T.);
#757=ORIENTED_EDGE('',*,*,#1348,.F.);
#758=ORIENTED_EDGE('',*,*,#1450,.F.);
#759=ORIENTED_EDGE('',*,*,#1128,.F.);
#760=ORIENTED_EDGE('',*,*,#1449,.T.);
#761=ORIENTED_EDGE('',*,*,#1129,.F.);
#762=ORIENTED_EDGE('',*,*,#1450,.T.);
#763=ORIENTED_EDGE('',*,*,#1352,.F.);
#764=ORIENTED_EDGE('',*,*,#1451,.F.);
#765=ORIENTED_EDGE('',*,*,#1323,.F.);
#766=ORIENTED_EDGE('',*,*,#1452,.F.);
#767=ORIENTED_EDGE('',*,*,#1358,.F.);
#768=ORIENTED_EDGE('',*,*,#1452,.T.);
#769=ORIENTED_EDGE('',*,*,#1322,.F.);
#770=ORIENTED_EDGE('',*,*,#1453,.F.);
#771=ORIENTED_EDGE('',*,*,#1350,.F.);
#772=ORIENTED_EDGE('',*,*,#1451,.T.);
#773=ORIENTED_EDGE('',*,*,#1356,.F.);
#774=ORIENTED_EDGE('',*,*,#1454,.F.);
#775=ORIENTED_EDGE('',*,*,#1320,.F.);
#776=ORIENTED_EDGE('',*,*,#1453,.T.);
#777=ORIENTED_EDGE('',*,*,#1321,.F.);
#778=ORIENTED_EDGE('',*,*,#1454,.T.);
#779=ORIENTED_EDGE('',*,*,#1353,.F.);
#780=ORIENTED_EDGE('',*,*,#1455,.T.);
#781=ORIENTED_EDGE('',*,*,#1456,.F.);
#782=ORIENTED_EDGE('',*,*,#1225,.F.);
#783=ORIENTED_EDGE('',*,*,#1457,.T.);
#784=ORIENTED_EDGE('',*,*,#1458,.T.);
#785=ORIENTED_EDGE('',*,*,#1457,.F.);
#786=ORIENTED_EDGE('',*,*,#1228,.F.);
#787=ORIENTED_EDGE('',*,*,#1459,.T.);
#788=ORIENTED_EDGE('',*,*,#1460,.T.);
#789=ORIENTED_EDGE('',*,*,#1459,.F.);
#790=ORIENTED_EDGE('',*,*,#1227,.F.);
#791=ORIENTED_EDGE('',*,*,#1461,.T.);
#792=ORIENTED_EDGE('',*,*,#1462,.T.);
#793=ORIENTED_EDGE('',*,*,#1461,.F.);
#794=ORIENTED_EDGE('',*,*,#1226,.F.);
#795=ORIENTED_EDGE('',*,*,#1456,.T.);
#796=ORIENTED_EDGE('',*,*,#1463,.T.);
#797=ORIENTED_EDGE('',*,*,#1464,.F.);
#798=ORIENTED_EDGE('',*,*,#1221,.F.);
#799=ORIENTED_EDGE('',*,*,#1465,.T.);
#800=ORIENTED_EDGE('',*,*,#1466,.T.);
#801=ORIENTED_EDGE('',*,*,#1465,.F.);
#802=ORIENTED_EDGE('',*,*,#1224,.F.);
#803=ORIENTED_EDGE('',*,*,#1467,.T.);
#804=ORIENTED_EDGE('',*,*,#1468,.T.);
#805=ORIENTED_EDGE('',*,*,#1467,.F.);
#806=ORIENTED_EDGE('',*,*,#1223,.F.);
#807=ORIENTED_EDGE('',*,*,#1469,.T.);
#808=ORIENTED_EDGE('',*,*,#1470,.T.);
#809=ORIENTED_EDGE('',*,*,#1469,.F.);
#810=ORIENTED_EDGE('',*,*,#1222,.F.);
#811=ORIENTED_EDGE('',*,*,#1464,.T.);
#812=ORIENTED_EDGE('',*,*,#1163,.T.);
#813=ORIENTED_EDGE('',*,*,#1471,.F.);
#814=ORIENTED_EDGE('',*,*,#1472,.F.);
#815=ORIENTED_EDGE('',*,*,#1473,.T.);
#816=ORIENTED_EDGE('',*,*,#1166,.T.);
#817=ORIENTED_EDGE('',*,*,#1474,.F.);
#818=ORIENTED_EDGE('',*,*,#1475,.F.);
#819=ORIENTED_EDGE('',*,*,#1471,.T.);
#820=ORIENTED_EDGE('',*,*,#1165,.T.);
#821=ORIENTED_EDGE('',*,*,#1476,.F.);
#822=ORIENTED_EDGE('',*,*,#1477,.F.);
#823=ORIENTED_EDGE('',*,*,#1474,.T.);
#824=ORIENTED_EDGE('',*,*,#1164,.T.);
#825=ORIENTED_EDGE('',*,*,#1473,.F.);
#826=ORIENTED_EDGE('',*,*,#1478,.F.);
#827=ORIENTED_EDGE('',*,*,#1476,.T.);
#828=ORIENTED_EDGE('',*,*,#1472,.T.);
#829=ORIENTED_EDGE('',*,*,#1475,.T.);
#830=ORIENTED_EDGE('',*,*,#1477,.T.);
#831=ORIENTED_EDGE('',*,*,#1478,.T.);
#832=ORIENTED_EDGE('',*,*,#1212,.T.);
#833=ORIENTED_EDGE('',*,*,#1479,.F.);
#834=ORIENTED_EDGE('',*,*,#1480,.F.);
#835=ORIENTED_EDGE('',*,*,#1481,.T.);
#836=ORIENTED_EDGE('',*,*,#1215,.T.);
#837=ORIENTED_EDGE('',*,*,#1482,.F.);
#838=ORIENTED_EDGE('',*,*,#1483,.F.);
#839=ORIENTED_EDGE('',*,*,#1479,.T.);
#840=ORIENTED_EDGE('',*,*,#1214,.T.);
#841=ORIENTED_EDGE('',*,*,#1484,.F.);
#842=ORIENTED_EDGE('',*,*,#1485,.F.);
#843=ORIENTED_EDGE('',*,*,#1482,.T.);
#844=ORIENTED_EDGE('',*,*,#1213,.T.);
#845=ORIENTED_EDGE('',*,*,#1481,.F.);
#846=ORIENTED_EDGE('',*,*,#1486,.F.);
#847=ORIENTED_EDGE('',*,*,#1484,.T.);
#848=ORIENTED_EDGE('',*,*,#1480,.T.);
#849=ORIENTED_EDGE('',*,*,#1483,.T.);
#850=ORIENTED_EDGE('',*,*,#1485,.T.);
#851=ORIENTED_EDGE('',*,*,#1486,.T.);
#852=ORIENTED_EDGE('',*,*,#1487,.F.);
#853=ORIENTED_EDGE('',*,*,#1488,.F.);
#854=ORIENTED_EDGE('',*,*,#1489,.T.);
#855=ORIENTED_EDGE('',*,*,#1490,.T.);
#856=ORIENTED_EDGE('',*,*,#1491,.F.);
#857=ORIENTED_EDGE('',*,*,#1490,.F.);
#858=ORIENTED_EDGE('',*,*,#1492,.T.);
#859=ORIENTED_EDGE('',*,*,#1493,.T.);
#860=ORIENTED_EDGE('',*,*,#1494,.F.);
#861=ORIENTED_EDGE('',*,*,#1493,.F.);
#862=ORIENTED_EDGE('',*,*,#1495,.T.);
#863=ORIENTED_EDGE('',*,*,#1496,.T.);
#864=ORIENTED_EDGE('',*,*,#1497,.F.);
#865=ORIENTED_EDGE('',*,*,#1496,.F.);
#866=ORIENTED_EDGE('',*,*,#1498,.T.);
#867=ORIENTED_EDGE('',*,*,#1488,.T.);
#868=ORIENTED_EDGE('',*,*,#1489,.F.);
#869=ORIENTED_EDGE('',*,*,#1498,.F.);
#870=ORIENTED_EDGE('',*,*,#1495,.F.);
#871=ORIENTED_EDGE('',*,*,#1492,.F.);
#872=ORIENTED_EDGE('',*,*,#1455,.F.);
#873=ORIENTED_EDGE('',*,*,#1458,.F.);
#874=ORIENTED_EDGE('',*,*,#1460,.F.);
#875=ORIENTED_EDGE('',*,*,#1462,.F.);
#876=ORIENTED_EDGE('',*,*,#1487,.T.);
#877=ORIENTED_EDGE('',*,*,#1491,.T.);
#878=ORIENTED_EDGE('',*,*,#1494,.T.);
#879=ORIENTED_EDGE('',*,*,#1497,.T.);
#880=ORIENTED_EDGE('',*,*,#1499,.F.);
#881=ORIENTED_EDGE('',*,*,#1500,.F.);
#882=ORIENTED_EDGE('',*,*,#1501,.T.);
#883=ORIENTED_EDGE('',*,*,#1502,.T.);
#884=ORIENTED_EDGE('',*,*,#1503,.F.);
#885=ORIENTED_EDGE('',*,*,#1502,.F.);
#886=ORIENTED_EDGE('',*,*,#1504,.T.);
#887=ORIENTED_EDGE('',*,*,#1505,.T.);
#888=ORIENTED_EDGE('',*,*,#1506,.F.);
#889=ORIENTED_EDGE('',*,*,#1505,.F.);
#890=ORIENTED_EDGE('',*,*,#1507,.T.);
#891=ORIENTED_EDGE('',*,*,#1508,.T.);
#892=ORIENTED_EDGE('',*,*,#1509,.F.);
#893=ORIENTED_EDGE('',*,*,#1508,.F.);
#894=ORIENTED_EDGE('',*,*,#1510,.T.);
#895=ORIENTED_EDGE('',*,*,#1500,.T.);
#896=ORIENTED_EDGE('',*,*,#1501,.F.);
#897=ORIENTED_EDGE('',*,*,#1510,.F.);
#898=ORIENTED_EDGE('',*,*,#1507,.F.);
#899=ORIENTED_EDGE('',*,*,#1504,.F.);
#900=ORIENTED_EDGE('',*,*,#1463,.F.);
#901=ORIENTED_EDGE('',*,*,#1466,.F.);
#902=ORIENTED_EDGE('',*,*,#1468,.F.);
#903=ORIENTED_EDGE('',*,*,#1470,.F.);
#904=ORIENTED_EDGE('',*,*,#1499,.T.);
#905=ORIENTED_EDGE('',*,*,#1503,.T.);
#906=ORIENTED_EDGE('',*,*,#1506,.T.);
#907=ORIENTED_EDGE('',*,*,#1509,.T.);
#908=ORIENTED_EDGE('',*,*,#1511,.F.);
#909=ORIENTED_EDGE('',*,*,#1512,.F.);
#910=ORIENTED_EDGE('',*,*,#1234,.T.);
#911=ORIENTED_EDGE('',*,*,#1513,.T.);
#912=ORIENTED_EDGE('',*,*,#1514,.F.);
#913=ORIENTED_EDGE('',*,*,#1513,.F.);
#914=ORIENTED_EDGE('',*,*,#1233,.T.);
#915=ORIENTED_EDGE('',*,*,#1515,.T.);
#916=ORIENTED_EDGE('',*,*,#1516,.F.);
#917=ORIENTED_EDGE('',*,*,#1515,.F.);
#918=ORIENTED_EDGE('',*,*,#1236,.T.);
#919=ORIENTED_EDGE('',*,*,#1517,.T.);
#920=ORIENTED_EDGE('',*,*,#1518,.F.);
#921=ORIENTED_EDGE('',*,*,#1517,.F.);
#922=ORIENTED_EDGE('',*,*,#1235,.T.);
#923=ORIENTED_EDGE('',*,*,#1512,.T.);
#924=ORIENTED_EDGE('',*,*,#1519,.F.);
#925=ORIENTED_EDGE('',*,*,#1520,.F.);
#926=ORIENTED_EDGE('',*,*,#1238,.T.);
#927=ORIENTED_EDGE('',*,*,#1521,.T.);
#928=ORIENTED_EDGE('',*,*,#1522,.F.);
#929=ORIENTED_EDGE('',*,*,#1521,.F.);
#930=ORIENTED_EDGE('',*,*,#1237,.T.);
#931=ORIENTED_EDGE('',*,*,#1523,.T.);
#932=ORIENTED_EDGE('',*,*,#1524,.F.);
#933=ORIENTED_EDGE('',*,*,#1523,.F.);
#934=ORIENTED_EDGE('',*,*,#1240,.T.);
#935=ORIENTED_EDGE('',*,*,#1525,.T.);
#936=ORIENTED_EDGE('',*,*,#1526,.F.);
#937=ORIENTED_EDGE('',*,*,#1525,.F.);
#938=ORIENTED_EDGE('',*,*,#1239,.T.);
#939=ORIENTED_EDGE('',*,*,#1520,.T.);
#940=ORIENTED_EDGE('',*,*,#1160,.F.);
#941=ORIENTED_EDGE('',*,*,#1527,.F.);
#942=ORIENTED_EDGE('',*,*,#1528,.T.);
#943=ORIENTED_EDGE('',*,*,#1529,.T.);
#944=ORIENTED_EDGE('',*,*,#1530,.F.);
#945=ORIENTED_EDGE('',*,*,#1157,.F.);
#946=ORIENTED_EDGE('',*,*,#1531,.F.);
#947=ORIENTED_EDGE('',*,*,#1532,.T.);
#948=ORIENTED_EDGE('',*,*,#1527,.T.);
#949=ORIENTED_EDGE('',*,*,#1159,.F.);
#950=ORIENTED_EDGE('',*,*,#1162,.F.);
#951=ORIENTED_EDGE('',*,*,#1533,.F.);
#952=ORIENTED_EDGE('',*,*,#1534,.T.);
#953=ORIENTED_EDGE('',*,*,#1531,.T.);
#954=ORIENTED_EDGE('',*,*,#1161,.F.);
#955=ORIENTED_EDGE('',*,*,#1529,.F.);
#956=ORIENTED_EDGE('',*,*,#1535,.T.);
#957=ORIENTED_EDGE('',*,*,#1533,.T.);
#958=ORIENTED_EDGE('',*,*,#1528,.F.);
#959=ORIENTED_EDGE('',*,*,#1532,.F.);
#960=ORIENTED_EDGE('',*,*,#1534,.F.);
#961=ORIENTED_EDGE('',*,*,#1535,.F.);
#962=ORIENTED_EDGE('',*,*,#1154,.F.);
#963=ORIENTED_EDGE('',*,*,#1536,.F.);
#964=ORIENTED_EDGE('',*,*,#1537,.T.);
#965=ORIENTED_EDGE('',*,*,#1538,.T.);
#966=ORIENTED_EDGE('',*,*,#1153,.F.);
#967=ORIENTED_EDGE('',*,*,#1539,.F.);
#968=ORIENTED_EDGE('',*,*,#1540,.T.);
#969=ORIENTED_EDGE('',*,*,#1536,.T.);
#970=ORIENTED_EDGE('',*,*,#1156,.F.);
#971=ORIENTED_EDGE('',*,*,#1541,.F.);
#972=ORIENTED_EDGE('',*,*,#1542,.T.);
#973=ORIENTED_EDGE('',*,*,#1539,.T.);
#974=ORIENTED_EDGE('',*,*,#1155,.F.);
#975=ORIENTED_EDGE('',*,*,#1538,.F.);
#976=ORIENTED_EDGE('',*,*,#1543,.T.);
#977=ORIENTED_EDGE('',*,*,#1541,.T.);
#978=ORIENTED_EDGE('',*,*,#1537,.F.);
#979=ORIENTED_EDGE('',*,*,#1540,.F.);
#980=ORIENTED_EDGE('',*,*,#1542,.F.);
#981=ORIENTED_EDGE('',*,*,#1543,.F.);
#982=ORIENTED_EDGE('',*,*,#1544,.F.);
#983=ORIENTED_EDGE('',*,*,#1545,.F.);
#984=ORIENTED_EDGE('',*,*,#1546,.F.);
#985=ORIENTED_EDGE('',*,*,#1547,.F.);
#986=ORIENTED_EDGE('',*,*,#1511,.T.);
#987=ORIENTED_EDGE('',*,*,#1514,.T.);
#988=ORIENTED_EDGE('',*,*,#1516,.T.);
#989=ORIENTED_EDGE('',*,*,#1518,.T.);
#990=ORIENTED_EDGE('',*,*,#1544,.T.);
#991=ORIENTED_EDGE('',*,*,#1548,.F.);
#992=ORIENTED_EDGE('',*,*,#1549,.F.);
#993=ORIENTED_EDGE('',*,*,#1550,.T.);
#994=ORIENTED_EDGE('',*,*,#1545,.T.);
#995=ORIENTED_EDGE('',*,*,#1550,.F.);
#996=ORIENTED_EDGE('',*,*,#1551,.F.);
#997=ORIENTED_EDGE('',*,*,#1552,.T.);
#998=ORIENTED_EDGE('',*,*,#1546,.T.);
#999=ORIENTED_EDGE('',*,*,#1552,.F.);
#1000=ORIENTED_EDGE('',*,*,#1553,.F.);
#1001=ORIENTED_EDGE('',*,*,#1554,.T.);
#1002=ORIENTED_EDGE('',*,*,#1547,.T.);
#1003=ORIENTED_EDGE('',*,*,#1554,.F.);
#1004=ORIENTED_EDGE('',*,*,#1555,.F.);
#1005=ORIENTED_EDGE('',*,*,#1548,.T.);
#1006=ORIENTED_EDGE('',*,*,#1549,.T.);
#1007=ORIENTED_EDGE('',*,*,#1555,.T.);
#1008=ORIENTED_EDGE('',*,*,#1553,.T.);
#1009=ORIENTED_EDGE('',*,*,#1551,.T.);
#1010=ORIENTED_EDGE('',*,*,#1556,.F.);
#1011=ORIENTED_EDGE('',*,*,#1557,.F.);
#1012=ORIENTED_EDGE('',*,*,#1558,.F.);
#1013=ORIENTED_EDGE('',*,*,#1559,.F.);
#1014=ORIENTED_EDGE('',*,*,#1519,.T.);
#1015=ORIENTED_EDGE('',*,*,#1522,.T.);
#1016=ORIENTED_EDGE('',*,*,#1524,.T.);
#1017=ORIENTED_EDGE('',*,*,#1526,.T.);
#1018=ORIENTED_EDGE('',*,*,#1556,.T.);
#1019=ORIENTED_EDGE('',*,*,#1560,.F.);
#1020=ORIENTED_EDGE('',*,*,#1561,.F.);
#1021=ORIENTED_EDGE('',*,*,#1562,.T.);
#1022=ORIENTED_EDGE('',*,*,#1557,.T.);
#1023=ORIENTED_EDGE('',*,*,#1562,.F.);
#1024=ORIENTED_EDGE('',*,*,#1563,.F.);
#1025=ORIENTED_EDGE('',*,*,#1564,.T.);
#1026=ORIENTED_EDGE('',*,*,#1558,.T.);
#1027=ORIENTED_EDGE('',*,*,#1564,.F.);
#1028=ORIENTED_EDGE('',*,*,#1565,.F.);
#1029=ORIENTED_EDGE('',*,*,#1566,.T.);
#1030=ORIENTED_EDGE('',*,*,#1559,.T.);
#1031=ORIENTED_EDGE('',*,*,#1566,.F.);
#1032=ORIENTED_EDGE('',*,*,#1567,.F.);
#1033=ORIENTED_EDGE('',*,*,#1560,.T.);
#1034=ORIENTED_EDGE('',*,*,#1561,.T.);
#1035=ORIENTED_EDGE('',*,*,#1567,.T.);
#1036=ORIENTED_EDGE('',*,*,#1565,.T.);
#1037=ORIENTED_EDGE('',*,*,#1563,.T.);
#1038=ORIENTED_EDGE('',*,*,#1260,.F.);
#1039=ORIENTED_EDGE('',*,*,#1311,.F.);
#1040=ORIENTED_EDGE('',*,*,#1568,.F.);
#1041=ORIENTED_EDGE('',*,*,#1326,.F.);
#1042=ORIENTED_EDGE('',*,*,#1244,.F.);
#1043=ORIENTED_EDGE('',*,*,#1339,.F.);
#1044=ORIENTED_EDGE('',*,*,#1569,.F.);
#1045=ORIENTED_EDGE('',*,*,#1315,.F.);
#1046=ORIENTED_EDGE('',*,*,#1570,.F.);
#1047=ORIENTED_EDGE('',*,*,#1310,.F.);
#1048=ORIENTED_EDGE('',*,*,#1571,.F.);
#1049=ORIENTED_EDGE('',*,*,#1220,.F.);
#1050=ORIENTED_EDGE('',*,*,#1568,.T.);
#1051=ORIENTED_EDGE('',*,*,#1570,.T.);
#1052=ORIENTED_EDGE('',*,*,#1572,.F.);
#1053=ORIENTED_EDGE('',*,*,#1571,.T.);
#1054=ORIENTED_EDGE('',*,*,#1569,.T.);
#1055=ORIENTED_EDGE('',*,*,#1573,.F.);
#1056=ORIENTED_EDGE('',*,*,#1572,.T.);
#1057=ORIENTED_EDGE('',*,*,#1219,.F.);
#1058=ORIENTED_EDGE('',*,*,#1574,.F.);
#1059=ORIENTED_EDGE('',*,*,#1324,.F.);
#1060=ORIENTED_EDGE('',*,*,#1252,.F.);
#1061=ORIENTED_EDGE('',*,*,#1325,.F.);
#1062=ORIENTED_EDGE('',*,*,#1575,.F.);
#1063=ORIENTED_EDGE('',*,*,#1327,.F.);
#1064=ORIENTED_EDGE('',*,*,#1242,.F.);
#1065=ORIENTED_EDGE('',*,*,#1329,.F.);
#1066=ORIENTED_EDGE('',*,*,#1576,.F.);
#1067=ORIENTED_EDGE('',*,*,#1337,.F.);
#1068=ORIENTED_EDGE('',*,*,#1573,.T.);
#1069=ORIENTED_EDGE('',*,*,#1338,.F.);
#1070=ORIENTED_EDGE('',*,*,#1577,.F.);
#1071=ORIENTED_EDGE('',*,*,#1217,.F.);
#1072=ORIENTED_EDGE('',*,*,#1575,.T.);
#1073=ORIENTED_EDGE('',*,*,#1574,.T.);
#1074=ORIENTED_EDGE('',*,*,#1578,.F.);
#1075=ORIENTED_EDGE('',*,*,#1577,.T.);
#1076=ORIENTED_EDGE('',*,*,#1576,.T.);
#1077=ORIENTED_EDGE('',*,*,#1579,.F.);
#1078=ORIENTED_EDGE('',*,*,#1578,.T.);
#1079=ORIENTED_EDGE('',*,*,#1218,.F.);
#1080=ORIENTED_EDGE('',*,*,#1579,.T.);
#1081=ORIENTED_EDGE('',*,*,#1328,.F.);
#1082=ORIENTED_EDGE('',*,*,#1580,.F.);
#1083=ORIENTED_EDGE('',*,*,#1581,.T.);
#1084=ORIENTED_EDGE('',*,*,#1136,.T.);
#1085=ORIENTED_EDGE('',*,*,#1110,.F.);
#1086=ORIENTED_EDGE('',*,*,#1582,.F.);
#1087=ORIENTED_EDGE('',*,*,#1122,.T.);
#1088=ORIENTED_EDGE('',*,*,#1137,.T.);
#1089=ORIENTED_EDGE('',*,*,#1581,.F.);
#1090=ORIENTED_EDGE('',*,*,#1582,.T.);
#1091=ORIENTED_EDGE('',*,*,#1580,.T.);
#1092=ORIENTED_EDGE('',*,*,#1123,.T.);
#1093=ORIENTED_EDGE('',*,*,#1583,.F.);
#1094=ORIENTED_EDGE('',*,*,#1584,.F.);
#1095=ORIENTED_EDGE('',*,*,#1132,.F.);
#1096=ORIENTED_EDGE('',*,*,#1585,.F.);
#1097=ORIENTED_EDGE('',*,*,#1586,.T.);
#1098=ORIENTED_EDGE('',*,*,#1133,.T.);
#1099=ORIENTED_EDGE('',*,*,#1584,.T.);
#1100=ORIENTED_EDGE('',*,*,#1135,.F.);
#1101=ORIENTED_EDGE('',*,*,#1587,.T.);
#1102=ORIENTED_EDGE('',*,*,#1585,.T.);
#1103=ORIENTED_EDGE('',*,*,#1583,.T.);
#1104=ORIENTED_EDGE('',*,*,#1134,.F.);
#1105=ORIENTED_EDGE('',*,*,#1586,.F.);
#1106=ORIENTED_EDGE('',*,*,#1587,.F.);
#1107=ORIENTED_EDGE('',*,*,#1216,.F.);
#1108=ORIENTED_EDGE('',*,*,#1530,.T.);
#1109=ORIENTED_EDGE('',*,*,#1158,.F.);
#1110=EDGE_CURVE('',#1588,#1589,#1907,.T.);
#1111=EDGE_CURVE('',#1590,#1589,#1908,.T.);
#1112=EDGE_CURVE('',#1591,#1590,#1909,.T.);
#1113=EDGE_CURVE('',#1591,#1592,#1910,.T.);
#1114=EDGE_CURVE('',#1593,#1592,#1911,.T.);
#1115=EDGE_CURVE('',#1594,#1593,#1912,.T.);
#1116=EDGE_CURVE('',#1595,#1594,#1913,.T.);
#1117=EDGE_CURVE('',#1595,#1596,#1914,.T.);
#1118=EDGE_CURVE('',#1597,#1596,#1915,.T.);
#1119=EDGE_CURVE('',#1597,#1598,#1916,.T.);
#1120=EDGE_CURVE('',#1598,#1599,#1917,.T.);
#1121=EDGE_CURVE('',#1600,#1599,#1918,.T.);
#1122=EDGE_CURVE('',#1601,#1600,#1919,.T.);
#1123=EDGE_CURVE('',#1588,#1601,#1920,.T.);
#1124=EDGE_CURVE('',#1602,#1603,#106,.T.);
#1125=EDGE_CURVE('',#1603,#1604,#107,.T.);
#1126=EDGE_CURVE('',#1604,#1605,#108,.T.);
#1127=EDGE_CURVE('',#1605,#1602,#109,.T.);
#1128=EDGE_CURVE('',#1606,#1607,#110,.T.);
#1129=EDGE_CURVE('',#1607,#1608,#111,.T.);
#1130=EDGE_CURVE('',#1608,#1609,#112,.T.);
#1131=EDGE_CURVE('',#1609,#1606,#113,.T.);
#1132=EDGE_CURVE('',#1610,#1611,#1921,.T.);
#1133=EDGE_CURVE('',#1612,#1611,#1922,.T.);
#1134=EDGE_CURVE('',#1612,#1613,#1923,.T.);
#1135=EDGE_CURVE('',#1613,#1610,#1924,.T.);
#1136=EDGE_CURVE('',#1614,#1589,#1925,.T.);
#1137=EDGE_CURVE('',#1600,#1614,#1926,.T.);
#1138=EDGE_CURVE('',#1599,#1615,#1927,.T.);
#1139=EDGE_CURVE('',#1616,#1615,#1928,.T.);
#1140=EDGE_CURVE('',#1616,#1617,#1929,.T.);
#1141=EDGE_CURVE('',#1617,#1618,#1930,.T.);
#1142=EDGE_CURVE('',#1618,#1619,#1931,.T.);
#1143=EDGE_CURVE('',#1620,#1619,#1932,.T.);
#1144=EDGE_CURVE('',#1621,#1620,#1933,.T.);
#1145=EDGE_CURVE('',#1622,#1621,#1934,.T.);
#1146=EDGE_CURVE('',#1622,#1623,#1935,.T.);
#1147=EDGE_CURVE('',#1624,#1623,#1936,.T.);
#1148=EDGE_CURVE('',#1625,#1624,#1937,.T.);
#1149=EDGE_CURVE('',#1625,#1626,#1938,.T.);
#1150=EDGE_CURVE('',#1627,#1626,#1939,.T.);
#1151=EDGE_CURVE('',#1628,#1627,#1940,.T.);
#1152=EDGE_CURVE('',#1590,#1628,#1941,.T.);
#1153=EDGE_CURVE('',#1629,#1630,#1942,.T.);
#1154=EDGE_CURVE('',#1630,#1631,#1943,.T.);
#1155=EDGE_CURVE('',#1631,#1632,#1944,.T.);
#1156=EDGE_CURVE('',#1632,#1629,#1945,.T.);
#1157=EDGE_CURVE('',#1633,#1634,#1946,.T.);
#1158=EDGE_CURVE('',#1634,#1635,#60,.T.);
#1159=EDGE_CURVE('',#1635,#1636,#1947,.T.);
#1160=EDGE_CURVE('',#1636,#1637,#1948,.T.);
#1161=EDGE_CURVE('',#1637,#1638,#1949,.T.);
#1162=EDGE_CURVE('',#1638,#1633,#1950,.T.);
#1163=EDGE_CURVE('',#1639,#1640,#1951,.T.);
#1164=EDGE_CURVE('',#1641,#1639,#1952,.T.);
#1165=EDGE_CURVE('',#1642,#1641,#1953,.T.);
#1166=EDGE_CURVE('',#1640,#1642,#1954,.T.);
#1167=EDGE_CURVE('',#1643,#1644,#1955,.T.);
#1168=EDGE_CURVE('',#1644,#1645,#1956,.T.);
#1169=EDGE_CURVE('',#1627,#1645,#1957,.T.);
#1170=EDGE_CURVE('',#1646,#1626,#1958,.T.);
#1171=EDGE_CURVE('',#1647,#1646,#1959,.T.);
#1172=EDGE_CURVE('',#1647,#1648,#1960,.T.);
#1173=EDGE_CURVE('',#1648,#1649,#1961,.T.);
#1174=EDGE_CURVE('',#1649,#1650,#1962,.T.);
#1175=EDGE_CURVE('',#1651,#1650,#1963,.T.);
#1176=EDGE_CURVE('',#1652,#1651,#1964,.T.);
#1177=EDGE_CURVE('',#1652,#1653,#1965,.T.);
#1178=EDGE_CURVE('',#1653,#1654,#1966,.T.);
#1179=EDGE_CURVE('',#1655,#1654,#1967,.T.);
#1180=EDGE_CURVE('',#1655,#1656,#1968,.T.);
#1181=EDGE_CURVE('',#1656,#1657,#1969,.T.);
#1182=EDGE_CURVE('',#1657,#1658,#1970,.T.);
#1183=EDGE_CURVE('',#1658,#1659,#1971,.T.);
#1184=EDGE_CURVE('',#1659,#1660,#1972,.T.);
#1185=EDGE_CURVE('',#1661,#1660,#1973,.T.);
#1186=EDGE_CURVE('',#1662,#1661,#1974,.T.);
#1187=EDGE_CURVE('',#1662,#1663,#1975,.T.);
#1188=EDGE_CURVE('',#1664,#1663,#1976,.T.);
#1189=EDGE_CURVE('',#1665,#1664,#1977,.T.);
#1190=EDGE_CURVE('',#1666,#1665,#1978,.T.);
#1191=EDGE_CURVE('',#1666,#1667,#1979,.T.);
#1192=EDGE_CURVE('',#1667,#1597,#1980,.T.);
#1193=EDGE_CURVE('',#1668,#1596,#1981,.T.);
#1194=EDGE_CURVE('',#1669,#1668,#1982,.T.);
#1195=EDGE_CURVE('',#1593,#1669,#1983,.T.);
#1196=EDGE_CURVE('',#1670,#1592,#1984,.T.);
#1197=EDGE_CURVE('',#1671,#1670,#1985,.T.);
#1198=EDGE_CURVE('',#1672,#1671,#1986,.T.);
#1199=EDGE_CURVE('',#1672,#1673,#1987,.T.);
#1200=EDGE_CURVE('',#1673,#1674,#1988,.T.);
#1201=EDGE_CURVE('',#1674,#1675,#1989,.T.);
#1202=EDGE_CURVE('',#1676,#1675,#1990,.T.);
#1203=EDGE_CURVE('',#1677,#1676,#1991,.T.);
#1204=EDGE_CURVE('',#1677,#1678,#1992,.T.);
#1205=EDGE_CURVE('',#1678,#1679,#1993,.T.);
#1206=EDGE_CURVE('',#1680,#1679,#1994,.T.);
#1207=EDGE_CURVE('',#1680,#1681,#1995,.T.);
#1208=EDGE_CURVE('',#1681,#1682,#1996,.T.);
#1209=EDGE_CURVE('',#1682,#1643,#1997,.T.);
#1210=EDGE_CURVE('',#1683,#1683,#61,.F.);
#1211=EDGE_CURVE('',#1684,#1684,#62,.F.);
#1212=EDGE_CURVE('',#1685,#1686,#1998,.T.);
#1213=EDGE_CURVE('',#1687,#1685,#1999,.T.);
#1214=EDGE_CURVE('',#1688,#1687,#2000,.T.);
#1215=EDGE_CURVE('',#1686,#1688,#2001,.T.);
#1216=EDGE_CURVE('',#1689,#1689,#63,.T.);
#1217=EDGE_CURVE('',#1690,#1691,#2002,.T.);
#1218=EDGE_CURVE('',#1691,#1692,#2003,.T.);
#1219=EDGE_CURVE('',#1692,#1693,#2004,.T.);
#1220=EDGE_CURVE('',#1693,#1690,#2005,.T.);
#1221=EDGE_CURVE('',#1694,#1695,#64,.T.);
#1222=EDGE_CURVE('',#1695,#1696,#2006,.T.);
#1223=EDGE_CURVE('',#1696,#1697,#65,.T.);
#1224=EDGE_CURVE('',#1697,#1694,#2007,.T.);
#1225=EDGE_CURVE('',#1698,#1699,#66,.T.);
#1226=EDGE_CURVE('',#1699,#1700,#2008,.T.);
#1227=EDGE_CURVE('',#1700,#1701,#67,.T.);
#1228=EDGE_CURVE('',#1701,#1698,#2009,.T.);
#1229=EDGE_CURVE('',#1702,#1702,#68,.T.);
#1230=EDGE_CURVE('',#1703,#1703,#69,.T.);
#1231=EDGE_CURVE('',#1704,#1704,#70,.T.);
#1232=EDGE_CURVE('',#1705,#1705,#71,.T.);
#1233=EDGE_CURVE('',#1706,#1707,#2010,.T.);
#1234=EDGE_CURVE('',#1708,#1706,#72,.T.);
#1235=EDGE_CURVE('',#1709,#1708,#2011,.T.);
#1236=EDGE_CURVE('',#1707,#1709,#73,.T.);
#1237=EDGE_CURVE('',#1710,#1711,#2012,.T.);
#1238=EDGE_CURVE('',#1712,#1710,#74,.T.);
#1239=EDGE_CURVE('',#1713,#1712,#2013,.T.);
#1240=EDGE_CURVE('',#1711,#1713,#75,.T.);
#1241=EDGE_CURVE('',#1714,#1715,#2014,.T.);
#1242=EDGE_CURVE('',#1715,#1716,#2015,.F.);
#1243=EDGE_CURVE('',#1716,#1717,#2016,.T.);
#1244=EDGE_CURVE('',#1717,#1718,#2017,.F.);
#1245=EDGE_CURVE('',#1718,#1719,#2018,.T.);
#1246=EDGE_CURVE('',#1720,#1719,#2019,.T.);
#1247=EDGE_CURVE('',#1721,#1720,#2020,.T.);
#1248=EDGE_CURVE('',#1623,#1721,#2021,.T.);
#1249=EDGE_CURVE('',#1714,#1622,#2022,.T.);
#1250=EDGE_CURVE('',#1722,#1722,#76,.T.);
#1251=EDGE_CURVE('',#1723,#1724,#2023,.T.);
#1252=EDGE_CURVE('',#1724,#1725,#2024,.F.);
#1253=EDGE_CURVE('',#1725,#1726,#2025,.T.);
#1254=EDGE_CURVE('',#1727,#1726,#2026,.T.);
#1255=EDGE_CURVE('',#1728,#1727,#2027,.T.);
#1256=EDGE_CURVE('',#1615,#1728,#2028,.T.);
#1257=EDGE_CURVE('',#1729,#1598,#2029,.T.);
#1258=EDGE_CURVE('',#1730,#1729,#2030,.T.);
#1259=EDGE_CURVE('',#1730,#1731,#2031,.T.);
#1260=EDGE_CURVE('',#1731,#1723,#2032,.F.);
#1261=EDGE_CURVE('',#1732,#1732,#77,.T.);
#1262=EDGE_CURVE('',#1733,#1675,#2033,.T.);
#1263=EDGE_CURVE('',#1734,#1733,#2034,.T.);
#1264=EDGE_CURVE('',#1676,#1734,#2035,.T.);
#1265=EDGE_CURVE('',#1672,#1735,#2036,.T.);
#1266=EDGE_CURVE('',#1671,#1736,#2037,.T.);
#1267=EDGE_CURVE('',#1735,#1736,#2038,.T.);
#1268=EDGE_CURVE('',#1681,#1737,#2039,.T.);
#1269=EDGE_CURVE('',#1738,#1680,#2040,.T.);
#1270=EDGE_CURVE('',#1738,#1737,#2041,.T.);
#1271=EDGE_CURVE('',#1739,#1644,#2042,.T.);
#1272=EDGE_CURVE('',#1739,#1740,#2043,.T.);
#1273=EDGE_CURVE('',#1740,#1645,#2044,.T.);
#1274=EDGE_CURVE('',#1734,#1741,#2045,.T.);
#1275=EDGE_CURVE('',#1741,#1677,#2046,.T.);
#1276=EDGE_CURVE('',#1679,#1742,#2047,.T.);
#1277=EDGE_CURVE('',#1742,#1738,#2048,.T.);
#1278=EDGE_CURVE('',#1647,#1743,#2049,.T.);
#1279=EDGE_CURVE('',#1646,#1744,#2050,.T.);
#1280=EDGE_CURVE('',#1743,#1744,#2051,.T.);
#1281=EDGE_CURVE('',#1745,#1650,#2052,.T.);
#1282=EDGE_CURVE('',#1746,#1745,#2053,.T.);
#1283=EDGE_CURVE('',#1651,#1746,#2054,.T.);
#1284=EDGE_CURVE('',#1747,#1659,#2055,.T.);
#1285=EDGE_CURVE('',#1747,#1748,#2056,.T.);
#1286=EDGE_CURVE('',#1748,#1660,#2057,.T.);
#1287=EDGE_CURVE('',#1656,#1749,#2058,.T.);
#1288=EDGE_CURVE('',#1750,#1655,#2059,.T.);
#1289=EDGE_CURVE('',#1750,#1749,#2060,.T.);
#1290=EDGE_CURVE('',#1746,#1751,#2061,.T.);
#1291=EDGE_CURVE('',#1751,#1652,#2062,.T.);
#1292=EDGE_CURVE('',#1654,#1752,#2063,.T.);
#1293=EDGE_CURVE('',#1752,#1750,#2064,.T.);
#1294=EDGE_CURVE('',#1753,#1753,#78,.F.);
#1295=EDGE_CURVE('',#1754,#1754,#79,.T.);
#1296=EDGE_CURVE('',#1755,#1755,#80,.T.);
#1297=EDGE_CURVE('',#1756,#1756,#81,.F.);
#1298=EDGE_CURVE('',#1757,#1757,#82,.T.);
#1299=EDGE_CURVE('',#1758,#1758,#83,.F.);
#1300=EDGE_CURVE('',#1759,#1759,#84,.T.);
#1301=EDGE_CURVE('',#1760,#1760,#85,.F.);
#1302=EDGE_CURVE('',#1761,#1761,#86,.T.);
#1303=EDGE_CURVE('',#1762,#1762,#87,.F.);
#1304=EDGE_CURVE('',#1763,#1662,#2065,.T.);
#1305=EDGE_CURVE('',#1624,#1763,#2066,.T.);
#1306=EDGE_CURVE('',#1667,#1721,#2067,.T.);
#1307=EDGE_CURVE('',#1764,#1666,#2068,.T.);
#1308=EDGE_CURVE('',#1765,#1764,#2069,.T.);
#1309=EDGE_CURVE('',#1765,#1663,#2070,.T.);
#1310=EDGE_CURVE('',#1766,#1767,#2071,.T.);
#1311=EDGE_CURVE('',#1767,#1731,#2072,.T.);
#1312=EDGE_CURVE('',#1768,#1730,#2073,.T.);
#1313=EDGE_CURVE('',#1769,#1768,#2074,.T.);
#1314=EDGE_CURVE('',#1719,#1769,#2075,.T.);
#1315=EDGE_CURVE('',#1718,#1766,#2076,.T.);
#1316=EDGE_CURVE('',#1770,#1771,#114,.T.);
#1317=EDGE_CURVE('',#1771,#1772,#115,.T.);
#1318=EDGE_CURVE('',#1772,#1773,#116,.T.);
#1319=EDGE_CURVE('',#1773,#1770,#117,.T.);
#1320=EDGE_CURVE('',#1774,#1775,#118,.T.);
#1321=EDGE_CURVE('',#1775,#1776,#119,.T.);
#1322=EDGE_CURVE('',#1776,#1777,#120,.T.);
#1323=EDGE_CURVE('',#1777,#1774,#121,.T.);
#1324=EDGE_CURVE('',#1778,#1779,#2077,.T.);
#1325=EDGE_CURVE('',#1779,#1724,#2078,.T.);
#1326=EDGE_CURVE('',#1723,#1778,#2079,.T.);
#1327=EDGE_CURVE('',#1725,#1780,#2080,.T.);
#1328=EDGE_CURVE('',#1780,#1781,#2081,.T.);
#1329=EDGE_CURVE('',#1781,#1715,#2082,.T.);
#1330=EDGE_CURVE('',#1714,#1782,#2083,.T.);
#1331=EDGE_CURVE('',#1782,#1783,#2084,.T.);
#1332=EDGE_CURVE('',#1783,#1784,#2085,.T.);
#1333=EDGE_CURVE('',#1785,#1784,#2086,.T.);
#1334=EDGE_CURVE('',#1786,#1785,#2087,.T.);
#1335=EDGE_CURVE('',#1787,#1786,#2088,.T.);
#1336=EDGE_CURVE('',#1726,#1787,#2089,.T.);
#1337=EDGE_CURVE('',#1716,#1788,#2090,.T.);
#1338=EDGE_CURVE('',#1788,#1789,#2091,.T.);
#1339=EDGE_CURVE('',#1789,#1717,#2092,.T.);
#1340=EDGE_CURVE('',#1619,#1784,#2093,.T.);
#1341=EDGE_CURVE('',#1790,#1618,#2094,.T.);
#1342=EDGE_CURVE('',#1791,#1790,#2095,.T.);
#1343=EDGE_CURVE('',#1791,#1785,#2096,.T.);
#1344=EDGE_CURVE('',#1792,#1720,#2097,.T.);
#1345=EDGE_CURVE('',#1793,#1792,#2098,.T.);
#1346=EDGE_CURVE('',#1793,#1729,#2099,.T.);
#1347=EDGE_CURVE('',#1794,#1795,#2100,.T.);
#1348=EDGE_CURVE('',#1794,#1796,#122,.T.);
#1349=EDGE_CURVE('',#1796,#1797,#2101,.T.);
#1350=EDGE_CURVE('',#1797,#1795,#123,.T.);
#1351=EDGE_CURVE('',#1798,#1799,#2102,.T.);
#1352=EDGE_CURVE('',#1798,#1794,#124,.T.);
#1353=EDGE_CURVE('',#1795,#1799,#125,.T.);
#1354=EDGE_CURVE('',#1800,#1801,#2103,.T.);
#1355=EDGE_CURVE('',#1800,#1798,#126,.T.);
#1356=EDGE_CURVE('',#1799,#1801,#127,.T.);
#1357=EDGE_CURVE('',#1796,#1800,#128,.T.);
#1358=EDGE_CURVE('',#1801,#1797,#129,.T.);
#1359=EDGE_CURVE('',#1802,#1803,#2104,.T.);
#1360=EDGE_CURVE('',#1803,#1804,#130,.T.);
#1361=EDGE_CURVE('',#1805,#1804,#2105,.T.);
#1362=EDGE_CURVE('',#1805,#1802,#131,.T.);
#1363=EDGE_CURVE('',#1806,#1807,#2106,.T.);
#1364=EDGE_CURVE('',#1807,#1803,#132,.T.);
#1365=EDGE_CURVE('',#1802,#1806,#133,.T.);
#1366=EDGE_CURVE('',#1808,#1809,#2107,.T.);
#1367=EDGE_CURVE('',#1809,#1807,#134,.T.);
#1368=EDGE_CURVE('',#1806,#1808,#135,.T.);
#1369=EDGE_CURVE('',#1804,#1809,#136,.T.);
#1370=EDGE_CURVE('',#1808,#1805,#137,.T.);
#1371=EDGE_CURVE('',#1810,#1669,#2108,.T.);
#1372=EDGE_CURVE('',#1811,#1668,#2109,.T.);
#1373=EDGE_CURVE('',#1810,#1811,#2110,.T.);
#1374=EDGE_CURVE('',#1594,#1810,#2111,.T.);
#1375=EDGE_CURVE('',#1811,#1595,#2112,.T.);
#1376=EDGE_CURVE('',#1812,#1665,#2113,.T.);
#1377=EDGE_CURVE('',#1813,#1664,#2114,.T.);
#1378=EDGE_CURVE('',#1812,#1813,#2115,.T.);
#1379=EDGE_CURVE('',#1813,#1765,#2116,.T.);
#1380=EDGE_CURVE('',#1764,#1812,#2117,.T.);
#1381=EDGE_CURVE('',#1814,#1661,#2118,.T.);
#1382=EDGE_CURVE('',#1763,#1814,#2119,.T.);
#1383=EDGE_CURVE('',#1744,#1748,#2120,.T.);
#1384=EDGE_CURVE('',#1814,#1625,#2121,.T.);
#1385=EDGE_CURVE('',#1736,#1740,#2122,.T.);
#1386=EDGE_CURVE('',#1815,#1670,#2123,.T.);
#1387=EDGE_CURVE('',#1628,#1815,#2124,.T.);
#1388=EDGE_CURVE('',#1815,#1591,#2125,.T.);
#1389=EDGE_CURVE('',#1816,#1816,#88,.T.);
#1390=EDGE_CURVE('',#1817,#1817,#89,.F.);
#1391=EDGE_CURVE('',#1818,#1818,#90,.F.);
#1392=EDGE_CURVE('',#1819,#1819,#91,.F.);
#1393=EDGE_CURVE('',#1820,#1820,#92,.T.);
#1394=EDGE_CURVE('',#1821,#1821,#93,.T.);
#1395=EDGE_CURVE('',#1822,#1822,#94,.T.);
#1396=EDGE_CURVE('',#1823,#1823,#95,.T.);
#1397=EDGE_CURVE('',#1824,#1739,#2126,.T.);
#1398=EDGE_CURVE('',#1825,#1824,#2127,.T.);
#1399=EDGE_CURVE('',#1737,#1825,#2128,.T.);
#1400=EDGE_CURVE('',#1826,#1742,#2129,.T.);
#1401=EDGE_CURVE('',#1741,#1826,#2130,.T.);
#1402=EDGE_CURVE('',#1827,#1733,#2131,.T.);
#1403=EDGE_CURVE('',#1828,#1827,#2132,.T.);
#1404=EDGE_CURVE('',#1735,#1828,#2133,.T.);
#1405=EDGE_CURVE('',#1829,#1829,#96,.F.);
#1406=EDGE_CURVE('',#1830,#1747,#2134,.T.);
#1407=EDGE_CURVE('',#1831,#1830,#2135,.T.);
#1408=EDGE_CURVE('',#1749,#1831,#2136,.T.);
#1409=EDGE_CURVE('',#1832,#1752,#2137,.T.);
#1410=EDGE_CURVE('',#1751,#1832,#2138,.T.);
#1411=EDGE_CURVE('',#1833,#1745,#2139,.T.);
#1412=EDGE_CURVE('',#1834,#1833,#2140,.T.);
#1413=EDGE_CURVE('',#1743,#1834,#2141,.T.);
#1414=EDGE_CURVE('',#1835,#1835,#97,.F.);
#1415=EDGE_CURVE('',#1832,#1653,#2142,.T.);
#1416=EDGE_CURVE('',#1830,#1658,#2143,.T.);
#1417=EDGE_CURVE('',#1831,#1657,#2144,.T.);
#1418=EDGE_CURVE('',#1834,#1648,#2145,.T.);
#1419=EDGE_CURVE('',#1833,#1649,#2146,.T.);
#1420=EDGE_CURVE('',#1826,#1678,#2147,.T.);
#1421=EDGE_CURVE('',#1824,#1643,#2148,.T.);
#1422=EDGE_CURVE('',#1825,#1682,#2149,.T.);
#1423=EDGE_CURVE('',#1828,#1673,#2150,.T.);
#1424=EDGE_CURVE('',#1827,#1674,#2151,.T.);
#1425=EDGE_CURVE('',#1617,#1836,#2152,.T.);
#1426=EDGE_CURVE('',#1836,#1790,#2153,.T.);
#1427=EDGE_CURVE('',#1791,#1837,#2154,.T.);
#1428=EDGE_CURVE('',#1836,#1838,#2155,.T.);
#1429=EDGE_CURVE('',#1838,#1728,#2156,.T.);
#1430=EDGE_CURVE('',#1839,#1727,#2157,.T.);
#1431=EDGE_CURVE('',#1837,#1839,#2158,.T.);
#1432=EDGE_CURVE('',#1838,#1616,#2159,.T.);
#1433=EDGE_CURVE('',#1839,#1787,#2160,.T.);
#1434=EDGE_CURVE('',#1837,#1786,#2161,.T.);
#1435=EDGE_CURVE('',#1782,#1621,#2162,.T.);
#1436=EDGE_CURVE('',#1783,#1620,#2163,.T.);
#1437=EDGE_CURVE('',#1792,#1769,#2164,.T.);
#1438=EDGE_CURVE('',#1793,#1768,#2165,.T.);
#1439=EDGE_CURVE('',#1603,#1809,#138,.F.);
#1440=EDGE_CURVE('',#1807,#1602,#139,.F.);
#1441=EDGE_CURVE('',#1803,#1605,#140,.F.);
#1442=EDGE_CURVE('',#1604,#1804,#141,.F.);
#1443=EDGE_CURVE('',#1770,#1805,#142,.F.);
#1444=EDGE_CURVE('',#1802,#1773,#143,.F.);
#1445=EDGE_CURVE('',#1806,#1772,#144,.F.);
#1446=EDGE_CURVE('',#1771,#1808,#145,.F.);
#1447=EDGE_CURVE('',#1606,#1796,#146,.F.);
#1448=EDGE_CURVE('',#1800,#1609,#147,.F.);
#1449=EDGE_CURVE('',#1798,#1608,#148,.F.);
#1450=EDGE_CURVE('',#1607,#1794,#149,.F.);
#1451=EDGE_CURVE('',#1774,#1801,#150,.F.);
#1452=EDGE_CURVE('',#1797,#1777,#151,.F.);
#1453=EDGE_CURVE('',#1795,#1776,#152,.F.);
#1454=EDGE_CURVE('',#1775,#1799,#153,.F.);
#1455=EDGE_CURVE('',#1840,#1841,#98,.T.);
#1456=EDGE_CURVE('',#1699,#1841,#2166,.T.);
#1457=EDGE_CURVE('',#1698,#1840,#2167,.T.);
#1458=EDGE_CURVE('',#1842,#1840,#2168,.T.);
#1459=EDGE_CURVE('',#1701,#1842,#2169,.T.);
#1460=EDGE_CURVE('',#1843,#1842,#99,.T.);
#1461=EDGE_CURVE('',#1700,#1843,#2170,.T.);
#1462=EDGE_CURVE('',#1841,#1843,#2171,.T.);
#1463=EDGE_CURVE('',#1844,#1845,#100,.T.);
#1464=EDGE_CURVE('',#1695,#1845,#2172,.T.);
#1465=EDGE_CURVE('',#1694,#1844,#2173,.T.);
#1466=EDGE_CURVE('',#1846,#1844,#2174,.T.);
#1467=EDGE_CURVE('',#1697,#1846,#2175,.T.);
#1468=EDGE_CURVE('',#1847,#1846,#101,.T.);
#1469=EDGE_CURVE('',#1696,#1847,#2176,.T.);
#1470=EDGE_CURVE('',#1845,#1847,#2177,.T.);
#1471=EDGE_CURVE('',#1848,#1640,#2178,.T.);
#1472=EDGE_CURVE('',#1849,#1848,#2179,.F.);
#1473=EDGE_CURVE('',#1849,#1639,#2180,.T.);
#1474=EDGE_CURVE('',#1850,#1642,#2181,.T.);
#1475=EDGE_CURVE('',#1848,#1850,#2182,.F.);
#1476=EDGE_CURVE('',#1851,#1641,#2183,.T.);
#1477=EDGE_CURVE('',#1850,#1851,#2184,.F.);
#1478=EDGE_CURVE('',#1851,#1849,#2185,.F.);
#1479=EDGE_CURVE('',#1852,#1686,#2186,.T.);
#1480=EDGE_CURVE('',#1853,#1852,#2187,.F.);
#1481=EDGE_CURVE('',#1853,#1685,#2188,.T.);
#1482=EDGE_CURVE('',#1854,#1688,#2189,.T.);
#1483=EDGE_CURVE('',#1852,#1854,#2190,.F.);
#1484=EDGE_CURVE('',#1855,#1687,#2191,.T.);
#1485=EDGE_CURVE('',#1854,#1855,#2192,.F.);
#1486=EDGE_CURVE('',#1855,#1853,#2193,.F.);
#1487=EDGE_CURVE('',#1856,#1857,#2194,.T.);
#1488=EDGE_CURVE('',#1858,#1856,#2195,.T.);
#1489=EDGE_CURVE('',#1858,#1859,#2196,.F.);
#1490=EDGE_CURVE('',#1859,#1857,#2197,.T.);
#1491=EDGE_CURVE('',#1857,#1860,#2198,.T.);
#1492=EDGE_CURVE('',#1859,#1861,#2199,.F.);
#1493=EDGE_CURVE('',#1861,#1860,#2200,.T.);
#1494=EDGE_CURVE('',#1860,#1862,#2201,.T.);
#1495=EDGE_CURVE('',#1861,#1863,#2202,.F.);
#1496=EDGE_CURVE('',#1863,#1862,#2203,.T.);
#1497=EDGE_CURVE('',#1862,#1856,#2204,.T.);
#1498=EDGE_CURVE('',#1863,#1858,#2205,.F.);
#1499=EDGE_CURVE('',#1864,#1865,#2206,.T.);
#1500=EDGE_CURVE('',#1866,#1864,#2207,.T.);
#1501=EDGE_CURVE('',#1866,#1867,#2208,.F.);
#1502=EDGE_CURVE('',#1867,#1865,#2209,.T.);
#1503=EDGE_CURVE('',#1865,#1868,#2210,.T.);
#1504=EDGE_CURVE('',#1867,#1869,#2211,.F.);
#1505=EDGE_CURVE('',#1869,#1868,#2212,.T.);
#1506=EDGE_CURVE('',#1868,#1870,#2213,.T.);
#1507=EDGE_CURVE('',#1869,#1871,#2214,.F.);
#1508=EDGE_CURVE('',#1871,#1870,#2215,.T.);
#1509=EDGE_CURVE('',#1870,#1864,#2216,.T.);
#1510=EDGE_CURVE('',#1871,#1866,#2217,.F.);
#1511=EDGE_CURVE('',#1872,#1873,#102,.T.);
#1512=EDGE_CURVE('',#1708,#1872,#2218,.T.);
#1513=EDGE_CURVE('',#1706,#1873,#2219,.T.);
#1514=EDGE_CURVE('',#1873,#1874,#2220,.T.);
#1515=EDGE_CURVE('',#1707,#1874,#2221,.T.);
#1516=EDGE_CURVE('',#1874,#1875,#103,.T.);
#1517=EDGE_CURVE('',#1709,#1875,#2222,.T.);
#1518=EDGE_CURVE('',#1875,#1872,#2223,.T.);
#1519=EDGE_CURVE('',#1876,#1877,#104,.T.);
#1520=EDGE_CURVE('',#1712,#1876,#2224,.T.);
#1521=EDGE_CURVE('',#1710,#1877,#2225,.T.);
#1522=EDGE_CURVE('',#1877,#1878,#2226,.T.);
#1523=EDGE_CURVE('',#1711,#1878,#2227,.T.);
#1524=EDGE_CURVE('',#1878,#1879,#105,.T.);
#1525=EDGE_CURVE('',#1713,#1879,#2228,.T.);
#1526=EDGE_CURVE('',#1879,#1876,#2229,.T.);
#1527=EDGE_CURVE('',#1880,#1636,#2230,.T.);
#1528=EDGE_CURVE('',#1880,#1881,#2231,.T.);
#1529=EDGE_CURVE('',#1881,#1637,#2232,.T.);
#1530=EDGE_CURVE('',#1634,#1635,#20,.T.);
#1531=EDGE_CURVE('',#1882,#1633,#2233,.T.);
#1532=EDGE_CURVE('',#1882,#1880,#2234,.T.);
#1533=EDGE_CURVE('',#1883,#1638,#2235,.T.);
#1534=EDGE_CURVE('',#1883,#1882,#2236,.T.);
#1535=EDGE_CURVE('',#1881,#1883,#2237,.T.);
#1536=EDGE_CURVE('',#1884,#1630,#2238,.T.);
#1537=EDGE_CURVE('',#1884,#1885,#2239,.T.);
#1538=EDGE_CURVE('',#1885,#1631,#2240,.T.);
#1539=EDGE_CURVE('',#1886,#1629,#2241,.T.);
#1540=EDGE_CURVE('',#1886,#1884,#2242,.T.);
#1541=EDGE_CURVE('',#1887,#1632,#2243,.T.);
#1542=EDGE_CURVE('',#1887,#1886,#2244,.T.);
#1543=EDGE_CURVE('',#1885,#1887,#2245,.T.);
#1544=EDGE_CURVE('',#1888,#1889,#2246,.T.);
#1545=EDGE_CURVE('',#1890,#1888,#2247,.T.);
#1546=EDGE_CURVE('',#1891,#1890,#2248,.T.);
#1547=EDGE_CURVE('',#1889,#1891,#2249,.T.);
#1548=EDGE_CURVE('',#1892,#1889,#2250,.T.);
#1549=EDGE_CURVE('',#1893,#1892,#2251,.T.);
#1550=EDGE_CURVE('',#1893,#1888,#2252,.T.);
#1551=EDGE_CURVE('',#1894,#1893,#2253,.T.);
#1552=EDGE_CURVE('',#1894,#1890,#2254,.T.);
#1553=EDGE_CURVE('',#1895,#1894,#2255,.T.);
#1554=EDGE_CURVE('',#1895,#1891,#2256,.T.);
#1555=EDGE_CURVE('',#1892,#1895,#2257,.T.);
#1556=EDGE_CURVE('',#1896,#1897,#2258,.T.);
#1557=EDGE_CURVE('',#1898,#1896,#2259,.T.);
#1558=EDGE_CURVE('',#1899,#1898,#2260,.T.);
#1559=EDGE_CURVE('',#1897,#1899,#2261,.T.);
#1560=EDGE_CURVE('',#1900,#1897,#2262,.T.);
#1561=EDGE_CURVE('',#1901,#1900,#2263,.T.);
#1562=EDGE_CURVE('',#1901,#1896,#2264,.T.);
#1563=EDGE_CURVE('',#1902,#1901,#2265,.T.);
#1564=EDGE_CURVE('',#1902,#1898,#2266,.T.);
#1565=EDGE_CURVE('',#1903,#1902,#2267,.T.);
#1566=EDGE_CURVE('',#1903,#1899,#2268,.T.);
#1567=EDGE_CURVE('',#1900,#1903,#2269,.T.);
#1568=EDGE_CURVE('',#1778,#1767,#2270,.F.);
#1569=EDGE_CURVE('',#1766,#1789,#2271,.F.);
#1570=EDGE_CURVE('',#1767,#1693,#2272,.T.);
#1571=EDGE_CURVE('',#1690,#1766,#2273,.T.);
#1572=EDGE_CURVE('',#1778,#1693,#2274,.F.);
#1573=EDGE_CURVE('',#1690,#1789,#2275,.F.);
#1574=EDGE_CURVE('',#1779,#1692,#2276,.T.);
#1575=EDGE_CURVE('',#1780,#1779,#2277,.F.);
#1576=EDGE_CURVE('',#1788,#1781,#2278,.F.);
#1577=EDGE_CURVE('',#1691,#1788,#2279,.T.);
#1578=EDGE_CURVE('',#1780,#1692,#2280,.F.);
#1579=EDGE_CURVE('',#1691,#1781,#2281,.F.);
#1580=EDGE_CURVE('',#1904,#1588,#2282,.T.);
#1581=EDGE_CURVE('',#1904,#1614,#2283,.T.);
#1582=EDGE_CURVE('',#1601,#1904,#2284,.T.);
#1583=EDGE_CURVE('',#1905,#1610,#2285,.T.);
#1584=EDGE_CURVE('',#1611,#1905,#2286,.T.);
#1585=EDGE_CURVE('',#1906,#1905,#2287,.T.);
#1586=EDGE_CURVE('',#1906,#1612,#2288,.T.);
#1587=EDGE_CURVE('',#1613,#1906,#2289,.T.);
#1588=VERTEX_POINT('',#4606);
#1589=VERTEX_POINT('',#4607);
#1590=VERTEX_POINT('',#4609);
#1591=VERTEX_POINT('',#4611);
#1592=VERTEX_POINT('',#4613);
#1593=VERTEX_POINT('',#4615);
#1594=VERTEX_POINT('',#4617);
#1595=VERTEX_POINT('',#4619);
#1596=VERTEX_POINT('',#4621);
#1597=VERTEX_POINT('',#4623);
#1598=VERTEX_POINT('',#4625);
#1599=VERTEX_POINT('',#4627);
#1600=VERTEX_POINT('',#4629);
#1601=VERTEX_POINT('',#4631);
#1602=VERTEX_POINT('',#4637);
#1603=VERTEX_POINT('',#4638);
#1604=VERTEX_POINT('',#4643);
#1605=VERTEX_POINT('',#4648);
#1606=VERTEX_POINT('',#4657);
#1607=VERTEX_POINT('',#4658);
#1608=VERTEX_POINT('',#4663);
#1609=VERTEX_POINT('',#4668);
#1610=VERTEX_POINT('',#4674);
#1611=VERTEX_POINT('',#4675);
#1612=VERTEX_POINT('',#4677);
#1613=VERTEX_POINT('',#4679);
#1614=VERTEX_POINT('',#4683);
#1615=VERTEX_POINT('',#4686);
#1616=VERTEX_POINT('',#4688);
#1617=VERTEX_POINT('',#4690);
#1618=VERTEX_POINT('',#4692);
#1619=VERTEX_POINT('',#4694);
#1620=VERTEX_POINT('',#4696);
#1621=VERTEX_POINT('',#4698);
#1622=VERTEX_POINT('',#4700);
#1623=VERTEX_POINT('',#4702);
#1624=VERTEX_POINT('',#4704);
#1625=VERTEX_POINT('',#4706);
#1626=VERTEX_POINT('',#4708);
#1627=VERTEX_POINT('',#4710);
#1628=VERTEX_POINT('',#4712);
#1629=VERTEX_POINT('',#4716);
#1630=VERTEX_POINT('',#4717);
#1631=VERTEX_POINT('',#4719);
#1632=VERTEX_POINT('',#4721);
#1633=VERTEX_POINT('',#4724);
#1634=VERTEX_POINT('',#4725);
#1635=VERTEX_POINT('',#4727);
#1636=VERTEX_POINT('',#4729);
#1637=VERTEX_POINT('',#4731);
#1638=VERTEX_POINT('',#4733);
#1639=VERTEX_POINT('',#4736);
#1640=VERTEX_POINT('',#4737);
#1641=VERTEX_POINT('',#4739);
#1642=VERTEX_POINT('',#4741);
#1643=VERTEX_POINT('',#4744);
#1644=VERTEX_POINT('',#4745);
#1645=VERTEX_POINT('',#4747);
#1646=VERTEX_POINT('',#4750);
#1647=VERTEX_POINT('',#4752);
#1648=VERTEX_POINT('',#4754);
#1649=VERTEX_POINT('',#4756);
#1650=VERTEX_POINT('',#4758);
#1651=VERTEX_POINT('',#4760);
#1652=VERTEX_POINT('',#4762);
#1653=VERTEX_POINT('',#4764);
#1654=VERTEX_POINT('',#4766);
#1655=VERTEX_POINT('',#4768);
#1656=VERTEX_POINT('',#4770);
#1657=VERTEX_POINT('',#4772);
#1658=VERTEX_POINT('',#4774);
#1659=VERTEX_POINT('',#4776);
#1660=VERTEX_POINT('',#4778);
#1661=VERTEX_POINT('',#4780);
#1662=VERTEX_POINT('',#4782);
#1663=VERTEX_POINT('',#4784);
#1664=VERTEX_POINT('',#4786);
#1665=VERTEX_POINT('',#4788);
#1666=VERTEX_POINT('',#4790);
#1667=VERTEX_POINT('',#4792);
#1668=VERTEX_POINT('',#4795);
#1669=VERTEX_POINT('',#4797);
#1670=VERTEX_POINT('',#4800);
#1671=VERTEX_POINT('',#4802);
#1672=VERTEX_POINT('',#4804);
#1673=VERTEX_POINT('',#4806);
#1674=VERTEX_POINT('',#4808);
#1675=VERTEX_POINT('',#4810);
#1676=VERTEX_POINT('',#4812);
#1677=VERTEX_POINT('',#4814);
#1678=VERTEX_POINT('',#4816);
#1679=VERTEX_POINT('',#4818);
#1680=VERTEX_POINT('',#4820);
#1681=VERTEX_POINT('',#4822);
#1682=VERTEX_POINT('',#4824);
#1683=VERTEX_POINT('',#4827);
#1684=VERTEX_POINT('',#4829);
#1685=VERTEX_POINT('',#4831);
#1686=VERTEX_POINT('',#4832);
#1687=VERTEX_POINT('',#4834);
#1688=VERTEX_POINT('',#4836);
#1689=VERTEX_POINT('',#4840);
#1690=VERTEX_POINT('',#4842);
#1691=VERTEX_POINT('',#4843);
#1692=VERTEX_POINT('',#4845);
#1693=VERTEX_POINT('',#4847);
#1694=VERTEX_POINT('',#4850);
#1695=VERTEX_POINT('',#4851);
#1696=VERTEX_POINT('',#4853);
#1697=VERTEX_POINT('',#4855);
#1698=VERTEX_POINT('',#4858);
#1699=VERTEX_POINT('',#4859);
#1700=VERTEX_POINT('',#4861);
#1701=VERTEX_POINT('',#4863);
#1702=VERTEX_POINT('',#4866);
#1703=VERTEX_POINT('',#4868);
#1704=VERTEX_POINT('',#4870);
#1705=VERTEX_POINT('',#4872);
#1706=VERTEX_POINT('',#4874);
#1707=VERTEX_POINT('',#4875);
#1708=VERTEX_POINT('',#4877);
#1709=VERTEX_POINT('',#4879);
#1710=VERTEX_POINT('',#4882);
#1711=VERTEX_POINT('',#4883);
#1712=VERTEX_POINT('',#4885);
#1713=VERTEX_POINT('',#4887);
#1714=VERTEX_POINT('',#4891);
#1715=VERTEX_POINT('',#4892);
#1716=VERTEX_POINT('',#4894);
#1717=VERTEX_POINT('',#4896);
#1718=VERTEX_POINT('',#4898);
#1719=VERTEX_POINT('',#4900);
#1720=VERTEX_POINT('',#4902);
#1721=VERTEX_POINT('',#4904);
#1722=VERTEX_POINT('',#4908);
#1723=VERTEX_POINT('',#4911);
#1724=VERTEX_POINT('',#4912);
#1725=VERTEX_POINT('',#4914);
#1726=VERTEX_POINT('',#4916);
#1727=VERTEX_POINT('',#4918);
#1728=VERTEX_POINT('',#4920);
#1729=VERTEX_POINT('',#4923);
#1730=VERTEX_POINT('',#4925);
#1731=VERTEX_POINT('',#4927);
#1732=VERTEX_POINT('',#4930);
#1733=VERTEX_POINT('',#4933);
#1734=VERTEX_POINT('',#4935);
#1735=VERTEX_POINT('',#4939);
#1736=VERTEX_POINT('',#4941);
#1737=VERTEX_POINT('',#4945);
#1738=VERTEX_POINT('',#4947);
#1739=VERTEX_POINT('',#4951);
#1740=VERTEX_POINT('',#4953);
#1741=VERTEX_POINT('',#4957);
#1742=VERTEX_POINT('',#4961);
#1743=VERTEX_POINT('',#4965);
#1744=VERTEX_POINT('',#4967);
#1745=VERTEX_POINT('',#4971);
#1746=VERTEX_POINT('',#4973);
#1747=VERTEX_POINT('',#4977);
#1748=VERTEX_POINT('',#4979);
#1749=VERTEX_POINT('',#4983);
#1750=VERTEX_POINT('',#4985);
#1751=VERTEX_POINT('',#4989);
#1752=VERTEX_POINT('',#4993);
#1753=VERTEX_POINT('',#4997);
#1754=VERTEX_POINT('',#4999);
#1755=VERTEX_POINT('',#5002);
#1756=VERTEX_POINT('',#5004);
#1757=VERTEX_POINT('',#5007);
#1758=VERTEX_POINT('',#5009);
#1759=VERTEX_POINT('',#5012);
#1760=VERTEX_POINT('',#5014);
#1761=VERTEX_POINT('',#5017);
#1762=VERTEX_POINT('',#5019);
#1763=VERTEX_POINT('',#5022);
#1764=VERTEX_POINT('',#5026);
#1765=VERTEX_POINT('',#5028);
#1766=VERTEX_POINT('',#5032);
#1767=VERTEX_POINT('',#5033);
#1768=VERTEX_POINT('',#5036);
#1769=VERTEX_POINT('',#5038);
#1770=VERTEX_POINT('',#5046);
#1771=VERTEX_POINT('',#5047);
#1772=VERTEX_POINT('',#5052);
#1773=VERTEX_POINT('',#5057);
#1774=VERTEX_POINT('',#5066);
#1775=VERTEX_POINT('',#5067);
#1776=VERTEX_POINT('',#5072);
#1777=VERTEX_POINT('',#5077);
#1778=VERTEX_POINT('',#5083);
#1779=VERTEX_POINT('',#5084);
#1780=VERTEX_POINT('',#5089);
#1781=VERTEX_POINT('',#5091);
#1782=VERTEX_POINT('',#5094);
#1783=VERTEX_POINT('',#5096);
#1784=VERTEX_POINT('',#5098);
#1785=VERTEX_POINT('',#5100);
#1786=VERTEX_POINT('',#5102);
#1787=VERTEX_POINT('',#5104);
#1788=VERTEX_POINT('',#5108);
#1789=VERTEX_POINT('',#5110);
#1790=VERTEX_POINT('',#5115);
#1791=VERTEX_POINT('',#5117);
#1792=VERTEX_POINT('',#5121);
#1793=VERTEX_POINT('',#5123);
#1794=VERTEX_POINT('',#5127);
#1795=VERTEX_POINT('',#5128);
#1796=VERTEX_POINT('',#5133);
#1797=VERTEX_POINT('',#5135);
#1798=VERTEX_POINT('',#5142);
#1799=VERTEX_POINT('',#5143);
#1800=VERTEX_POINT('',#5154);
#1801=VERTEX_POINT('',#5155);
#1802=VERTEX_POINT('',#5175);
#1803=VERTEX_POINT('',#5176);
#1804=VERTEX_POINT('',#5181);
#1805=VERTEX_POINT('',#5183);
#1806=VERTEX_POINT('',#5190);
#1807=VERTEX_POINT('',#5191);
#1808=VERTEX_POINT('',#5202);
#1809=VERTEX_POINT('',#5203);
#1810=VERTEX_POINT('',#5223);
#1811=VERTEX_POINT('',#5225);
#1812=VERTEX_POINT('',#5234);
#1813=VERTEX_POINT('',#5236);
#1814=VERTEX_POINT('',#5245);
#1815=VERTEX_POINT('',#5254);
#1816=VERTEX_POINT('',#5260);
#1817=VERTEX_POINT('',#5263);
#1818=VERTEX_POINT('',#5267);
#1819=VERTEX_POINT('',#5271);
#1820=VERTEX_POINT('',#5274);
#1821=VERTEX_POINT('',#5278);
#1822=VERTEX_POINT('',#5282);
#1823=VERTEX_POINT('',#5286);
#1824=VERTEX_POINT('',#5290);
#1825=VERTEX_POINT('',#5292);
#1826=VERTEX_POINT('',#5295);
#1827=VERTEX_POINT('',#5298);
#1828=VERTEX_POINT('',#5300);
#1829=VERTEX_POINT('',#5304);
#1830=VERTEX_POINT('',#5308);
#1831=VERTEX_POINT('',#5310);
#1832=VERTEX_POINT('',#5313);
#1833=VERTEX_POINT('',#5316);
#1834=VERTEX_POINT('',#5318);
#1835=VERTEX_POINT('',#5322);
#1836=VERTEX_POINT('',#5352);
#1837=VERTEX_POINT('',#5356);
#1838=VERTEX_POINT('',#5358);
#1839=VERTEX_POINT('',#5361);
#1840=VERTEX_POINT('',#6007);
#1841=VERTEX_POINT('',#6008);
#1842=VERTEX_POINT('',#6013);
#1843=VERTEX_POINT('',#6017);
#1844=VERTEX_POINT('',#6023);
#1845=VERTEX_POINT('',#6024);
#1846=VERTEX_POINT('',#6029);
#1847=VERTEX_POINT('',#6033);
#1848=VERTEX_POINT('',#6039);
#1849=VERTEX_POINT('',#6041);
#1850=VERTEX_POINT('',#6045);
#1851=VERTEX_POINT('',#6049);
#1852=VERTEX_POINT('',#6056);
#1853=VERTEX_POINT('',#6058);
#1854=VERTEX_POINT('',#6062);
#1855=VERTEX_POINT('',#6066);
#1856=VERTEX_POINT('',#6073);
#1857=VERTEX_POINT('',#6074);
#1858=VERTEX_POINT('',#6076);
#1859=VERTEX_POINT('',#6078);
#1860=VERTEX_POINT('',#6082);
#1861=VERTEX_POINT('',#6084);
#1862=VERTEX_POINT('',#6088);
#1863=VERTEX_POINT('',#6090);
#1864=VERTEX_POINT('',#6099);
#1865=VERTEX_POINT('',#6100);
#1866=VERTEX_POINT('',#6102);
#1867=VERTEX_POINT('',#6104);
#1868=VERTEX_POINT('',#6108);
#1869=VERTEX_POINT('',#6110);
#1870=VERTEX_POINT('',#6114);
#1871=VERTEX_POINT('',#6116);
#1872=VERTEX_POINT('',#6125);
#1873=VERTEX_POINT('',#6126);
#1874=VERTEX_POINT('',#6131);
#1875=VERTEX_POINT('',#6135);
#1876=VERTEX_POINT('',#6141);
#1877=VERTEX_POINT('',#6142);
#1878=VERTEX_POINT('',#6147);
#1879=VERTEX_POINT('',#6151);
#1880=VERTEX_POINT('',#6157);
#1881=VERTEX_POINT('',#6159);
#1882=VERTEX_POINT('',#6164);
#1883=VERTEX_POINT('',#6168);
#1884=VERTEX_POINT('',#6175);
#1885=VERTEX_POINT('',#6177);
#1886=VERTEX_POINT('',#6181);
#1887=VERTEX_POINT('',#6185);
#1888=VERTEX_POINT('',#6192);
#1889=VERTEX_POINT('',#6193);
#1890=VERTEX_POINT('',#6195);
#1891=VERTEX_POINT('',#6197);
#1892=VERTEX_POINT('',#6201);
#1893=VERTEX_POINT('',#6203);
#1894=VERTEX_POINT('',#6207);
#1895=VERTEX_POINT('',#6211);
#1896=VERTEX_POINT('',#6218);
#1897=VERTEX_POINT('',#6219);
#1898=VERTEX_POINT('',#6221);
#1899=VERTEX_POINT('',#6223);
#1900=VERTEX_POINT('',#6227);
#1901=VERTEX_POINT('',#6229);
#1902=VERTEX_POINT('',#6233);
#1903=VERTEX_POINT('',#6237);
#1904=VERTEX_POINT('',#6268);
#1905=VERTEX_POINT('',#6275);
#1906=VERTEX_POINT('',#6279);
#1907=LINE('',#4605,#2290);
#1908=LINE('',#4608,#2291);
#1909=LINE('',#4610,#2292);
#1910=LINE('',#4612,#2293);
#1911=LINE('',#4614,#2294);
#1912=LINE('',#4616,#2295);
#1913=LINE('',#4618,#2296);
#1914=LINE('',#4620,#2297);
#1915=LINE('',#4622,#2298);
#1916=LINE('',#4624,#2299);
#1917=LINE('',#4626,#2300);
#1918=LINE('',#4628,#2301);
#1919=LINE('',#4630,#2302);
#1920=LINE('',#4632,#2303);
#1921=LINE('',#4673,#2304);
#1922=LINE('',#4676,#2305);
#1923=LINE('',#4678,#2306);
#1924=LINE('',#4680,#2307);
#1925=LINE('',#4682,#2308);
#1926=LINE('',#4684,#2309);
#1927=LINE('',#4685,#2310);
#1928=LINE('',#4687,#2311);
#1929=LINE('',#4689,#2312);
#1930=LINE('',#4691,#2313);
#1931=LINE('',#4693,#2314);
#1932=LINE('',#4695,#2315);
#1933=LINE('',#4697,#2316);
#1934=LINE('',#4699,#2317);
#1935=LINE('',#4701,#2318);
#1936=LINE('',#4703,#2319);
#1937=LINE('',#4705,#2320);
#1938=LINE('',#4707,#2321);
#1939=LINE('',#4709,#2322);
#1940=LINE('',#4711,#2323);
#1941=LINE('',#4713,#2324);
#1942=LINE('',#4715,#2325);
#1943=LINE('',#4718,#2326);
#1944=LINE('',#4720,#2327);
#1945=LINE('',#4722,#2328);
#1946=LINE('',#4723,#2329);
#1947=LINE('',#4728,#2330);
#1948=LINE('',#4730,#2331);
#1949=LINE('',#4732,#2332);
#1950=LINE('',#4734,#2333);
#1951=LINE('',#4735,#2334);
#1952=LINE('',#4738,#2335);
#1953=LINE('',#4740,#2336);
#1954=LINE('',#4742,#2337);
#1955=LINE('',#4743,#2338);
#1956=LINE('',#4746,#2339);
#1957=LINE('',#4748,#2340);
#1958=LINE('',#4749,#2341);
#1959=LINE('',#4751,#2342);
#1960=LINE('',#4753,#2343);
#1961=LINE('',#4755,#2344);
#1962=LINE('',#4757,#2345);
#1963=LINE('',#4759,#2346);
#1964=LINE('',#4761,#2347);
#1965=LINE('',#4763,#2348);
#1966=LINE('',#4765,#2349);
#1967=LINE('',#4767,#2350);
#1968=LINE('',#4769,#2351);
#1969=LINE('',#4771,#2352);
#1970=LINE('',#4773,#2353);
#1971=LINE('',#4775,#2354);
#1972=LINE('',#4777,#2355);
#1973=LINE('',#4779,#2356);
#1974=LINE('',#4781,#2357);
#1975=LINE('',#4783,#2358);
#1976=LINE('',#4785,#2359);
#1977=LINE('',#4787,#2360);
#1978=LINE('',#4789,#2361);
#1979=LINE('',#4791,#2362);
#1980=LINE('',#4793,#2363);
#1981=LINE('',#4794,#2364);
#1982=LINE('',#4796,#2365);
#1983=LINE('',#4798,#2366);
#1984=LINE('',#4799,#2367);
#1985=LINE('',#4801,#2368);
#1986=LINE('',#4803,#2369);
#1987=LINE('',#4805,#2370);
#1988=LINE('',#4807,#2371);
#1989=LINE('',#4809,#2372);
#1990=LINE('',#4811,#2373);
#1991=LINE('',#4813,#2374);
#1992=LINE('',#4815,#2375);
#1993=LINE('',#4817,#2376);
#1994=LINE('',#4819,#2377);
#1995=LINE('',#4821,#2378);
#1996=LINE('',#4823,#2379);
#1997=LINE('',#4825,#2380);
#1998=LINE('',#4830,#2381);
#1999=LINE('',#4833,#2382);
#2000=LINE('',#4835,#2383);
#2001=LINE('',#4837,#2384);
#2002=LINE('',#4841,#2385);
#2003=LINE('',#4844,#2386);
#2004=LINE('',#4846,#2387);
#2005=LINE('',#4848,#2388);
#2006=LINE('',#4852,#2389);
#2007=LINE('',#4856,#2390);
#2008=LINE('',#4860,#2391);
#2009=LINE('',#4864,#2392);
#2010=LINE('',#4873,#2393);
#2011=LINE('',#4878,#2394);
#2012=LINE('',#4881,#2395);
#2013=LINE('',#4886,#2396);
#2014=LINE('',#4890,#2397);
#2015=LINE('',#4893,#2398);
#2016=LINE('',#4895,#2399);
#2017=LINE('',#4897,#2400);
#2018=LINE('',#4899,#2401);
#2019=LINE('',#4901,#2402);
#2020=LINE('',#4903,#2403);
#2021=LINE('',#4905,#2404);
#2022=LINE('',#4906,#2405);
#2023=LINE('',#4910,#2406);
#2024=LINE('',#4913,#2407);
#2025=LINE('',#4915,#2408);
#2026=LINE('',#4917,#2409);
#2027=LINE('',#4919,#2410);
#2028=LINE('',#4921,#2411);
#2029=LINE('',#4922,#2412);
#2030=LINE('',#4924,#2413);
#2031=LINE('',#4926,#2414);
#2032=LINE('',#4928,#2415);
#2033=LINE('',#4932,#2416);
#2034=LINE('',#4934,#2417);
#2035=LINE('',#4936,#2418);
#2036=LINE('',#4938,#2419);
#2037=LINE('',#4940,#2420);
#2038=LINE('',#4942,#2421);
#2039=LINE('',#4944,#2422);
#2040=LINE('',#4946,#2423);
#2041=LINE('',#4948,#2424);
#2042=LINE('',#4950,#2425);
#2043=LINE('',#4952,#2426);
#2044=LINE('',#4954,#2427);
#2045=LINE('',#4956,#2428);
#2046=LINE('',#4958,#2429);
#2047=LINE('',#4960,#2430);
#2048=LINE('',#4962,#2431);
#2049=LINE('',#4964,#2432);
#2050=LINE('',#4966,#2433);
#2051=LINE('',#4968,#2434);
#2052=LINE('',#4970,#2435);
#2053=LINE('',#4972,#2436);
#2054=LINE('',#4974,#2437);
#2055=LINE('',#4976,#2438);
#2056=LINE('',#4978,#2439);
#2057=LINE('',#4980,#2440);
#2058=LINE('',#4982,#2441);
#2059=LINE('',#4984,#2442);
#2060=LINE('',#4986,#2443);
#2061=LINE('',#4988,#2444);
#2062=LINE('',#4990,#2445);
#2063=LINE('',#4992,#2446);
#2064=LINE('',#4994,#2447);
#2065=LINE('',#5021,#2448);
#2066=LINE('',#5023,#2449);
#2067=LINE('',#5024,#2450);
#2068=LINE('',#5025,#2451);
#2069=LINE('',#5027,#2452);
#2070=LINE('',#5029,#2453);
#2071=LINE('',#5031,#2454);
#2072=LINE('',#5034,#2455);
#2073=LINE('',#5035,#2456);
#2074=LINE('',#5037,#2457);
#2075=LINE('',#5039,#2458);
#2076=LINE('',#5040,#2459);
#2077=LINE('',#5082,#2460);
#2078=LINE('',#5085,#2461);
#2079=LINE('',#5086,#2462);
#2080=LINE('',#5088,#2463);
#2081=LINE('',#5090,#2464);
#2082=LINE('',#5092,#2465);
#2083=LINE('',#5093,#2466);
#2084=LINE('',#5095,#2467);
#2085=LINE('',#5097,#2468);
#2086=LINE('',#5099,#2469);
#2087=LINE('',#5101,#2470);
#2088=LINE('',#5103,#2471);
#2089=LINE('',#5105,#2472);
#2090=LINE('',#5107,#2473);
#2091=LINE('',#5109,#2474);
#2092=LINE('',#5111,#2475);
#2093=LINE('',#5113,#2476);
#2094=LINE('',#5114,#2477);
#2095=LINE('',#5116,#2478);
#2096=LINE('',#5118,#2479);
#2097=LINE('',#5120,#2480);
#2098=LINE('',#5122,#2481);
#2099=LINE('',#5124,#2482);
#2100=LINE('',#5126,#2483);
#2101=LINE('',#5134,#2484);
#2102=LINE('',#5141,#2485);
#2103=LINE('',#5153,#2486);
#2104=LINE('',#5174,#2487);
#2105=LINE('',#5182,#2488);
#2106=LINE('',#5189,#2489);
#2107=LINE('',#5201,#2490);
#2108=LINE('',#5222,#2491);
#2109=LINE('',#5224,#2492);
#2110=LINE('',#5226,#2493);
#2111=LINE('',#5228,#2494);
#2112=LINE('',#5230,#2495);
#2113=LINE('',#5233,#2496);
#2114=LINE('',#5235,#2497);
#2115=LINE('',#5237,#2498);
#2116=LINE('',#5239,#2499);
#2117=LINE('',#5241,#2500);
#2118=LINE('',#5244,#2501);
#2119=LINE('',#5246,#2502);
#2120=LINE('',#5248,#2503);
#2121=LINE('',#5249,#2504);
#2122=LINE('',#5252,#2505);
#2123=LINE('',#5253,#2506);
#2124=LINE('',#5255,#2507);
#2125=LINE('',#5257,#2508);
#2126=LINE('',#5289,#2509);
#2127=LINE('',#5291,#2510);
#2128=LINE('',#5293,#2511);
#2129=LINE('',#5294,#2512);
#2130=LINE('',#5296,#2513);
#2131=LINE('',#5297,#2514);
#2132=LINE('',#5299,#2515);
#2133=LINE('',#5301,#2516);
#2134=LINE('',#5307,#2517);
#2135=LINE('',#5309,#2518);
#2136=LINE('',#5311,#2519);
#2137=LINE('',#5312,#2520);
#2138=LINE('',#5314,#2521);
#2139=LINE('',#5315,#2522);
#2140=LINE('',#5317,#2523);
#2141=LINE('',#5319,#2524);
#2142=LINE('',#5325,#2525);
#2143=LINE('',#5328,#2526);
#2144=LINE('',#5329,#2527);
#2145=LINE('',#5333,#2528);
#2146=LINE('',#5335,#2529);
#2147=LINE('',#5338,#2530);
#2148=LINE('',#5341,#2531);
#2149=LINE('',#5342,#2532);
#2150=LINE('',#5346,#2533);
#2151=LINE('',#5348,#2534);
#2152=LINE('',#5351,#2535);
#2153=LINE('',#5353,#2536);
#2154=LINE('',#5355,#2537);
#2155=LINE('',#5357,#2538);
#2156=LINE('',#5359,#2539);
#2157=LINE('',#5360,#2540);
#2158=LINE('',#5362,#2541);
#2159=LINE('',#5364,#2542);
#2160=LINE('',#5367,#2543);
#2161=LINE('',#5368,#2544);
#2162=LINE('',#5372,#2545);
#2163=LINE('',#5374,#2546);
#2164=LINE('',#5377,#2547);
#2165=LINE('',#5379,#2548);
#2166=LINE('',#6009,#2549);
#2167=LINE('',#6010,#2550);
#2168=LINE('',#6012,#2551);
#2169=LINE('',#6014,#2552);
#2170=LINE('',#6018,#2553);
#2171=LINE('',#6020,#2554);
#2172=LINE('',#6025,#2555);
#2173=LINE('',#6026,#2556);
#2174=LINE('',#6028,#2557);
#2175=LINE('',#6030,#2558);
#2176=LINE('',#6034,#2559);
#2177=LINE('',#6036,#2560);
#2178=LINE('',#6038,#2561);
#2179=LINE('',#6040,#2562);
#2180=LINE('',#6042,#2563);
#2181=LINE('',#6044,#2564);
#2182=LINE('',#6046,#2565);
#2183=LINE('',#6048,#2566);
#2184=LINE('',#6050,#2567);
#2185=LINE('',#6052,#2568);
#2186=LINE('',#6055,#2569);
#2187=LINE('',#6057,#2570);
#2188=LINE('',#6059,#2571);
#2189=LINE('',#6061,#2572);
#2190=LINE('',#6063,#2573);
#2191=LINE('',#6065,#2574);
#2192=LINE('',#6067,#2575);
#2193=LINE('',#6069,#2576);
#2194=LINE('',#6072,#2577);
#2195=LINE('',#6075,#2578);
#2196=LINE('',#6077,#2579);
#2197=LINE('',#6079,#2580);
#2198=LINE('',#6081,#2581);
#2199=LINE('',#6083,#2582);
#2200=LINE('',#6085,#2583);
#2201=LINE('',#6087,#2584);
#2202=LINE('',#6089,#2585);
#2203=LINE('',#6091,#2586);
#2204=LINE('',#6093,#2587);
#2205=LINE('',#6094,#2588);
#2206=LINE('',#6098,#2589);
#2207=LINE('',#6101,#2590);
#2208=LINE('',#6103,#2591);
#2209=LINE('',#6105,#2592);
#2210=LINE('',#6107,#2593);
#2211=LINE('',#6109,#2594);
#2212=LINE('',#6111,#2595);
#2213=LINE('',#6113,#2596);
#2214=LINE('',#6115,#2597);
#2215=LINE('',#6117,#2598);
#2216=LINE('',#6119,#2599);
#2217=LINE('',#6120,#2600);
#2218=LINE('',#6127,#2601);
#2219=LINE('',#6128,#2602);
#2220=LINE('',#6130,#2603);
#2221=LINE('',#6132,#2604);
#2222=LINE('',#6136,#2605);
#2223=LINE('',#6138,#2606);
#2224=LINE('',#6143,#2607);
#2225=LINE('',#6144,#2608);
#2226=LINE('',#6146,#2609);
#2227=LINE('',#6148,#2610);
#2228=LINE('',#6152,#2611);
#2229=LINE('',#6154,#2612);
#2230=LINE('',#6156,#2613);
#2231=LINE('',#6158,#2614);
#2232=LINE('',#6160,#2615);
#2233=LINE('',#6163,#2616);
#2234=LINE('',#6165,#2617);
#2235=LINE('',#6167,#2618);
#2236=LINE('',#6169,#2619);
#2237=LINE('',#6171,#2620);
#2238=LINE('',#6174,#2621);
#2239=LINE('',#6176,#2622);
#2240=LINE('',#6178,#2623);
#2241=LINE('',#6180,#2624);
#2242=LINE('',#6182,#2625);
#2243=LINE('',#6184,#2626);
#2244=LINE('',#6186,#2627);
#2245=LINE('',#6188,#2628);
#2246=LINE('',#6191,#2629);
#2247=LINE('',#6194,#2630);
#2248=LINE('',#6196,#2631);
#2249=LINE('',#6198,#2632);
#2250=LINE('',#6200,#2633);
#2251=LINE('',#6202,#2634);
#2252=LINE('',#6204,#2635);
#2253=LINE('',#6206,#2636);
#2254=LINE('',#6208,#2637);
#2255=LINE('',#6210,#2638);
#2256=LINE('',#6212,#2639);
#2257=LINE('',#6214,#2640);
#2258=LINE('',#6217,#2641);
#2259=LINE('',#6220,#2642);
#2260=LINE('',#6222,#2643);
#2261=LINE('',#6224,#2644);
#2262=LINE('',#6226,#2645);
#2263=LINE('',#6228,#2646);
#2264=LINE('',#6230,#2647);
#2265=LINE('',#6232,#2648);
#2266=LINE('',#6234,#2649);
#2267=LINE('',#6236,#2650);
#2268=LINE('',#6238,#2651);
#2269=LINE('',#6240,#2652);
#2270=LINE('',#6243,#2653);
#2271=LINE('',#6245,#2654);
#2272=LINE('',#6247,#2655);
#2273=LINE('',#6248,#2656);
#2274=LINE('',#6250,#2657);
#2275=LINE('',#6252,#2658);
#2276=LINE('',#6254,#2659);
#2277=LINE('',#6256,#2660);
#2278=LINE('',#6258,#2661);
#2279=LINE('',#6260,#2662);
#2280=LINE('',#6262,#2663);
#2281=LINE('',#6264,#2664);
#2282=LINE('',#6267,#2665);
#2283=LINE('',#6269,#2666);
#2284=LINE('',#6271,#2667);
#2285=LINE('',#6274,#2668);
#2286=LINE('',#6276,#2669);
#2287=LINE('',#6278,#2670);
#2288=LINE('',#6280,#2671);
#2289=LINE('',#6282,#2672);
#2290=VECTOR('',#3768,1000.);
#2291=VECTOR('',#3769,1000.);
#2292=VECTOR('',#3770,1000.);
#2293=VECTOR('',#3771,1000.);
#2294=VECTOR('',#3772,1000.);
#2295=VECTOR('',#3773,1000.);
#2296=VECTOR('',#3774,1000.);
#2297=VECTOR('',#3775,1000.);
#2298=VECTOR('',#3776,1000.);
#2299=VECTOR('',#3777,1000.);
#2300=VECTOR('',#3778,1000.);
#2301=VECTOR('',#3779,1000.);
#2302=VECTOR('',#3780,1000.);
#2303=VECTOR('',#3781,1000.);
#2304=VECTOR('',#3782,1000.);
#2305=VECTOR('',#3783,1000.);
#2306=VECTOR('',#3784,1000.);
#2307=VECTOR('',#3785,1000.);
#2308=VECTOR('',#3788,1000.);
#2309=VECTOR('',#3789,1000.);
#2310=VECTOR('',#3790,1000.);
#2311=VECTOR('',#3791,1000.);
#2312=VECTOR('',#3792,1000.);
#2313=VECTOR('',#3793,1000.);
#2314=VECTOR('',#3794,1000.);
#2315=VECTOR('',#3795,1000.);
#2316=VECTOR('',#3796,1000.);
#2317=VECTOR('',#3797,1000.);
#2318=VECTOR('',#3798,1000.);
#2319=VECTOR('',#3799,1000.);
#2320=VECTOR('',#3800,1000.);
#2321=VECTOR('',#3801,1000.);
#2322=VECTOR('',#3802,1000.);
#2323=VECTOR('',#3803,1000.);
#2324=VECTOR('',#3804,1000.);
#2325=VECTOR('',#3807,1000.);
#2326=VECTOR('',#3808,1000.);
#2327=VECTOR('',#3809,1000.);
#2328=VECTOR('',#3810,1000.);
#2329=VECTOR('',#3811,1000.);
#2330=VECTOR('',#3814,1000.);
#2331=VECTOR('',#3815,1000.);
#2332=VECTOR('',#3816,1000.);
#2333=VECTOR('',#3817,1000.);
#2334=VECTOR('',#3818,1000.);
#2335=VECTOR('',#3819,1000.);
#2336=VECTOR('',#3820,1000.);
#2337=VECTOR('',#3821,1000.);
#2338=VECTOR('',#3822,1000.);
#2339=VECTOR('',#3823,1000.);
#2340=VECTOR('',#3824,1000.);
#2341=VECTOR('',#3825,1000.);
#2342=VECTOR('',#3826,1000.);
#2343=VECTOR('',#3827,1000.);
#2344=VECTOR('',#3828,1000.);
#2345=VECTOR('',#3829,1000.);
#2346=VECTOR('',#3830,1000.);
#2347=VECTOR('',#3831,1000.);
#2348=VECTOR('',#3832,1000.);
#2349=VECTOR('',#3833,1000.);
#2350=VECTOR('',#3834,1000.);
#2351=VECTOR('',#3835,1000.);
#2352=VECTOR('',#3836,1000.);
#2353=VECTOR('',#3837,1000.);
#2354=VECTOR('',#3838,1000.);
#2355=VECTOR('',#3839,1000.);
#2356=VECTOR('',#3840,1000.);
#2357=VECTOR('',#3841,1000.);
#2358=VECTOR('',#3842,1000.);
#2359=VECTOR('',#3843,1000.);
#2360=VECTOR('',#3844,1000.);
#2361=VECTOR('',#3845,1000.);
#2362=VECTOR('',#3846,1000.);
#2363=VECTOR('',#3847,1000.);
#2364=VECTOR('',#3848,1000.);
#2365=VECTOR('',#3849,1000.);
#2366=VECTOR('',#3850,1000.);
#2367=VECTOR('',#3851,1000.);
#2368=VECTOR('',#3852,1000.);
#2369=VECTOR('',#3853,1000.);
#2370=VECTOR('',#3854,1000.);
#2371=VECTOR('',#3855,1000.);
#2372=VECTOR('',#3856,1000.);
#2373=VECTOR('',#3857,1000.);
#2374=VECTOR('',#3858,1000.);
#2375=VECTOR('',#3859,1000.);
#2376=VECTOR('',#3860,1000.);
#2377=VECTOR('',#3861,1000.);
#2378=VECTOR('',#3862,1000.);
#2379=VECTOR('',#3863,1000.);
#2380=VECTOR('',#3864,1000.);
#2381=VECTOR('',#3869,1000.);
#2382=VECTOR('',#3870,1000.);
#2383=VECTOR('',#3871,1000.);
#2384=VECTOR('',#3872,1000.);
#2385=VECTOR('',#3877,1000.);
#2386=VECTOR('',#3878,1000.);
#2387=VECTOR('',#3879,1000.);
#2388=VECTOR('',#3880,1000.);
#2389=VECTOR('',#3883,1000.);
#2390=VECTOR('',#3886,1000.);
#2391=VECTOR('',#3889,1000.);
#2392=VECTOR('',#3892,1000.);
#2393=VECTOR('',#3901,1000.);
#2394=VECTOR('',#3904,1000.);
#2395=VECTOR('',#3907,1000.);
#2396=VECTOR('',#3910,1000.);
#2397=VECTOR('',#3915,1000.);
#2398=VECTOR('',#3916,1000.);
#2399=VECTOR('',#3917,1000.);
#2400=VECTOR('',#3918,1000.);
#2401=VECTOR('',#3919,1000.);
#2402=VECTOR('',#3920,1000.);
#2403=VECTOR('',#3921,1000.);
#2404=VECTOR('',#3922,1000.);
#2405=VECTOR('',#3923,1000.);
#2406=VECTOR('',#3928,1000.);
#2407=VECTOR('',#3929,1000.);
#2408=VECTOR('',#3930,1000.);
#2409=VECTOR('',#3931,1000.);
#2410=VECTOR('',#3932,1000.);
#2411=VECTOR('',#3933,1000.);
#2412=VECTOR('',#3934,1000.);
#2413=VECTOR('',#3935,1000.);
#2414=VECTOR('',#3936,1000.);
#2415=VECTOR('',#3937,1000.);
#2416=VECTOR('',#3942,1000.);
#2417=VECTOR('',#3943,1000.);
#2418=VECTOR('',#3944,1000.);
#2419=VECTOR('',#3947,1000.);
#2420=VECTOR('',#3948,1000.);
#2421=VECTOR('',#3949,1000.);
#2422=VECTOR('',#3952,1000.);
#2423=VECTOR('',#3953,1000.);
#2424=VECTOR('',#3954,1000.);
#2425=VECTOR('',#3957,1000.);
#2426=VECTOR('',#3958,1000.);
#2427=VECTOR('',#3959,1000.);
#2428=VECTOR('',#3962,1000.);
#2429=VECTOR('',#3963,1000.);
#2430=VECTOR('',#3966,1000.);
#2431=VECTOR('',#3967,1000.);
#2432=VECTOR('',#3970,1000.);
#2433=VECTOR('',#3971,1000.);
#2434=VECTOR('',#3972,1000.);
#2435=VECTOR('',#3975,1000.);
#2436=VECTOR('',#3976,1000.);
#2437=VECTOR('',#3977,1000.);
#2438=VECTOR('',#3980,1000.);
#2439=VECTOR('',#3981,1000.);
#2440=VECTOR('',#3982,1000.);
#2441=VECTOR('',#3985,1000.);
#2442=VECTOR('',#3986,1000.);
#2443=VECTOR('',#3987,1000.);
#2444=VECTOR('',#3990,1000.);
#2445=VECTOR('',#3991,1000.);
#2446=VECTOR('',#3994,1000.);
#2447=VECTOR('',#3995,1000.);
#2448=VECTOR('',#4028,1000.);
#2449=VECTOR('',#4029,1000.);
#2450=VECTOR('',#4030,1000.);
#2451=VECTOR('',#4031,1000.);
#2452=VECTOR('',#4032,1000.);
#2453=VECTOR('',#4033,1000.);
#2454=VECTOR('',#4036,1000.);
#2455=VECTOR('',#4037,1000.);
#2456=VECTOR('',#4038,1000.);
#2457=VECTOR('',#4039,1000.);
#2458=VECTOR('',#4040,1000.);
#2459=VECTOR('',#4041,1000.);
#2460=VECTOR('',#4044,1000.);
#2461=VECTOR('',#4045,1000.);
#2462=VECTOR('',#4046,1000.);
#2463=VECTOR('',#4049,1000.);
#2464=VECTOR('',#4050,1000.);
#2465=VECTOR('',#4051,1000.);
#2466=VECTOR('',#4052,1000.);
#2467=VECTOR('',#4053,1000.);
#2468=VECTOR('',#4054,1000.);
#2469=VECTOR('',#4055,1000.);
#2470=VECTOR('',#4056,1000.);
#2471=VECTOR('',#4057,1000.);
#2472=VECTOR('',#4058,1000.);
#2473=VECTOR('',#4061,1000.);
#2474=VECTOR('',#4062,1000.);
#2475=VECTOR('',#4063,1000.);
#2476=VECTOR('',#4066,1000.);
#2477=VECTOR('',#4067,1000.);
#2478=VECTOR('',#4068,1000.);
#2479=VECTOR('',#4069,1000.);
#2480=VECTOR('',#4072,1000.);
#2481=VECTOR('',#4073,1000.);
#2482=VECTOR('',#4074,1000.);
#2483=VECTOR('',#4077,1000.);
#2484=VECTOR('',#4078,1000.);
#2485=VECTOR('',#4081,1000.);
#2486=VECTOR('',#4084,1000.);
#2487=VECTOR('',#4089,1000.);
#2488=VECTOR('',#4090,1000.);
#2489=VECTOR('',#4093,1000.);
#2490=VECTOR('',#4096,1000.);
#2491=VECTOR('',#4101,1000.);
#2492=VECTOR('',#4102,1000.);
#2493=VECTOR('',#4103,1000.);
#2494=VECTOR('',#4106,1000.);
#2495=VECTOR('',#4109,1000.);
#2496=VECTOR('',#4114,1000.);
#2497=VECTOR('',#4115,1000.);
#2498=VECTOR('',#4116,1000.);
#2499=VECTOR('',#4119,1000.);
#2500=VECTOR('',#4122,1000.);
#2501=VECTOR('',#4127,1000.);
#2502=VECTOR('',#4128,1000.);
#2503=VECTOR('',#4131,1000.);
#2504=VECTOR('',#4132,1000.);
#2505=VECTOR('',#4137,1000.);
#2506=VECTOR('',#4138,1000.);
#2507=VECTOR('',#4139,1000.);
#2508=VECTOR('',#4142,1000.);
#2509=VECTOR('',#4189,1000.);
#2510=VECTOR('',#4190,1000.);
#2511=VECTOR('',#4191,1000.);
#2512=VECTOR('',#4192,1000.);
#2513=VECTOR('',#4193,1000.);
#2514=VECTOR('',#4194,1000.);
#2515=VECTOR('',#4195,1000.);
#2516=VECTOR('',#4196,1000.);
#2517=VECTOR('',#4205,1000.);
#2518=VECTOR('',#4206,1000.);
#2519=VECTOR('',#4207,1000.);
#2520=VECTOR('',#4208,1000.);
#2521=VECTOR('',#4209,1000.);
#2522=VECTOR('',#4210,1000.);
#2523=VECTOR('',#4211,1000.);
#2524=VECTOR('',#4212,1000.);
#2525=VECTOR('',#4221,1000.);
#2526=VECTOR('',#4226,1000.);
#2527=VECTOR('',#4227,1000.);
#2528=VECTOR('',#4234,1000.);
#2529=VECTOR('',#4237,1000.);
#2530=VECTOR('',#4242,1000.);
#2531=VECTOR('',#4247,1000.);
#2532=VECTOR('',#4248,1000.);
#2533=VECTOR('',#4255,1000.);
#2534=VECTOR('',#4258,1000.);
#2535=VECTOR('',#4263,1000.);
#2536=VECTOR('',#4264,1000.);
#2537=VECTOR('',#4267,1000.);
#2538=VECTOR('',#4268,1000.);
#2539=VECTOR('',#4269,1000.);
#2540=VECTOR('',#4270,1000.);
#2541=VECTOR('',#4271,1000.);
#2542=VECTOR('',#4274,1000.);
#2543=VECTOR('',#4279,1000.);
#2544=VECTOR('',#4280,1000.);
#2545=VECTOR('',#4287,1000.);
#2546=VECTOR('',#4290,1000.);
#2547=VECTOR('',#4295,1000.);
#2548=VECTOR('',#4298,1000.);
#2549=VECTOR('',#4305,1000.);
#2550=VECTOR('',#4306,1000.);
#2551=VECTOR('',#4309,1000.);
#2552=VECTOR('',#4310,1000.);
#2553=VECTOR('',#4315,1000.);
#2554=VECTOR('',#4318,1000.);
#2555=VECTOR('',#4323,1000.);
#2556=VECTOR('',#4324,1000.);
#2557=VECTOR('',#4327,1000.);
#2558=VECTOR('',#4328,1000.);
#2559=VECTOR('',#4333,1000.);
#2560=VECTOR('',#4336,1000.);
#2561=VECTOR('',#4339,1000.);
#2562=VECTOR('',#4340,1000.);
#2563=VECTOR('',#4341,1000.);
#2564=VECTOR('',#4344,1000.);
#2565=VECTOR('',#4345,1000.);
#2566=VECTOR('',#4348,1000.);
#2567=VECTOR('',#4349,1000.);
#2568=VECTOR('',#4352,1000.);
#2569=VECTOR('',#4357,1000.);
#2570=VECTOR('',#4358,1000.);
#2571=VECTOR('',#4359,1000.);
#2572=VECTOR('',#4362,1000.);
#2573=VECTOR('',#4363,1000.);
#2574=VECTOR('',#4366,1000.);
#2575=VECTOR('',#4367,1000.);
#2576=VECTOR('',#4370,1000.);
#2577=VECTOR('',#4375,1000.);
#2578=VECTOR('',#4376,1000.);
#2579=VECTOR('',#4377,1000.);
#2580=VECTOR('',#4378,1000.);
#2581=VECTOR('',#4381,1000.);
#2582=VECTOR('',#4382,1000.);
#2583=VECTOR('',#4383,1000.);
#2584=VECTOR('',#4386,1000.);
#2585=VECTOR('',#4387,1000.);
#2586=VECTOR('',#4388,1000.);
#2587=VECTOR('',#4391,1000.);
#2588=VECTOR('',#4392,1000.);
#2589=VECTOR('',#4399,1000.);
#2590=VECTOR('',#4400,1000.);
#2591=VECTOR('',#4401,1000.);
#2592=VECTOR('',#4402,1000.);
#2593=VECTOR('',#4405,1000.);
#2594=VECTOR('',#4406,1000.);
#2595=VECTOR('',#4407,1000.);
#2596=VECTOR('',#4410,1000.);
#2597=VECTOR('',#4411,1000.);
#2598=VECTOR('',#4412,1000.);
#2599=VECTOR('',#4415,1000.);
#2600=VECTOR('',#4416,1000.);
#2601=VECTOR('',#4425,1000.);
#2602=VECTOR('',#4426,1000.);
#2603=VECTOR('',#4429,1000.);
#2604=VECTOR('',#4430,1000.);
#2605=VECTOR('',#4435,1000.);
#2606=VECTOR('',#4438,1000.);
#2607=VECTOR('',#4443,1000.);
#2608=VECTOR('',#4444,1000.);
#2609=VECTOR('',#4447,1000.);
#2610=VECTOR('',#4448,1000.);
#2611=VECTOR('',#4453,1000.);
#2612=VECTOR('',#4456,1000.);
#2613=VECTOR('',#4459,1000.);
#2614=VECTOR('',#4460,1000.);
#2615=VECTOR('',#4461,1000.);
#2616=VECTOR('',#4466,1000.);
#2617=VECTOR('',#4467,1000.);
#2618=VECTOR('',#4470,1000.);
#2619=VECTOR('',#4471,1000.);
#2620=VECTOR('',#4474,1000.);
#2621=VECTOR('',#4479,1000.);
#2622=VECTOR('',#4480,1000.);
#2623=VECTOR('',#4481,1000.);
#2624=VECTOR('',#4484,1000.);
#2625=VECTOR('',#4485,1000.);
#2626=VECTOR('',#4488,1000.);
#2627=VECTOR('',#4489,1000.);
#2628=VECTOR('',#4492,1000.);
#2629=VECTOR('',#4497,1000.);
#2630=VECTOR('',#4498,1000.);
#2631=VECTOR('',#4499,1000.);
#2632=VECTOR('',#4500,1000.);
#2633=VECTOR('',#4503,1000.);
#2634=VECTOR('',#4504,1000.);
#2635=VECTOR('',#4505,1000.);
#2636=VECTOR('',#4508,1000.);
#2637=VECTOR('',#4509,1000.);
#2638=VECTOR('',#4512,1000.);
#2639=VECTOR('',#4513,1000.);
#2640=VECTOR('',#4516,1000.);
#2641=VECTOR('',#4521,1000.);
#2642=VECTOR('',#4522,1000.);
#2643=VECTOR('',#4523,1000.);
#2644=VECTOR('',#4524,1000.);
#2645=VECTOR('',#4527,1000.);
#2646=VECTOR('',#4528,1000.);
#2647=VECTOR('',#4529,1000.);
#2648=VECTOR('',#4532,1000.);
#2649=VECTOR('',#4533,1000.);
#2650=VECTOR('',#4536,1000.);
#2651=VECTOR('',#4537,1000.);
#2652=VECTOR('',#4540,1000.);
#2653=VECTOR('',#4545,1000.);
#2654=VECTOR('',#4548,1000.);
#2655=VECTOR('',#4551,1000.);
#2656=VECTOR('',#4552,1000.);
#2657=VECTOR('',#4555,1000.);
#2658=VECTOR('',#4558,1000.);
#2659=VECTOR('',#4561,1000.);
#2660=VECTOR('',#4564,1000.);
#2661=VECTOR('',#4567,1000.);
#2662=VECTOR('',#4570,1000.);
#2663=VECTOR('',#4573,1000.);
#2664=VECTOR('',#4576,1000.);
#2665=VECTOR('',#4581,1000.);
#2666=VECTOR('',#4582,1000.);
#2667=VECTOR('',#4585,1000.);
#2668=VECTOR('',#4590,1000.);
#2669=VECTOR('',#4591,1000.);
#2670=VECTOR('',#4594,1000.);
#2671=VECTOR('',#4595,1000.);
#2672=VECTOR('',#4598,1000.);
#2673=EDGE_LOOP('',(#154,#155,#156,#157,#158,#159,#160,#161,#162,#163,#164,
#165,#166,#167));
#2674=EDGE_LOOP('',(#168,#169,#170,#171));
#2675=EDGE_LOOP('',(#172,#173,#174,#175));
#2676=EDGE_LOOP('',(#176,#177,#178,#179));
#2677=EDGE_LOOP('',(#180,#181,#182,#183,#184,#185,#186,#187,#188,#189,#190,
#191,#192,#193,#194,#195,#196,#197,#198));
#2678=EDGE_LOOP('',(#199,#200,#201,#202));
#2679=EDGE_LOOP('',(#203,#204,#205,#206,#207,#208));
#2680=EDGE_LOOP('',(#209,#210,#211,#212));
#2681=EDGE_LOOP('',(#213,#214,#215,#216,#217,#218,#219,#220,#221,#222,#223,
#224,#225,#226,#227,#228,#229,#230,#231,#232,#233,#234,#235,#236,#237,#238,
#239,#240,#241,#242,#243,#244,#245,#246,#247,#248,#249,#250,#251,#252,#253,
#254,#255,#256,#257,#258));
#2682=EDGE_LOOP('',(#259));
#2683=EDGE_LOOP('',(#260));
#2684=EDGE_LOOP('',(#261,#262,#263,#264));
#2685=EDGE_LOOP('',(#265));
#2686=EDGE_LOOP('',(#266,#267,#268,#269));
#2687=EDGE_LOOP('',(#270,#271,#272,#273));
#2688=EDGE_LOOP('',(#274,#275,#276,#277));
#2689=EDGE_LOOP('',(#278));
#2690=EDGE_LOOP('',(#279));
#2691=EDGE_LOOP('',(#280));
#2692=EDGE_LOOP('',(#281));
#2693=EDGE_LOOP('',(#282,#283,#284,#285));
#2694=EDGE_LOOP('',(#286,#287,#288,#289));
#2695=EDGE_LOOP('',(#290,#291,#292,#293,#294,#295,#296,#297,#298,#299));
#2696=EDGE_LOOP('',(#300));
#2697=EDGE_LOOP('',(#301,#302,#303,#304,#305,#306,#307,#308,#309,#310,#311,
#312));
#2698=EDGE_LOOP('',(#313));
#2699=EDGE_LOOP('',(#314,#315,#316,#317));
#2700=EDGE_LOOP('',(#318,#319,#320,#321));
#2701=EDGE_LOOP('',(#322,#323,#324,#325));
#2702=EDGE_LOOP('',(#326,#327,#328,#329));
#2703=EDGE_LOOP('',(#330,#331,#332,#333));
#2704=EDGE_LOOP('',(#334,#335,#336,#337));
#2705=EDGE_LOOP('',(#338,#339,#340,#341));
#2706=EDGE_LOOP('',(#342,#343,#344,#345));
#2707=EDGE_LOOP('',(#346,#347,#348,#349));
#2708=EDGE_LOOP('',(#350,#351,#352,#353));
#2709=EDGE_LOOP('',(#354,#355,#356,#357));
#2710=EDGE_LOOP('',(#358,#359,#360,#361));
#2711=EDGE_LOOP('',(#362));
#2712=EDGE_LOOP('',(#363));
#2713=EDGE_LOOP('',(#364));
#2714=EDGE_LOOP('',(#365));
#2715=EDGE_LOOP('',(#366));
#2716=EDGE_LOOP('',(#367));
#2717=EDGE_LOOP('',(#368));
#2718=EDGE_LOOP('',(#369));
#2719=EDGE_LOOP('',(#370));
#2720=EDGE_LOOP('',(#371));
#2721=EDGE_LOOP('',(#372,#373,#374,#375,#376,#377,#378,#379,#380,#381));
#2722=EDGE_LOOP('',(#382,#383,#384,#385,#386,#387,#388,#389));
#2723=EDGE_LOOP('',(#390,#391,#392,#393));
#2724=EDGE_LOOP('',(#394,#395,#396,#397));
#2725=EDGE_LOOP('',(#398,#399,#400,#401));
#2726=EDGE_LOOP('',(#402,#403,#404,#405,#406,#407,#408,#409,#410,#411,#412,
#413));
#2727=EDGE_LOOP('',(#414,#415,#416,#417));
#2728=EDGE_LOOP('',(#418,#419,#420,#421,#422,#423));
#2729=EDGE_LOOP('',(#424,#425,#426,#427,#428,#429,#430,#431));
#2730=EDGE_LOOP('',(#432,#433,#434,#435));
#2731=EDGE_LOOP('',(#436,#437,#438,#439));
#2732=EDGE_LOOP('',(#440,#441,#442,#443));
#2733=EDGE_LOOP('',(#444,#445,#446,#447));
#2734=EDGE_LOOP('',(#448,#449,#450,#451));
#2735=EDGE_LOOP('',(#452,#453,#454,#455));
#2736=EDGE_LOOP('',(#456,#457,#458,#459));
#2737=EDGE_LOOP('',(#460,#461,#462,#463));
#2738=EDGE_LOOP('',(#464,#465,#466,#467));
#2739=EDGE_LOOP('',(#468,#469,#470,#471));
#2740=EDGE_LOOP('',(#472,#473,#474,#475));
#2741=EDGE_LOOP('',(#476));
#2742=EDGE_LOOP('',(#477,#478,#479,#480));
#2743=EDGE_LOOP('',(#481,#482,#483,#484));
#2744=EDGE_LOOP('',(#485,#486,#487,#488));
#2745=EDGE_LOOP('',(#489,#490,#491,#492));
#2746=EDGE_LOOP('',(#493));
#2747=EDGE_LOOP('',(#494,#495,#496,#497));
#2748=EDGE_LOOP('',(#498,#499,#500,#501));
#2749=EDGE_LOOP('',(#502,#503,#504,#505,#506,#507,#508,#509));
#2750=EDGE_LOOP('',(#510));
#2751=EDGE_LOOP('',(#511,#512,#513,#514));
#2752=EDGE_LOOP('',(#515,#516,#517,#518,#519,#520,#521,#522));
#2753=EDGE_LOOP('',(#523,#524,#525,#526));
#2754=EDGE_LOOP('',(#527));
#2755=EDGE_LOOP('',(#528,#529,#530,#531));
#2756=EDGE_LOOP('',(#532));
#2757=EDGE_LOOP('',(#533));
#2758=EDGE_LOOP('',(#534));
#2759=EDGE_LOOP('',(#535));
#2760=EDGE_LOOP('',(#536));
#2761=EDGE_LOOP('',(#537));
#2762=EDGE_LOOP('',(#538));
#2763=EDGE_LOOP('',(#539));
#2764=EDGE_LOOP('',(#540));
#2765=EDGE_LOOP('',(#541));
#2766=EDGE_LOOP('',(#542));
#2767=EDGE_LOOP('',(#543));
#2768=EDGE_LOOP('',(#544));
#2769=EDGE_LOOP('',(#545));
#2770=EDGE_LOOP('',(#546));
#2771=EDGE_LOOP('',(#547));
#2772=EDGE_LOOP('',(#548));
#2773=EDGE_LOOP('',(#549));
#2774=EDGE_LOOP('',(#550));
#2775=EDGE_LOOP('',(#551));
#2776=EDGE_LOOP('',(#552));
#2777=EDGE_LOOP('',(#553));
#2778=EDGE_LOOP('',(#554));
#2779=EDGE_LOOP('',(#555));
#2780=EDGE_LOOP('',(#556));
#2781=EDGE_LOOP('',(#557));
#2782=EDGE_LOOP('',(#558,#559,#560,#561,#562,#563,#564,#565,#566,#567,#568,
#569,#570,#571,#572));
#2783=EDGE_LOOP('',(#573));
#2784=EDGE_LOOP('',(#574));
#2785=EDGE_LOOP('',(#575));
#2786=EDGE_LOOP('',(#576));
#2787=EDGE_LOOP('',(#577,#578,#579,#580,#581,#582,#583,#584,#585,#586,#587,
#588,#589,#590,#591));
#2788=EDGE_LOOP('',(#592));
#2789=EDGE_LOOP('',(#593));
#2790=EDGE_LOOP('',(#594));
#2791=EDGE_LOOP('',(#595));
#2792=EDGE_LOOP('',(#596,#597,#598,#599));
#2793=EDGE_LOOP('',(#600,#601,#602,#603));
#2794=EDGE_LOOP('',(#604,#605,#606,#607));
#2795=EDGE_LOOP('',(#608,#609,#610,#611));
#2796=EDGE_LOOP('',(#612,#613,#614,#615));
#2797=EDGE_LOOP('',(#616,#617,#618,#619));
#2798=EDGE_LOOP('',(#620,#621,#622,#623));
#2799=EDGE_LOOP('',(#624,#625,#626,#627));
#2800=EDGE_LOOP('',(#628,#629,#630,#631));
#2801=EDGE_LOOP('',(#632,#633,#634,#635));
#2802=EDGE_LOOP('',(#636,#637,#638,#639));
#2803=EDGE_LOOP('',(#640,#641,#642,#643));
#2804=EDGE_LOOP('',(#644,#645,#646,#647));
#2805=EDGE_LOOP('',(#648,#649,#650,#651));
#2806=EDGE_LOOP('',(#652,#653,#654,#655));
#2807=EDGE_LOOP('',(#656,#657,#658,#659));
#2808=EDGE_LOOP('',(#660,#661,#662,#663));
#2809=EDGE_LOOP('',(#664,#665,#666,#667,#668,#669,#670,#671));
#2810=EDGE_LOOP('',(#672,#673,#674,#675));
#2811=EDGE_LOOP('',(#676,#677,#678,#679));
#2812=EDGE_LOOP('',(#680,#681,#682,#683));
#2813=EDGE_LOOP('',(#684,#685,#686,#687));
#2814=EDGE_LOOP('',(#688,#689,#690,#691));
#2815=EDGE_LOOP('',(#692,#693,#694,#695));
#2816=EDGE_LOOP('',(#696,#697,#698,#699));
#2817=EDGE_LOOP('',(#700,#701,#702,#703));
#2818=EDGE_LOOP('',(#704,#705,#706,#707));
#2819=EDGE_LOOP('',(#708,#709,#710,#711));
#2820=EDGE_LOOP('',(#712,#713,#714,#715));
#2821=EDGE_LOOP('',(#716,#717,#718,#719));
#2822=EDGE_LOOP('',(#720,#721,#722,#723));
#2823=EDGE_LOOP('',(#724,#725,#726,#727));
#2824=EDGE_LOOP('',(#728,#729,#730,#731));
#2825=EDGE_LOOP('',(#732,#733,#734,#735));
#2826=EDGE_LOOP('',(#736,#737,#738,#739));
#2827=EDGE_LOOP('',(#740,#741,#742,#743));
#2828=EDGE_LOOP('',(#744,#745,#746,#747));
#2829=EDGE_LOOP('',(#748,#749,#750,#751));
#2830=EDGE_LOOP('',(#752,#753,#754,#755));
#2831=EDGE_LOOP('',(#756,#757,#758,#759));
#2832=EDGE_LOOP('',(#760,#761,#762,#763));
#2833=EDGE_LOOP('',(#764,#765,#766,#767));
#2834=EDGE_LOOP('',(#768,#769,#770,#771));
#2835=EDGE_LOOP('',(#772,#773,#774,#775));
#2836=EDGE_LOOP('',(#776,#777,#778,#779));
#2837=EDGE_LOOP('',(#780,#781,#782,#783));
#2838=EDGE_LOOP('',(#784,#785,#786,#787));
#2839=EDGE_LOOP('',(#788,#789,#790,#791));
#2840=EDGE_LOOP('',(#792,#793,#794,#795));
#2841=EDGE_LOOP('',(#796,#797,#798,#799));
#2842=EDGE_LOOP('',(#800,#801,#802,#803));
#2843=EDGE_LOOP('',(#804,#805,#806,#807));
#2844=EDGE_LOOP('',(#808,#809,#810,#811));
#2845=EDGE_LOOP('',(#812,#813,#814,#815));
#2846=EDGE_LOOP('',(#816,#817,#818,#819));
#2847=EDGE_LOOP('',(#820,#821,#822,#823));
#2848=EDGE_LOOP('',(#824,#825,#826,#827));
#2849=EDGE_LOOP('',(#828,#829,#830,#831));
#2850=EDGE_LOOP('',(#832,#833,#834,#835));
#2851=EDGE_LOOP('',(#836,#837,#838,#839));
#2852=EDGE_LOOP('',(#840,#841,#842,#843));
#2853=EDGE_LOOP('',(#844,#845,#846,#847));
#2854=EDGE_LOOP('',(#848,#849,#850,#851));
#2855=EDGE_LOOP('',(#852,#853,#854,#855));
#2856=EDGE_LOOP('',(#856,#857,#858,#859));
#2857=EDGE_LOOP('',(#860,#861,#862,#863));
#2858=EDGE_LOOP('',(#864,#865,#866,#867));
#2859=EDGE_LOOP('',(#868,#869,#870,#871));
#2860=EDGE_LOOP('',(#872,#873,#874,#875));
#2861=EDGE_LOOP('',(#876,#877,#878,#879));
#2862=EDGE_LOOP('',(#880,#881,#882,#883));
#2863=EDGE_LOOP('',(#884,#885,#886,#887));
#2864=EDGE_LOOP('',(#888,#889,#890,#891));
#2865=EDGE_LOOP('',(#892,#893,#894,#895));
#2866=EDGE_LOOP('',(#896,#897,#898,#899));
#2867=EDGE_LOOP('',(#900,#901,#902,#903));
#2868=EDGE_LOOP('',(#904,#905,#906,#907));
#2869=EDGE_LOOP('',(#908,#909,#910,#911));
#2870=EDGE_LOOP('',(#912,#913,#914,#915));
#2871=EDGE_LOOP('',(#916,#917,#918,#919));
#2872=EDGE_LOOP('',(#920,#921,#922,#923));
#2873=EDGE_LOOP('',(#924,#925,#926,#927));
#2874=EDGE_LOOP('',(#928,#929,#930,#931));
#2875=EDGE_LOOP('',(#932,#933,#934,#935));
#2876=EDGE_LOOP('',(#936,#937,#938,#939));
#2877=EDGE_LOOP('',(#940,#941,#942,#943));
#2878=EDGE_LOOP('',(#944,#945,#946,#947,#948,#949));
#2879=EDGE_LOOP('',(#950,#951,#952,#953));
#2880=EDGE_LOOP('',(#954,#955,#956,#957));
#2881=EDGE_LOOP('',(#958,#959,#960,#961));
#2882=EDGE_LOOP('',(#962,#963,#964,#965));
#2883=EDGE_LOOP('',(#966,#967,#968,#969));
#2884=EDGE_LOOP('',(#970,#971,#972,#973));
#2885=EDGE_LOOP('',(#974,#975,#976,#977));
#2886=EDGE_LOOP('',(#978,#979,#980,#981));
#2887=EDGE_LOOP('',(#982,#983,#984,#985));
#2888=EDGE_LOOP('',(#986,#987,#988,#989));
#2889=EDGE_LOOP('',(#990,#991,#992,#993));
#2890=EDGE_LOOP('',(#994,#995,#996,#997));
#2891=EDGE_LOOP('',(#998,#999,#1000,#1001));
#2892=EDGE_LOOP('',(#1002,#1003,#1004,#1005));
#2893=EDGE_LOOP('',(#1006,#1007,#1008,#1009));
#2894=EDGE_LOOP('',(#1010,#1011,#1012,#1013));
#2895=EDGE_LOOP('',(#1014,#1015,#1016,#1017));
#2896=EDGE_LOOP('',(#1018,#1019,#1020,#1021));
#2897=EDGE_LOOP('',(#1022,#1023,#1024,#1025));
#2898=EDGE_LOOP('',(#1026,#1027,#1028,#1029));
#2899=EDGE_LOOP('',(#1030,#1031,#1032,#1033));
#2900=EDGE_LOOP('',(#1034,#1035,#1036,#1037));
#2901=EDGE_LOOP('',(#1038,#1039,#1040,#1041));
#2902=EDGE_LOOP('',(#1042,#1043,#1044,#1045));
#2903=EDGE_LOOP('',(#1046,#1047,#1048,#1049));
#2904=EDGE_LOOP('',(#1050,#1051,#1052));
#2905=EDGE_LOOP('',(#1053,#1054,#1055));
#2906=EDGE_LOOP('',(#1056,#1057,#1058,#1059));
#2907=EDGE_LOOP('',(#1060,#1061,#1062,#1063));
#2908=EDGE_LOOP('',(#1064,#1065,#1066,#1067));
#2909=EDGE_LOOP('',(#1068,#1069,#1070,#1071));
#2910=EDGE_LOOP('',(#1072,#1073,#1074));
#2911=EDGE_LOOP('',(#1075,#1076,#1077));
#2912=EDGE_LOOP('',(#1078,#1079,#1080,#1081));
#2913=EDGE_LOOP('',(#1082,#1083,#1084,#1085));
#2914=EDGE_LOOP('',(#1086,#1087,#1088,#1089));
#2915=EDGE_LOOP('',(#1090,#1091,#1092));
#2916=EDGE_LOOP('',(#1093,#1094,#1095));
#2917=EDGE_LOOP('',(#1096,#1097,#1098,#1099));
#2918=EDGE_LOOP('',(#1100,#1101,#1102,#1103));
#2919=EDGE_LOOP('',(#1104,#1105,#1106));
#2920=EDGE_LOOP('',(#1107));
#2921=EDGE_LOOP('',(#1108,#1109));
#2922=FACE_BOUND('',#2673,.T.);
#2923=FACE_BOUND('',#2674,.T.);
#2924=FACE_BOUND('',#2675,.T.);
#2925=FACE_BOUND('',#2676,.T.);
#2926=FACE_BOUND('',#2677,.T.);
#2927=FACE_BOUND('',#2678,.T.);
#2928=FACE_BOUND('',#2679,.T.);
#2929=FACE_BOUND('',#2680,.T.);
#2930=FACE_BOUND('',#2681,.T.);
#2931=FACE_BOUND('',#2682,.T.);
#2932=FACE_BOUND('',#2683,.T.);
#2933=FACE_BOUND('',#2684,.T.);
#2934=FACE_BOUND('',#2685,.T.);
#2935=FACE_BOUND('',#2686,.T.);
#2936=FACE_BOUND('',#2687,.T.);
#2937=FACE_BOUND('',#2688,.T.);
#2938=FACE_BOUND('',#2689,.T.);
#2939=FACE_BOUND('',#2690,.T.);
#2940=FACE_BOUND('',#2691,.T.);
#2941=FACE_BOUND('',#2692,.T.);
#2942=FACE_BOUND('',#2693,.T.);
#2943=FACE_BOUND('',#2694,.T.);
#2944=FACE_BOUND('',#2695,.T.);
#2945=FACE_BOUND('',#2696,.T.);
#2946=FACE_BOUND('',#2697,.T.);
#2947=FACE_BOUND('',#2698,.T.);
#2948=FACE_BOUND('',#2699,.T.);
#2949=FACE_BOUND('',#2700,.T.);
#2950=FACE_BOUND('',#2701,.T.);
#2951=FACE_BOUND('',#2702,.T.);
#2952=FACE_BOUND('',#2703,.T.);
#2953=FACE_BOUND('',#2704,.T.);
#2954=FACE_BOUND('',#2705,.T.);
#2955=FACE_BOUND('',#2706,.T.);
#2956=FACE_BOUND('',#2707,.T.);
#2957=FACE_BOUND('',#2708,.T.);
#2958=FACE_BOUND('',#2709,.T.);
#2959=FACE_BOUND('',#2710,.T.);
#2960=FACE_BOUND('',#2711,.T.);
#2961=FACE_BOUND('',#2712,.T.);
#2962=FACE_BOUND('',#2713,.T.);
#2963=FACE_BOUND('',#2714,.T.);
#2964=FACE_BOUND('',#2715,.T.);
#2965=FACE_BOUND('',#2716,.T.);
#2966=FACE_BOUND('',#2717,.T.);
#2967=FACE_BOUND('',#2718,.T.);
#2968=FACE_BOUND('',#2719,.T.);
#2969=FACE_BOUND('',#2720,.T.);
#2970=FACE_BOUND('',#2721,.T.);
#2971=FACE_BOUND('',#2722,.T.);
#2972=FACE_BOUND('',#2723,.T.);
#2973=FACE_BOUND('',#2724,.T.);
#2974=FACE_BOUND('',#2725,.T.);
#2975=FACE_BOUND('',#2726,.T.);
#2976=FACE_BOUND('',#2727,.T.);
#2977=FACE_BOUND('',#2728,.T.);
#2978=FACE_BOUND('',#2729,.T.);
#2979=FACE_BOUND('',#2730,.T.);
#2980=FACE_BOUND('',#2731,.T.);
#2981=FACE_BOUND('',#2732,.T.);
#2982=FACE_BOUND('',#2733,.T.);
#2983=FACE_BOUND('',#2734,.T.);
#2984=FACE_BOUND('',#2735,.T.);
#2985=FACE_BOUND('',#2736,.T.);
#2986=FACE_BOUND('',#2737,.T.);
#2987=FACE_BOUND('',#2738,.T.);
#2988=FACE_BOUND('',#2739,.T.);
#2989=FACE_BOUND('',#2740,.T.);
#2990=FACE_BOUND('',#2741,.T.);
#2991=FACE_BOUND('',#2742,.T.);
#2992=FACE_BOUND('',#2743,.T.);
#2993=FACE_BOUND('',#2744,.T.);
#2994=FACE_BOUND('',#2745,.T.);
#2995=FACE_BOUND('',#2746,.T.);
#2996=FACE_BOUND('',#2747,.T.);
#2997=FACE_BOUND('',#2748,.T.);
#2998=FACE_BOUND('',#2749,.T.);
#2999=FACE_BOUND('',#2750,.T.);
#3000=FACE_BOUND('',#2751,.T.);
#3001=FACE_BOUND('',#2752,.T.);
#3002=FACE_BOUND('',#2753,.T.);
#3003=FACE_BOUND('',#2754,.T.);
#3004=FACE_BOUND('',#2755,.T.);
#3005=FACE_BOUND('',#2756,.T.);
#3006=FACE_BOUND('',#2757,.T.);
#3007=FACE_BOUND('',#2758,.T.);
#3008=FACE_BOUND('',#2759,.T.);
#3009=FACE_BOUND('',#2760,.T.);
#3010=FACE_BOUND('',#2761,.T.);
#3011=FACE_BOUND('',#2762,.T.);
#3012=FACE_BOUND('',#2763,.T.);
#3013=FACE_BOUND('',#2764,.T.);
#3014=FACE_BOUND('',#2765,.T.);
#3015=FACE_BOUND('',#2766,.T.);
#3016=FACE_BOUND('',#2767,.T.);
#3017=FACE_BOUND('',#2768,.T.);
#3018=FACE_BOUND('',#2769,.T.);
#3019=FACE_BOUND('',#2770,.T.);
#3020=FACE_BOUND('',#2771,.T.);
#3021=FACE_BOUND('',#2772,.T.);
#3022=FACE_BOUND('',#2773,.T.);
#3023=FACE_BOUND('',#2774,.T.);
#3024=FACE_BOUND('',#2775,.T.);
#3025=FACE_BOUND('',#2776,.T.);
#3026=FACE_BOUND('',#2777,.T.);
#3027=FACE_BOUND('',#2778,.T.);
#3028=FACE_BOUND('',#2779,.T.);
#3029=FACE_BOUND('',#2780,.T.);
#3030=FACE_BOUND('',#2781,.T.);
#3031=FACE_BOUND('',#2782,.T.);
#3032=FACE_BOUND('',#2783,.T.);
#3033=FACE_BOUND('',#2784,.T.);
#3034=FACE_BOUND('',#2785,.T.);
#3035=FACE_BOUND('',#2786,.T.);
#3036=FACE_BOUND('',#2787,.T.);
#3037=FACE_BOUND('',#2788,.T.);
#3038=FACE_BOUND('',#2789,.T.);
#3039=FACE_BOUND('',#2790,.T.);
#3040=FACE_BOUND('',#2791,.T.);
#3041=FACE_BOUND('',#2792,.T.);
#3042=FACE_BOUND('',#2793,.T.);
#3043=FACE_BOUND('',#2794,.T.);
#3044=FACE_BOUND('',#2795,.T.);
#3045=FACE_BOUND('',#2796,.T.);
#3046=FACE_BOUND('',#2797,.T.);
#3047=FACE_BOUND('',#2798,.T.);
#3048=FACE_BOUND('',#2799,.T.);
#3049=FACE_BOUND('',#2800,.T.);
#3050=FACE_BOUND('',#2801,.T.);
#3051=FACE_BOUND('',#2802,.T.);
#3052=FACE_BOUND('',#2803,.T.);
#3053=FACE_BOUND('',#2804,.T.);
#3054=FACE_BOUND('',#2805,.T.);
#3055=FACE_BOUND('',#2806,.T.);
#3056=FACE_BOUND('',#2807,.T.);
#3057=FACE_BOUND('',#2808,.T.);
#3058=FACE_BOUND('',#2809,.T.);
#3059=FACE_BOUND('',#2810,.T.);
#3060=FACE_BOUND('',#2811,.T.);
#3061=FACE_BOUND('',#2812,.T.);
#3062=FACE_BOUND('',#2813,.T.);
#3063=FACE_BOUND('',#2814,.T.);
#3064=FACE_BOUND('',#2815,.T.);
#3065=FACE_BOUND('',#2816,.T.);
#3066=FACE_BOUND('',#2817,.T.);
#3067=FACE_BOUND('',#2818,.T.);
#3068=FACE_BOUND('',#2819,.T.);
#3069=FACE_BOUND('',#2820,.T.);
#3070=FACE_BOUND('',#2821,.T.);
#3071=FACE_BOUND('',#2822,.T.);
#3072=FACE_BOUND('',#2823,.T.);
#3073=FACE_BOUND('',#2824,.T.);
#3074=FACE_BOUND('',#2825,.T.);
#3075=FACE_BOUND('',#2826,.T.);
#3076=FACE_BOUND('',#2827,.T.);
#3077=FACE_BOUND('',#2828,.T.);
#3078=FACE_BOUND('',#2829,.T.);
#3079=FACE_BOUND('',#2830,.T.);
#3080=FACE_BOUND('',#2831,.T.);
#3081=FACE_BOUND('',#2832,.T.);
#3082=FACE_BOUND('',#2833,.T.);
#3083=FACE_BOUND('',#2834,.T.);
#3084=FACE_BOUND('',#2835,.T.);
#3085=FACE_BOUND('',#2836,.T.);
#3086=FACE_BOUND('',#2837,.T.);
#3087=FACE_BOUND('',#2838,.T.);
#3088=FACE_BOUND('',#2839,.T.);
#3089=FACE_BOUND('',#2840,.T.);
#3090=FACE_BOUND('',#2841,.T.);
#3091=FACE_BOUND('',#2842,.T.);
#3092=FACE_BOUND('',#2843,.T.);
#3093=FACE_BOUND('',#2844,.T.);
#3094=FACE_BOUND('',#2845,.T.);
#3095=FACE_BOUND('',#2846,.T.);
#3096=FACE_BOUND('',#2847,.T.);
#3097=FACE_BOUND('',#2848,.T.);
#3098=FACE_BOUND('',#2849,.T.);
#3099=FACE_BOUND('',#2850,.T.);
#3100=FACE_BOUND('',#2851,.T.);
#3101=FACE_BOUND('',#2852,.T.);
#3102=FACE_BOUND('',#2853,.T.);
#3103=FACE_BOUND('',#2854,.T.);
#3104=FACE_BOUND('',#2855,.T.);
#3105=FACE_BOUND('',#2856,.T.);
#3106=FACE_BOUND('',#2857,.T.);
#3107=FACE_BOUND('',#2858,.T.);
#3108=FACE_BOUND('',#2859,.T.);
#3109=FACE_BOUND('',#2860,.T.);
#3110=FACE_BOUND('',#2861,.T.);
#3111=FACE_BOUND('',#2862,.T.);
#3112=FACE_BOUND('',#2863,.T.);
#3113=FACE_BOUND('',#2864,.T.);
#3114=FACE_BOUND('',#2865,.T.);
#3115=FACE_BOUND('',#2866,.T.);
#3116=FACE_BOUND('',#2867,.T.);
#3117=FACE_BOUND('',#2868,.T.);
#3118=FACE_BOUND('',#2869,.T.);
#3119=FACE_BOUND('',#2870,.T.);
#3120=FACE_BOUND('',#2871,.T.);
#3121=FACE_BOUND('',#2872,.T.);
#3122=FACE_BOUND('',#2873,.T.);
#3123=FACE_BOUND('',#2874,.T.);
#3124=FACE_BOUND('',#2875,.T.);
#3125=FACE_BOUND('',#2876,.T.);
#3126=FACE_BOUND('',#2877,.T.);
#3127=FACE_BOUND('',#2878,.T.);
#3128=FACE_BOUND('',#2879,.T.);
#3129=FACE_BOUND('',#2880,.T.);
#3130=FACE_BOUND('',#2881,.T.);
#3131=FACE_BOUND('',#2882,.T.);
#3132=FACE_BOUND('',#2883,.T.);
#3133=FACE_BOUND('',#2884,.T.);
#3134=FACE_BOUND('',#2885,.T.);
#3135=FACE_BOUND('',#2886,.T.);
#3136=FACE_BOUND('',#2887,.T.);
#3137=FACE_BOUND('',#2888,.T.);
#3138=FACE_BOUND('',#2889,.T.);
#3139=FACE_BOUND('',#2890,.T.);
#3140=FACE_BOUND('',#2891,.T.);
#3141=FACE_BOUND('',#2892,.T.);
#3142=FACE_BOUND('',#2893,.T.);
#3143=FACE_BOUND('',#2894,.T.);
#3144=FACE_BOUND('',#2895,.T.);
#3145=FACE_BOUND('',#2896,.T.);
#3146=FACE_BOUND('',#2897,.T.);
#3147=FACE_BOUND('',#2898,.T.);
#3148=FACE_BOUND('',#2899,.T.);
#3149=FACE_BOUND('',#2900,.T.);
#3150=FACE_BOUND('',#2901,.T.);
#3151=FACE_BOUND('',#2902,.T.);
#3152=FACE_BOUND('',#2903,.T.);
#3153=FACE_BOUND('',#2904,.T.);
#3154=FACE_BOUND('',#2905,.T.);
#3155=FACE_BOUND('',#2906,.T.);
#3156=FACE_BOUND('',#2907,.T.);
#3157=FACE_BOUND('',#2908,.T.);
#3158=FACE_BOUND('',#2909,.T.);
#3159=FACE_BOUND('',#2910,.T.);
#3160=FACE_BOUND('',#2911,.T.);
#3161=FACE_BOUND('',#2912,.T.);
#3162=FACE_BOUND('',#2913,.T.);
#3163=FACE_BOUND('',#2914,.T.);
#3164=FACE_BOUND('',#2915,.T.);
#3165=FACE_BOUND('',#2916,.T.);
#3166=FACE_BOUND('',#2917,.T.);
#3167=FACE_BOUND('',#2918,.T.);
#3168=FACE_BOUND('',#2919,.T.);
#3169=FACE_BOUND('',#2920,.T.);
#3170=FACE_BOUND('',#2921,.T.);
#3171=PLANE('',#3537);
#3172=PLANE('',#3538);
#3173=PLANE('',#3539);
#3174=PLANE('',#3543);
#3175=PLANE('',#3557);
#3176=PLANE('',#3559);
#3177=PLANE('',#3561);
#3178=PLANE('',#3562);
#3179=PLANE('',#3563);
#3180=PLANE('',#3564);
#3181=PLANE('',#3565);
#3182=PLANE('',#3566);
#3183=PLANE('',#3567);
#3184=PLANE('',#3568);
#3185=PLANE('',#3569);
#3186=PLANE('',#3570);
#3187=PLANE('',#3571);
#3188=PLANE('',#3572);
#3189=PLANE('',#3588);
#3190=PLANE('',#3589);
#3191=PLANE('',#3590);
#3192=PLANE('',#3591);
#3193=PLANE('',#3592);
#3194=PLANE('',#3593);
#3195=PLANE('',#3594);
#3196=PLANE('',#3595);
#3197=PLANE('',#3596);
#3198=PLANE('',#3597);
#3199=PLANE('',#3598);
#3200=PLANE('',#3599);
#3201=PLANE('',#3600);
#3202=PLANE('',#3601);
#3203=PLANE('',#3602);
#3204=PLANE('',#3603);
#3205=PLANE('',#3604);
#3206=PLANE('',#3605);
#3207=PLANE('',#3606);
#3208=PLANE('',#3607);
#3209=PLANE('',#3608);
#3210=PLANE('',#3609);
#3211=PLANE('',#3610);
#3212=PLANE('',#3611);
#3213=PLANE('',#3612);
#3214=PLANE('',#3613);
#3215=PLANE('',#3614);
#3216=PLANE('',#3615);
#3217=PLANE('',#3616);
#3218=PLANE('',#3618);
#3219=PLANE('',#3621);
#3220=PLANE('',#3626);
#3221=PLANE('',#3629);
#3222=PLANE('',#3632);
#3223=PLANE('',#3635);
#3224=PLANE('',#3638);
#3225=PLANE('',#3639);
#3226=PLANE('',#3642);
#3227=PLANE('',#3643);
#3228=PLANE('',#3646);
#3229=PLANE('',#3647);
#3230=PLANE('',#3648);
#3231=PLANE('',#3649);
#3232=PLANE('',#3650);
#3233=PLANE('',#3651);
#3234=PLANE('',#3652);
#3235=PLANE('',#3653);
#3236=PLANE('',#3654);
#3237=PLANE('',#3655);
#3238=PLANE('',#3656);
#3239=PLANE('',#3657);
#3240=PLANE('',#3658);
#3241=PLANE('',#3659);
#3242=PLANE('',#3660);
#3243=PLANE('',#3661);
#3244=PLANE('',#3662);
#3245=PLANE('',#3663);
#3246=PLANE('',#3664);
#3247=PLANE('',#3665);
#3248=PLANE('',#3666);
#3249=PLANE('',#3667);
#3250=PLANE('',#3668);
#3251=PLANE('',#3669);
#3252=PLANE('',#3670);
#3253=PLANE('',#3671);
#3254=PLANE('',#3672);
#3255=PLANE('',#3673);
#3256=PLANE('',#3674);
#3257=PLANE('',#3677);
#3258=PLANE('',#3680);
#3259=PLANE('',#3683);
#3260=PLANE('',#3686);
#3261=PLANE('',#3687);
#3262=PLANE('',#3688);
#3263=PLANE('',#3689);
#3264=PLANE('',#3690);
#3265=PLANE('',#3691);
#3266=PLANE('',#3692);
#3267=PLANE('',#3693);
#3268=PLANE('',#3694);
#3269=PLANE('',#3695);
#3270=PLANE('',#3696);
#3271=PLANE('',#3697);
#3272=PLANE('',#3698);
#3273=PLANE('',#3699);
#3274=PLANE('',#3700);
#3275=PLANE('',#3701);
#3276=PLANE('',#3702);
#3277=PLANE('',#3703);
#3278=PLANE('',#3704);
#3279=PLANE('',#3705);
#3280=PLANE('',#3706);
#3281=PLANE('',#3707);
#3282=PLANE('',#3708);
#3283=PLANE('',#3711);
#3284=PLANE('',#3714);
#3285=PLANE('',#3717);
#3286=PLANE('',#3720);
#3287=PLANE('',#3721);
#3288=PLANE('',#3722);
#3289=PLANE('',#3724);
#3290=PLANE('',#3725);
#3291=PLANE('',#3726);
#3292=PLANE('',#3727);
#3293=PLANE('',#3728);
#3294=PLANE('',#3729);
#3295=PLANE('',#3730);
#3296=PLANE('',#3731);
#3297=PLANE('',#3732);
#3298=PLANE('',#3733);
#3299=PLANE('',#3734);
#3300=PLANE('',#3735);
#3301=PLANE('',#3736);
#3302=PLANE('',#3737);
#3303=PLANE('',#3738);
#3304=PLANE('',#3739);
#3305=PLANE('',#3740);
#3306=PLANE('',#3741);
#3307=PLANE('',#3742);
#3308=PLANE('',#3743);
#3309=PLANE('',#3744);
#3310=PLANE('',#3745);
#3311=PLANE('',#3746);
#3312=PLANE('',#3747);
#3313=PLANE('',#3748);
#3314=PLANE('',#3749);
#3315=PLANE('',#3750);
#3316=PLANE('',#3751);
#3317=PLANE('',#3752);
#3318=PLANE('',#3753);
#3319=PLANE('',#3754);
#3320=PLANE('',#3755);
#3321=PLANE('',#3756);
#3322=PLANE('',#3757);
#3323=PLANE('',#3758);
#3324=PLANE('',#3759);
#3325=PLANE('',#3760);
#3326=PLANE('',#3761);
#3327=PLANE('',#3762);
#3328=ADVANCED_FACE('',(#2922,#2923,#2924,#2925),#3171,.F.);
#3329=ADVANCED_FACE('',(#2926),#3172,.F.);
#3330=ADVANCED_FACE('',(#2927,#2928,#2929,#2930,#2931,#2932,#2933),#3173,
 .F.);
#3331=ADVANCED_FACE('',(#2934,#2935,#2936,#2937,#2938,#2939,#2940,#2941,
#2942,#2943),#3174,.T.);
#3332=ADVANCED_FACE('',(#2944,#2945),#3175,.T.);
#3333=ADVANCED_FACE('',(#2946,#2947),#3176,.T.);
#3334=ADVANCED_FACE('',(#2948),#3177,.F.);
#3335=ADVANCED_FACE('',(#2949),#3178,.F.);
#3336=ADVANCED_FACE('',(#2950),#3179,.F.);
#3337=ADVANCED_FACE('',(#2951),#3180,.F.);
#3338=ADVANCED_FACE('',(#2952),#3181,.T.);
#3339=ADVANCED_FACE('',(#2953),#3182,.T.);
#3340=ADVANCED_FACE('',(#2954),#3183,.F.);
#3341=ADVANCED_FACE('',(#2955),#3184,.F.);
#3342=ADVANCED_FACE('',(#2956),#3185,.F.);
#3343=ADVANCED_FACE('',(#2957),#3186,.F.);
#3344=ADVANCED_FACE('',(#2958),#3187,.T.);
#3345=ADVANCED_FACE('',(#2959),#3188,.T.);
#3346=ADVANCED_FACE('',(#2960,#2961),#37,.F.);
#3347=ADVANCED_FACE('',(#2962,#2963),#38,.F.);
#3348=ADVANCED_FACE('',(#2964,#2965),#39,.F.);
#3349=ADVANCED_FACE('',(#2966,#2967),#40,.F.);
#3350=ADVANCED_FACE('',(#2968,#2969),#41,.F.);
#3351=ADVANCED_FACE('',(#2970),#3189,.F.);
#3352=ADVANCED_FACE('',(#2971),#3190,.F.);
#3353=ADVANCED_FACE('',(#2972,#2973,#2974),#3191,.F.);
#3354=ADVANCED_FACE('',(#2975),#3192,.F.);
#3355=ADVANCED_FACE('',(#2976),#3193,.F.);
#3356=ADVANCED_FACE('',(#2977),#3194,.T.);
#3357=ADVANCED_FACE('',(#2978),#3195,.F.);
#3358=ADVANCED_FACE('',(#2979),#3196,.F.);
#3359=ADVANCED_FACE('',(#2980),#3197,.F.);
#3360=ADVANCED_FACE('',(#2981),#3198,.F.);
#3361=ADVANCED_FACE('',(#2982),#3199,.F.);
#3362=ADVANCED_FACE('',(#2983),#3200,.F.);
#3363=ADVANCED_FACE('',(#2984),#3201,.F.);
#3364=ADVANCED_FACE('',(#2985),#3202,.F.);
#3365=ADVANCED_FACE('',(#2986),#3203,.F.);
#3366=ADVANCED_FACE('',(#2987),#3204,.F.);
#3367=ADVANCED_FACE('',(#2988),#3205,.F.);
#3368=ADVANCED_FACE('',(#2989),#3206,.F.);
#3369=ADVANCED_FACE('',(#2990,#2991),#3207,.T.);
#3370=ADVANCED_FACE('',(#2992),#3208,.F.);
#3371=ADVANCED_FACE('',(#2993),#3209,.F.);
#3372=ADVANCED_FACE('',(#2994),#3210,.F.);
#3373=ADVANCED_FACE('',(#2995,#2996),#3211,.T.);
#3374=ADVANCED_FACE('',(#2997),#3212,.F.);
#3375=ADVANCED_FACE('',(#2998),#3213,.F.);
#3376=ADVANCED_FACE('',(#2999,#3000),#3214,.T.);
#3377=ADVANCED_FACE('',(#3001),#3215,.F.);
#3378=ADVANCED_FACE('',(#3002),#3216,.F.);
#3379=ADVANCED_FACE('',(#3003,#3004),#3217,.T.);
#3380=ADVANCED_FACE('',(#3005,#3006),#3218,.F.);
#3381=ADVANCED_FACE('',(#3007,#3008),#42,.F.);
#3382=ADVANCED_FACE('',(#3009,#3010),#3219,.F.);
#3383=ADVANCED_FACE('',(#3011,#3012),#43,.F.);
#3384=ADVANCED_FACE('',(#3013,#3014),#44,.F.);
#3385=ADVANCED_FACE('',(#3015,#3016),#3220,.T.);
#3386=ADVANCED_FACE('',(#3017,#3018),#45,.F.);
#3387=ADVANCED_FACE('',(#3019,#3020),#3221,.T.);
#3388=ADVANCED_FACE('',(#3021,#3022),#46,.F.);
#3389=ADVANCED_FACE('',(#3023,#3024),#3222,.T.);
#3390=ADVANCED_FACE('',(#3025,#3026),#47,.F.);
#3391=ADVANCED_FACE('',(#3027,#3028),#3223,.T.);
#3392=ADVANCED_FACE('',(#3029,#3030),#48,.F.);
#3393=ADVANCED_FACE('',(#3031,#3032),#3224,.F.);
#3394=ADVANCED_FACE('',(#3033),#3225,.F.);
#3395=ADVANCED_FACE('',(#3034,#3035),#49,.F.);
#3396=ADVANCED_FACE('',(#3036,#3037),#3226,.F.);
#3397=ADVANCED_FACE('',(#3038),#3227,.F.);
#3398=ADVANCED_FACE('',(#3039,#3040),#50,.F.);
#3399=ADVANCED_FACE('',(#3041),#3228,.T.);
#3400=ADVANCED_FACE('',(#3042),#3229,.T.);
#3401=ADVANCED_FACE('',(#3043),#3230,.T.);
#3402=ADVANCED_FACE('',(#3044),#3231,.T.);
#3403=ADVANCED_FACE('',(#3045),#3232,.T.);
#3404=ADVANCED_FACE('',(#3046),#3233,.T.);
#3405=ADVANCED_FACE('',(#3047),#3234,.T.);
#3406=ADVANCED_FACE('',(#3048),#3235,.T.);
#3407=ADVANCED_FACE('',(#3049),#3236,.T.);
#3408=ADVANCED_FACE('',(#3050),#3237,.T.);
#3409=ADVANCED_FACE('',(#3051),#3238,.T.);
#3410=ADVANCED_FACE('',(#3052),#3239,.T.);
#3411=ADVANCED_FACE('',(#3053),#3240,.T.);
#3412=ADVANCED_FACE('',(#3054),#3241,.T.);
#3413=ADVANCED_FACE('',(#3055),#3242,.T.);
#3414=ADVANCED_FACE('',(#3056),#3243,.T.);
#3415=ADVANCED_FACE('',(#3057),#3244,.F.);
#3416=ADVANCED_FACE('',(#3058),#3245,.F.);
#3417=ADVANCED_FACE('',(#3059),#3246,.F.);
#3418=ADVANCED_FACE('',(#3060),#3247,.T.);
#3419=ADVANCED_FACE('',(#3061),#3248,.F.);
#3420=ADVANCED_FACE('',(#3062),#3249,.F.);
#3421=ADVANCED_FACE('',(#3063),#3250,.F.);
#3422=ADVANCED_FACE('',(#3064),#3251,.F.);
#3423=ADVANCED_FACE('',(#3065),#3252,.F.);
#3424=ADVANCED_FACE('',(#3066),#3253,.F.);
#3425=ADVANCED_FACE('',(#3067),#3254,.F.);
#3426=ADVANCED_FACE('',(#3068),#3255,.F.);
#3427=ADVANCED_FACE('',(#3069),#3256,.F.);
#3428=ADVANCED_FACE('',(#3070),#21,.T.);
#3429=ADVANCED_FACE('',(#3071),#22,.T.);
#3430=ADVANCED_FACE('',(#3072),#23,.T.);
#3431=ADVANCED_FACE('',(#3073),#24,.T.);
#3432=ADVANCED_FACE('',(#3074),#25,.T.);
#3433=ADVANCED_FACE('',(#3075),#26,.T.);
#3434=ADVANCED_FACE('',(#3076),#27,.T.);
#3435=ADVANCED_FACE('',(#3077),#28,.T.);
#3436=ADVANCED_FACE('',(#3078),#29,.T.);
#3437=ADVANCED_FACE('',(#3079),#30,.T.);
#3438=ADVANCED_FACE('',(#3080),#31,.T.);
#3439=ADVANCED_FACE('',(#3081),#32,.T.);
#3440=ADVANCED_FACE('',(#3082),#33,.T.);
#3441=ADVANCED_FACE('',(#3083),#34,.T.);
#3442=ADVANCED_FACE('',(#3084),#35,.T.);
#3443=ADVANCED_FACE('',(#3085),#36,.T.);
#3444=ADVANCED_FACE('',(#3086),#51,.F.);
#3445=ADVANCED_FACE('',(#3087),#3257,.F.);
#3446=ADVANCED_FACE('',(#3088),#52,.F.);
#3447=ADVANCED_FACE('',(#3089),#3258,.F.);
#3448=ADVANCED_FACE('',(#3090),#53,.F.);
#3449=ADVANCED_FACE('',(#3091),#3259,.F.);
#3450=ADVANCED_FACE('',(#3092),#54,.F.);
#3451=ADVANCED_FACE('',(#3093),#3260,.F.);
#3452=ADVANCED_FACE('',(#3094),#3261,.T.);
#3453=ADVANCED_FACE('',(#3095),#3262,.T.);
#3454=ADVANCED_FACE('',(#3096),#3263,.T.);
#3455=ADVANCED_FACE('',(#3097),#3264,.T.);
#3456=ADVANCED_FACE('',(#3098),#3265,.T.);
#3457=ADVANCED_FACE('',(#3099),#3266,.T.);
#3458=ADVANCED_FACE('',(#3100),#3267,.T.);
#3459=ADVANCED_FACE('',(#3101),#3268,.T.);
#3460=ADVANCED_FACE('',(#3102),#3269,.T.);
#3461=ADVANCED_FACE('',(#3103),#3270,.T.);
#3462=ADVANCED_FACE('',(#3104),#3271,.F.);
#3463=ADVANCED_FACE('',(#3105),#3272,.F.);
#3464=ADVANCED_FACE('',(#3106),#3273,.F.);
#3465=ADVANCED_FACE('',(#3107),#3274,.F.);
#3466=ADVANCED_FACE('',(#3108),#3275,.F.);
#3467=ADVANCED_FACE('',(#3109,#3110),#3276,.T.);
#3468=ADVANCED_FACE('',(#3111),#3277,.F.);
#3469=ADVANCED_FACE('',(#3112),#3278,.F.);
#3470=ADVANCED_FACE('',(#3113),#3279,.F.);
#3471=ADVANCED_FACE('',(#3114),#3280,.F.);
#3472=ADVANCED_FACE('',(#3115),#3281,.F.);
#3473=ADVANCED_FACE('',(#3116,#3117),#3282,.T.);
#3474=ADVANCED_FACE('',(#3118),#55,.F.);
#3475=ADVANCED_FACE('',(#3119),#3283,.T.);
#3476=ADVANCED_FACE('',(#3120),#56,.F.);
#3477=ADVANCED_FACE('',(#3121),#3284,.T.);
#3478=ADVANCED_FACE('',(#3122),#57,.F.);
#3479=ADVANCED_FACE('',(#3123),#3285,.T.);
#3480=ADVANCED_FACE('',(#3124),#58,.F.);
#3481=ADVANCED_FACE('',(#3125),#3286,.T.);
#3482=ADVANCED_FACE('',(#3126),#3287,.T.);
#3483=ADVANCED_FACE('',(#3127),#3288,.T.);
#3484=ADVANCED_FACE('',(#3128),#3289,.T.);
#3485=ADVANCED_FACE('',(#3129),#3290,.T.);
#3486=ADVANCED_FACE('',(#3130),#3291,.T.);
#3487=ADVANCED_FACE('',(#3131),#3292,.T.);
#3488=ADVANCED_FACE('',(#3132),#3293,.T.);
#3489=ADVANCED_FACE('',(#3133),#3294,.T.);
#3490=ADVANCED_FACE('',(#3134),#3295,.T.);
#3491=ADVANCED_FACE('',(#3135),#3296,.T.);
#3492=ADVANCED_FACE('',(#3136,#3137),#3297,.T.);
#3493=ADVANCED_FACE('',(#3138),#3298,.F.);
#3494=ADVANCED_FACE('',(#3139),#3299,.F.);
#3495=ADVANCED_FACE('',(#3140),#3300,.F.);
#3496=ADVANCED_FACE('',(#3141),#3301,.F.);
#3497=ADVANCED_FACE('',(#3142),#3302,.F.);
#3498=ADVANCED_FACE('',(#3143,#3144),#3303,.T.);
#3499=ADVANCED_FACE('',(#3145),#3304,.F.);
#3500=ADVANCED_FACE('',(#3146),#3305,.F.);
#3501=ADVANCED_FACE('',(#3147),#3306,.F.);
#3502=ADVANCED_FACE('',(#3148),#3307,.F.);
#3503=ADVANCED_FACE('',(#3149),#3308,.F.);
#3504=ADVANCED_FACE('',(#3150),#3309,.F.);
#3505=ADVANCED_FACE('',(#3151),#3310,.F.);
#3506=ADVANCED_FACE('',(#3152),#3311,.T.);
#3507=ADVANCED_FACE('',(#3153),#3312,.T.);
#3508=ADVANCED_FACE('',(#3154),#3313,.T.);
#3509=ADVANCED_FACE('',(#3155),#3314,.T.);
#3510=ADVANCED_FACE('',(#3156),#3315,.F.);
#3511=ADVANCED_FACE('',(#3157),#3316,.F.);
#3512=ADVANCED_FACE('',(#3158),#3317,.T.);
#3513=ADVANCED_FACE('',(#3159),#3318,.T.);
#3514=ADVANCED_FACE('',(#3160),#3319,.T.);
#3515=ADVANCED_FACE('',(#3161),#3320,.T.);
#3516=ADVANCED_FACE('',(#3162),#3321,.F.);
#3517=ADVANCED_FACE('',(#3163),#3322,.F.);
#3518=ADVANCED_FACE('',(#3164),#3323,.T.);
#3519=ADVANCED_FACE('',(#3165),#3324,.F.);
#3520=ADVANCED_FACE('',(#3166),#3325,.F.);
#3521=ADVANCED_FACE('',(#3167),#3326,.F.);
#3522=ADVANCED_FACE('',(#3168),#3327,.F.);
#3523=ADVANCED_FACE('',(#3169,#3170),#59,.F.);
#3524=CLOSED_SHELL('',(#3328,#3329,#3330,#3331,#3332,#3333,#3334,#3335,
#3336,#3337,#3338,#3339,#3340,#3341,#3342,#3343,#3344,#3345,#3346,#3347,
#3348,#3349,#3350,#3351,#3352,#3353,#3354,#3355,#3356,#3357,#3358,#3359,
#3360,#3361,#3362,#3363,#3364,#3365,#3366,#3367,#3368,#3369,#3370,#3371,
#3372,#3373,#3374,#3375,#3376,#3377,#3378,#3379,#3380,#3381,#3382,#3383,
#3384,#3385,#3386,#3387,#3388,#3389,#3390,#3391,#3392,#3393,#3394,#3395,
#3396,#3397,#3398,#3399,#3400,#3401,#3402,#3403,#3404,#3405,#3406,#3407,
#3408,#3409,#3410,#3411,#3412,#3413,#3414,#3415,#3416,#3417,#3418,#3419,
#3420,#3421,#3422,#3423,#3424,#3425,#3426,#3427,#3428,#3429,#3430,#3431,
#3432,#3433,#3434,#3435,#3436,#3437,#3438,#3439,#3440,#3441,#3442,#3443,
#3444,#3445,#3446,#3447,#3448,#3449,#3450,#3451,#3452,#3453,#3454,#3455,
#3456,#3457,#3458,#3459,#3460,#3461,#3462,#3463,#3464,#3465,#3466,#3467,
#3468,#3469,#3470,#3471,#3472,#3473,#3474,#3475,#3476,#3477,#3478,#3479,
#3480,#3481,#3482,#3483,#3484,#3485,#3486,#3487,#3488,#3489,#3490,#3491,
#3492,#3493,#3494,#3495,#3496,#3497,#3498,#3499,#3500,#3501,#3502,#3503,
#3504,#3505,#3506,#3507,#3508,#3509,#3510,#3511,#3512,#3513,#3514,#3515,
#3516,#3517,#3518,#3519,#3520,#3521,#3522,#3523));
#3525=STYLED_ITEM('',(#3526),#3533);
#3526=PRESENTATION_STYLE_ASSIGNMENT((#3527));
#3527=SURFACE_STYLE_USAGE(.BOTH.,#3528);
#3528=SURFACE_SIDE_STYLE('',(#3529));
#3529=SURFACE_STYLE_FILL_AREA(#3530);
#3530=FILL_AREA_STYLE('',(#3531));
#3531=FILL_AREA_STYLE_COLOUR('',#3532);
#3532=COLOUR_RGB('',0.733333349227905,0.800000011920929,0.933333337306976);
#3533=MANIFOLD_SOLID_BREP('EnclosureBase',#3524);
#3534=SHAPE_DEFINITION_REPRESENTATION(#6291,#3535);
#3535=SHAPE_REPRESENTATION('EnclosureBase',(#3536),#6286);
#3536=AXIS2_PLACEMENT_3D('',#4603,#3764,#3765);
#3537=AXIS2_PLACEMENT_3D('',#4604,#3766,#3767);
#3538=AXIS2_PLACEMENT_3D('',#4681,#3786,#3787);
#3539=AXIS2_PLACEMENT_3D('',#4714,#3805,#3806);
#3540=AXIS2_PLACEMENT_3D('',#4726,#3812,#3813);
#3541=AXIS2_PLACEMENT_3D('',#4826,#3865,#3866);
#3542=AXIS2_PLACEMENT_3D('',#4828,#3867,#3868);
#3543=AXIS2_PLACEMENT_3D('',#4838,#3873,#3874);
#3544=AXIS2_PLACEMENT_3D('',#4839,#3875,#3876);
#3545=AXIS2_PLACEMENT_3D('',#4849,#3881,#3882);
#3546=AXIS2_PLACEMENT_3D('',#4854,#3884,#3885);
#3547=AXIS2_PLACEMENT_3D('',#4857,#3887,#3888);
#3548=AXIS2_PLACEMENT_3D('',#4862,#3890,#3891);
#3549=AXIS2_PLACEMENT_3D('',#4865,#3893,#3894);
#3550=AXIS2_PLACEMENT_3D('',#4867,#3895,#3896);
#3551=AXIS2_PLACEMENT_3D('',#4869,#3897,#3898);
#3552=AXIS2_PLACEMENT_3D('',#4871,#3899,#3900);
#3553=AXIS2_PLACEMENT_3D('',#4876,#3902,#3903);
#3554=AXIS2_PLACEMENT_3D('',#4880,#3905,#3906);
#3555=AXIS2_PLACEMENT_3D('',#4884,#3908,#3909);
#3556=AXIS2_PLACEMENT_3D('',#4888,#3911,#3912);
#3557=AXIS2_PLACEMENT_3D('',#4889,#3913,#3914);
#3558=AXIS2_PLACEMENT_3D('',#4907,#3924,#3925);
#3559=AXIS2_PLACEMENT_3D('',#4909,#3926,#3927);
#3560=AXIS2_PLACEMENT_3D('',#4929,#3938,#3939);
#3561=AXIS2_PLACEMENT_3D('',#4931,#3940,#3941);
#3562=AXIS2_PLACEMENT_3D('',#4937,#3945,#3946);
#3563=AXIS2_PLACEMENT_3D('',#4943,#3950,#3951);
#3564=AXIS2_PLACEMENT_3D('',#4949,#3955,#3956);
#3565=AXIS2_PLACEMENT_3D('',#4955,#3960,#3961);
#3566=AXIS2_PLACEMENT_3D('',#4959,#3964,#3965);
#3567=AXIS2_PLACEMENT_3D('',#4963,#3968,#3969);
#3568=AXIS2_PLACEMENT_3D('',#4969,#3973,#3974);
#3569=AXIS2_PLACEMENT_3D('',#4975,#3978,#3979);
#3570=AXIS2_PLACEMENT_3D('',#4981,#3983,#3984);
#3571=AXIS2_PLACEMENT_3D('',#4987,#3988,#3989);
#3572=AXIS2_PLACEMENT_3D('',#4991,#3992,#3993);
#3573=AXIS2_PLACEMENT_3D('',#4995,#3996,#3997);
#3574=AXIS2_PLACEMENT_3D('',#4996,#3998,#3999);
#3575=AXIS2_PLACEMENT_3D('',#4998,#4000,#4001);
#3576=AXIS2_PLACEMENT_3D('',#5000,#4002,#4003);
#3577=AXIS2_PLACEMENT_3D('',#5001,#4004,#4005);
#3578=AXIS2_PLACEMENT_3D('',#5003,#4006,#4007);
#3579=AXIS2_PLACEMENT_3D('',#5005,#4008,#4009);
#3580=AXIS2_PLACEMENT_3D('',#5006,#4010,#4011);
#3581=AXIS2_PLACEMENT_3D('',#5008,#4012,#4013);
#3582=AXIS2_PLACEMENT_3D('',#5010,#4014,#4015);
#3583=AXIS2_PLACEMENT_3D('',#5011,#4016,#4017);
#3584=AXIS2_PLACEMENT_3D('',#5013,#4018,#4019);
#3585=AXIS2_PLACEMENT_3D('',#5015,#4020,#4021);
#3586=AXIS2_PLACEMENT_3D('',#5016,#4022,#4023);
#3587=AXIS2_PLACEMENT_3D('',#5018,#4024,#4025);
#3588=AXIS2_PLACEMENT_3D('',#5020,#4026,#4027);
#3589=AXIS2_PLACEMENT_3D('',#5030,#4034,#4035);
#3590=AXIS2_PLACEMENT_3D('',#5041,#4042,#4043);
#3591=AXIS2_PLACEMENT_3D('',#5087,#4047,#4048);
#3592=AXIS2_PLACEMENT_3D('',#5106,#4059,#4060);
#3593=AXIS2_PLACEMENT_3D('',#5112,#4064,#4065);
#3594=AXIS2_PLACEMENT_3D('',#5119,#4070,#4071);
#3595=AXIS2_PLACEMENT_3D('',#5125,#4075,#4076);
#3596=AXIS2_PLACEMENT_3D('',#5140,#4079,#4080);
#3597=AXIS2_PLACEMENT_3D('',#5152,#4082,#4083);
#3598=AXIS2_PLACEMENT_3D('',#5164,#4085,#4086);
#3599=AXIS2_PLACEMENT_3D('',#5173,#4087,#4088);
#3600=AXIS2_PLACEMENT_3D('',#5188,#4091,#4092);
#3601=AXIS2_PLACEMENT_3D('',#5200,#4094,#4095);
#3602=AXIS2_PLACEMENT_3D('',#5212,#4097,#4098);
#3603=AXIS2_PLACEMENT_3D('',#5221,#4099,#4100);
#3604=AXIS2_PLACEMENT_3D('',#5227,#4104,#4105);
#3605=AXIS2_PLACEMENT_3D('',#5229,#4107,#4108);
#3606=AXIS2_PLACEMENT_3D('',#5231,#4110,#4111);
#3607=AXIS2_PLACEMENT_3D('',#5232,#4112,#4113);
#3608=AXIS2_PLACEMENT_3D('',#5238,#4117,#4118);
#3609=AXIS2_PLACEMENT_3D('',#5240,#4120,#4121);
#3610=AXIS2_PLACEMENT_3D('',#5242,#4123,#4124);
#3611=AXIS2_PLACEMENT_3D('',#5243,#4125,#4126);
#3612=AXIS2_PLACEMENT_3D('',#5247,#4129,#4130);
#3613=AXIS2_PLACEMENT_3D('',#5250,#4133,#4134);
#3614=AXIS2_PLACEMENT_3D('',#5251,#4135,#4136);
#3615=AXIS2_PLACEMENT_3D('',#5256,#4140,#4141);
#3616=AXIS2_PLACEMENT_3D('',#5258,#4143,#4144);
#3617=AXIS2_PLACEMENT_3D('',#5259,#4145,#4146);
#3618=AXIS2_PLACEMENT_3D('',#5261,#4147,#4148);
#3619=AXIS2_PLACEMENT_3D('',#5262,#4149,#4150);
#3620=AXIS2_PLACEMENT_3D('',#5264,#4151,#4152);
#3621=AXIS2_PLACEMENT_3D('',#5265,#4153,#4154);
#3622=AXIS2_PLACEMENT_3D('',#5266,#4155,#4156);
#3623=AXIS2_PLACEMENT_3D('',#5268,#4157,#4158);
#3624=AXIS2_PLACEMENT_3D('',#5269,#4159,#4160);
#3625=AXIS2_PLACEMENT_3D('',#5270,#4161,#4162);
#3626=AXIS2_PLACEMENT_3D('',#5272,#4163,#4164);
#3627=AXIS2_PLACEMENT_3D('',#5273,#4165,#4166);
#3628=AXIS2_PLACEMENT_3D('',#5275,#4167,#4168);
#3629=AXIS2_PLACEMENT_3D('',#5276,#4169,#4170);
#3630=AXIS2_PLACEMENT_3D('',#5277,#4171,#4172);
#3631=AXIS2_PLACEMENT_3D('',#5279,#4173,#4174);
#3632=AXIS2_PLACEMENT_3D('',#5280,#4175,#4176);
#3633=AXIS2_PLACEMENT_3D('',#5281,#4177,#4178);
#3634=AXIS2_PLACEMENT_3D('',#5283,#4179,#4180);
#3635=AXIS2_PLACEMENT_3D('',#5284,#4181,#4182);
#3636=AXIS2_PLACEMENT_3D('',#5285,#4183,#4184);
#3637=AXIS2_PLACEMENT_3D('',#5287,#4185,#4186);
#3638=AXIS2_PLACEMENT_3D('',#5288,#4187,#4188);
#3639=AXIS2_PLACEMENT_3D('',#5302,#4197,#4198);
#3640=AXIS2_PLACEMENT_3D('',#5303,#4199,#4200);
#3641=AXIS2_PLACEMENT_3D('',#5305,#4201,#4202);
#3642=AXIS2_PLACEMENT_3D('',#5306,#4203,#4204);
#3643=AXIS2_PLACEMENT_3D('',#5320,#4213,#4214);
#3644=AXIS2_PLACEMENT_3D('',#5321,#4215,#4216);
#3645=AXIS2_PLACEMENT_3D('',#5323,#4217,#4218);
#3646=AXIS2_PLACEMENT_3D('',#5324,#4219,#4220);
#3647=AXIS2_PLACEMENT_3D('',#5326,#4222,#4223);
#3648=AXIS2_PLACEMENT_3D('',#5327,#4224,#4225);
#3649=AXIS2_PLACEMENT_3D('',#5330,#4228,#4229);
#3650=AXIS2_PLACEMENT_3D('',#5331,#4230,#4231);
#3651=AXIS2_PLACEMENT_3D('',#5332,#4232,#4233);
#3652=AXIS2_PLACEMENT_3D('',#5334,#4235,#4236);
#3653=AXIS2_PLACEMENT_3D('',#5336,#4238,#4239);
#3654=AXIS2_PLACEMENT_3D('',#5337,#4240,#4241);
#3655=AXIS2_PLACEMENT_3D('',#5339,#4243,#4244);
#3656=AXIS2_PLACEMENT_3D('',#5340,#4245,#4246);
#3657=AXIS2_PLACEMENT_3D('',#5343,#4249,#4250);
#3658=AXIS2_PLACEMENT_3D('',#5344,#4251,#4252);
#3659=AXIS2_PLACEMENT_3D('',#5345,#4253,#4254);
#3660=AXIS2_PLACEMENT_3D('',#5347,#4256,#4257);
#3661=AXIS2_PLACEMENT_3D('',#5349,#4259,#4260);
#3662=AXIS2_PLACEMENT_3D('',#5350,#4261,#4262);
#3663=AXIS2_PLACEMENT_3D('',#5354,#4265,#4266);
#3664=AXIS2_PLACEMENT_3D('',#5363,#4272,#4273);
#3665=AXIS2_PLACEMENT_3D('',#5365,#4275,#4276);
#3666=AXIS2_PLACEMENT_3D('',#5366,#4277,#4278);
#3667=AXIS2_PLACEMENT_3D('',#5369,#4281,#4282);
#3668=AXIS2_PLACEMENT_3D('',#5370,#4283,#4284);
#3669=AXIS2_PLACEMENT_3D('',#5371,#4285,#4286);
#3670=AXIS2_PLACEMENT_3D('',#5373,#4288,#4289);
#3671=AXIS2_PLACEMENT_3D('',#5375,#4291,#4292);
#3672=AXIS2_PLACEMENT_3D('',#5376,#4293,#4294);
#3673=AXIS2_PLACEMENT_3D('',#5378,#4296,#4297);
#3674=AXIS2_PLACEMENT_3D('',#5380,#4299,#4300);
#3675=AXIS2_PLACEMENT_3D('',#6005,#4301,#4302);
#3676=AXIS2_PLACEMENT_3D('',#6006,#4303,#4304);
#3677=AXIS2_PLACEMENT_3D('',#6011,#4307,#4308);
#3678=AXIS2_PLACEMENT_3D('',#6015,#4311,#4312);
#3679=AXIS2_PLACEMENT_3D('',#6016,#4313,#4314);
#3680=AXIS2_PLACEMENT_3D('',#6019,#4316,#4317);
#3681=AXIS2_PLACEMENT_3D('',#6021,#4319,#4320);
#3682=AXIS2_PLACEMENT_3D('',#6022,#4321,#4322);
#3683=AXIS2_PLACEMENT_3D('',#6027,#4325,#4326);
#3684=AXIS2_PLACEMENT_3D('',#6031,#4329,#4330);
#3685=AXIS2_PLACEMENT_3D('',#6032,#4331,#4332);
#3686=AXIS2_PLACEMENT_3D('',#6035,#4334,#4335);
#3687=AXIS2_PLACEMENT_3D('',#6037,#4337,#4338);
#3688=AXIS2_PLACEMENT_3D('',#6043,#4342,#4343);
#3689=AXIS2_PLACEMENT_3D('',#6047,#4346,#4347);
#3690=AXIS2_PLACEMENT_3D('',#6051,#4350,#4351);
#3691=AXIS2_PLACEMENT_3D('',#6053,#4353,#4354);
#3692=AXIS2_PLACEMENT_3D('',#6054,#4355,#4356);
#3693=AXIS2_PLACEMENT_3D('',#6060,#4360,#4361);
#3694=AXIS2_PLACEMENT_3D('',#6064,#4364,#4365);
#3695=AXIS2_PLACEMENT_3D('',#6068,#4368,#4369);
#3696=AXIS2_PLACEMENT_3D('',#6070,#4371,#4372);
#3697=AXIS2_PLACEMENT_3D('',#6071,#4373,#4374);
#3698=AXIS2_PLACEMENT_3D('',#6080,#4379,#4380);
#3699=AXIS2_PLACEMENT_3D('',#6086,#4384,#4385);
#3700=AXIS2_PLACEMENT_3D('',#6092,#4389,#4390);
#3701=AXIS2_PLACEMENT_3D('',#6095,#4393,#4394);
#3702=AXIS2_PLACEMENT_3D('',#6096,#4395,#4396);
#3703=AXIS2_PLACEMENT_3D('',#6097,#4397,#4398);
#3704=AXIS2_PLACEMENT_3D('',#6106,#4403,#4404);
#3705=AXIS2_PLACEMENT_3D('',#6112,#4408,#4409);
#3706=AXIS2_PLACEMENT_3D('',#6118,#4413,#4414);
#3707=AXIS2_PLACEMENT_3D('',#6121,#4417,#4418);
#3708=AXIS2_PLACEMENT_3D('',#6122,#4419,#4420);
#3709=AXIS2_PLACEMENT_3D('',#6123,#4421,#4422);
#3710=AXIS2_PLACEMENT_3D('',#6124,#4423,#4424);
#3711=AXIS2_PLACEMENT_3D('',#6129,#4427,#4428);
#3712=AXIS2_PLACEMENT_3D('',#6133,#4431,#4432);
#3713=AXIS2_PLACEMENT_3D('',#6134,#4433,#4434);
#3714=AXIS2_PLACEMENT_3D('',#6137,#4436,#4437);
#3715=AXIS2_PLACEMENT_3D('',#6139,#4439,#4440);
#3716=AXIS2_PLACEMENT_3D('',#6140,#4441,#4442);
#3717=AXIS2_PLACEMENT_3D('',#6145,#4445,#4446);
#3718=AXIS2_PLACEMENT_3D('',#6149,#4449,#4450);
#3719=AXIS2_PLACEMENT_3D('',#6150,#4451,#4452);
#3720=AXIS2_PLACEMENT_3D('',#6153,#4454,#4455);
#3721=AXIS2_PLACEMENT_3D('',#6155,#4457,#4458);
#3722=AXIS2_PLACEMENT_3D('',#6161,#4462,#4463);
#3723=AXIS2_PLACEMENT_3D('',#6162,#4464,#4465);
#3724=AXIS2_PLACEMENT_3D('',#6166,#4468,#4469);
#3725=AXIS2_PLACEMENT_3D('',#6170,#4472,#4473);
#3726=AXIS2_PLACEMENT_3D('',#6172,#4475,#4476);
#3727=AXIS2_PLACEMENT_3D('',#6173,#4477,#4478);
#3728=AXIS2_PLACEMENT_3D('',#6179,#4482,#4483);
#3729=AXIS2_PLACEMENT_3D('',#6183,#4486,#4487);
#3730=AXIS2_PLACEMENT_3D('',#6187,#4490,#4491);
#3731=AXIS2_PLACEMENT_3D('',#6189,#4493,#4494);
#3732=AXIS2_PLACEMENT_3D('',#6190,#4495,#4496);
#3733=AXIS2_PLACEMENT_3D('',#6199,#4501,#4502);
#3734=AXIS2_PLACEMENT_3D('',#6205,#4506,#4507);
#3735=AXIS2_PLACEMENT_3D('',#6209,#4510,#4511);
#3736=AXIS2_PLACEMENT_3D('',#6213,#4514,#4515);
#3737=AXIS2_PLACEMENT_3D('',#6215,#4517,#4518);
#3738=AXIS2_PLACEMENT_3D('',#6216,#4519,#4520);
#3739=AXIS2_PLACEMENT_3D('',#6225,#4525,#4526);
#3740=AXIS2_PLACEMENT_3D('',#6231,#4530,#4531);
#3741=AXIS2_PLACEMENT_3D('',#6235,#4534,#4535);
#3742=AXIS2_PLACEMENT_3D('',#6239,#4538,#4539);
#3743=AXIS2_PLACEMENT_3D('',#6241,#4541,#4542);
#3744=AXIS2_PLACEMENT_3D('',#6242,#4543,#4544);
#3745=AXIS2_PLACEMENT_3D('',#6244,#4546,#4547);
#3746=AXIS2_PLACEMENT_3D('',#6246,#4549,#4550);
#3747=AXIS2_PLACEMENT_3D('',#6249,#4553,#4554);
#3748=AXIS2_PLACEMENT_3D('',#6251,#4556,#4557);
#3749=AXIS2_PLACEMENT_3D('',#6253,#4559,#4560);
#3750=AXIS2_PLACEMENT_3D('',#6255,#4562,#4563);
#3751=AXIS2_PLACEMENT_3D('',#6257,#4565,#4566);
#3752=AXIS2_PLACEMENT_3D('',#6259,#4568,#4569);
#3753=AXIS2_PLACEMENT_3D('',#6261,#4571,#4572);
#3754=AXIS2_PLACEMENT_3D('',#6263,#4574,#4575);
#3755=AXIS2_PLACEMENT_3D('',#6265,#4577,#4578);
#3756=AXIS2_PLACEMENT_3D('',#6266,#4579,#4580);
#3757=AXIS2_PLACEMENT_3D('',#6270,#4583,#4584);
#3758=AXIS2_PLACEMENT_3D('',#6272,#4586,#4587);
#3759=AXIS2_PLACEMENT_3D('',#6273,#4588,#4589);
#3760=AXIS2_PLACEMENT_3D('',#6277,#4592,#4593);
#3761=AXIS2_PLACEMENT_3D('',#6281,#4596,#4597);
#3762=AXIS2_PLACEMENT_3D('',#6283,#4599,#4600);
#3763=AXIS2_PLACEMENT_3D('',#6284,#4601,#4602);
#3764=DIRECTION('',(0.,0.,1.));
#3765=DIRECTION('',(1.,0.,0.));
#3766=DIRECTION('',(1.71404692788572E-17,-2.77555756156289E-17,1.));
#3767=DIRECTION('',(0.,-1.,-2.77555756156289E-17));
#3768=DIRECTION('',(1.,5.75250669034782E-18,3.09349879145018E-34));
#3769=DIRECTION('',(-5.75250669034782E-18,1.,2.77555756156289E-17));
#3770=DIRECTION('',(1.,0.,0.));
#3771=DIRECTION('',(0.,-1.,0.));
#3772=DIRECTION('',(1.,0.,-1.71404692788572E-17));
#3773=DIRECTION('',(0.,-1.,0.));
#3774=DIRECTION('',(1.,0.,0.));
#3775=DIRECTION('',(0.,-1.,0.));
#3776=DIRECTION('',(1.,0.,-1.71404692788572E-17));
#3777=DIRECTION('',(-5.75250669034782E-18,1.,2.77555756156289E-17));
#3778=DIRECTION('',(1.,0.,-1.71404692788572E-17));
#3779=DIRECTION('',(-5.75250669034782E-18,1.,2.77555756156289E-17));
#3780=DIRECTION('',(1.,5.75250669034782E-18,3.09349879145018E-34));
#3781=DIRECTION('',(-5.03929441746393E-33,1.,-4.79608144955097E-17));
#3782=DIRECTION('',(0.,1.,-4.79608144955097E-17));
#3783=DIRECTION('',(1.,5.75250669034782E-18,3.09349879145018E-34));
#3784=DIRECTION('',(7.00197475757911E-17,-1.,4.79608144955097E-17));
#3785=DIRECTION('',(1.,5.75250669034782E-18,3.09349879145018E-34));
#3786=DIRECTION('',(1.,5.75250669034782E-18,3.05738791061613E-34));
#3787=DIRECTION('',(-5.75250669034782E-18,1.,0.));
#3788=DIRECTION('',(0.,-0.707106781186551,0.707106781186544));
#3789=DIRECTION('',(0.,0.,-1.));
#3790=DIRECTION('',(0.,5.31487936510557E-17,-1.));
#3791=DIRECTION('',(-5.75250669034782E-18,1.,2.77555756156289E-17));
#3792=DIRECTION('',(-1.23426867183626E-16,-5.55111512312579E-17,-1.));
#3793=DIRECTION('',(-5.75250669034782E-18,1.,2.77555756156289E-17));
#3794=DIRECTION('',(0.,5.31487936510557E-17,-1.));
#3795=DIRECTION('',(-6.67998824741848E-18,1.,4.27519247834783E-16));
#3796=DIRECTION('',(0.,0.,1.));
#3797=DIRECTION('',(6.67998824741848E-18,-1.,0.));
#3798=DIRECTION('',(0.,5.31487936510557E-17,-1.));
#3799=DIRECTION('',(-5.75250669034782E-18,1.,2.77555756156289E-17));
#3800=DIRECTION('',(0.,0.,-1.));
#3801=DIRECTION('',(0.,-1.,0.));
#3802=DIRECTION('',(3.05738791061613E-34,0.,-1.));
#3803=DIRECTION('',(0.,-1.,0.));
#3804=DIRECTION('',(0.,0.,-1.));
#3805=DIRECTION('',(0.,-1.,0.));
#3806=DIRECTION('',(0.,0.,-1.));
#3807=DIRECTION('',(-1.,0.,4.96699635211684E-16));
#3808=DIRECTION('',(0.,0.,-1.));
#3809=DIRECTION('',(1.,0.,0.));
#3810=DIRECTION('',(0.,0.,1.));
#3811=DIRECTION('',(-1.,0.,-4.96699635211684E-16));
#3812=DIRECTION('',(0.,-1.,0.));
#3813=DIRECTION('',(0.,0.,-1.));
#3814=DIRECTION('',(-1.,0.,-4.96699635211684E-16));
#3815=DIRECTION('',(0.,0.,-1.));
#3816=DIRECTION('',(1.,0.,0.));
#3817=DIRECTION('',(0.,0.,1.));
#3818=DIRECTION('',(0.,0.,1.));
#3819=DIRECTION('',(-1.,0.,4.96699635211684E-16));
#3820=DIRECTION('',(0.,0.,-1.));
#3821=DIRECTION('',(1.,0.,0.));
#3822=DIRECTION('',(-0.866025403784439,0.,-0.5));
#3823=DIRECTION('',(0.,0.,-1.));
#3824=DIRECTION('',(-1.,0.,0.));
#3825=DIRECTION('',(1.,0.,0.));
#3826=DIRECTION('',(0.,0.,1.));
#3827=DIRECTION('',(0.866025403784439,0.,-0.5));
#3828=DIRECTION('',(0.,0.,-1.));
#3829=DIRECTION('',(-0.866025403784439,0.,-0.5));
#3830=DIRECTION('',(0.,0.,1.));
#3831=DIRECTION('',(1.,0.,0.));
#3832=DIRECTION('',(-0.866025403784439,0.,-0.5));
#3833=DIRECTION('',(-0.866025403784438,0.,0.5));
#3834=DIRECTION('',(1.,0.,0.));
#3835=DIRECTION('',(0.,0.,1.));
#3836=DIRECTION('',(-0.866025403784438,0.,0.5));
#3837=DIRECTION('',(0.,0.,1.));
#3838=DIRECTION('',(0.866025403784438,0.,0.5));
#3839=DIRECTION('',(0.,0.,1.));
#3840=DIRECTION('',(1.,0.,0.));
#3841=DIRECTION('',(0.,0.,1.));
#3842=DIRECTION('',(-1.,0.,9.51487182313372E-34));
#3843=DIRECTION('',(0.,0.,-1.));
#3844=DIRECTION('',(1.,0.,0.));
#3845=DIRECTION('',(0.,0.,1.));
#3846=DIRECTION('',(-1.,0.,9.51487182313372E-34));
#3847=DIRECTION('',(2.12595174604223E-16,0.,1.));
#3848=DIRECTION('',(0.,0.,1.));
#3849=DIRECTION('',(-1.,0.,0.));
#3850=DIRECTION('',(0.,0.,-1.));
#3851=DIRECTION('',(0.,0.,1.));
#3852=DIRECTION('',(-1.,0.,0.));
#3853=DIRECTION('',(0.,0.,-1.));
#3854=DIRECTION('',(-0.866025403784439,0.,0.5));
#3855=DIRECTION('',(0.,0.,1.));
#3856=DIRECTION('',(0.866025403784439,0.,0.5));
#3857=DIRECTION('',(0.,0.,-1.));
#3858=DIRECTION('',(-1.,0.,0.));
#3859=DIRECTION('',(0.866025403784439,0.,0.5));
#3860=DIRECTION('',(0.866025403784441,0.,-0.5));
#3861=DIRECTION('',(-1.,0.,0.));
#3862=DIRECTION('',(0.,0.,-1.));
#3863=DIRECTION('',(0.866025403784441,0.,-0.5));
#3864=DIRECTION('',(0.,0.,-1.));
#3865=DIRECTION('',(0.,-1.,0.));
#3866=DIRECTION('',(0.,0.,-1.));
#3867=DIRECTION('',(0.,-1.,0.));
#3868=DIRECTION('',(0.,0.,-1.));
#3869=DIRECTION('',(0.,0.,1.));
#3870=DIRECTION('',(-1.,0.,-4.96699635211684E-16));
#3871=DIRECTION('',(0.,0.,-1.));
#3872=DIRECTION('',(1.,0.,0.));
#3873=DIRECTION('',(0.,-1.,0.));
#3874=DIRECTION('',(0.,0.,-1.));
#3875=DIRECTION('',(0.,1.,0.));
#3876=DIRECTION('',(0.,0.,1.));
#3877=DIRECTION('',(1.,0.,0.));
#3878=DIRECTION('',(0.,0.,1.));
#3879=DIRECTION('',(-1.,0.,0.));
#3880=DIRECTION('',(0.,0.,-1.));
#3881=DIRECTION('',(0.,1.,0.));
#3882=DIRECTION('',(0.,0.,1.));
#3883=DIRECTION('',(-2.53031891165833E-15,0.,-1.));
#3884=DIRECTION('',(0.,1.,0.));
#3885=DIRECTION('',(0.,0.,1.));
#3886=DIRECTION('',(-2.53031891165832E-15,0.,1.));
#3887=DIRECTION('',(0.,1.,0.));
#3888=DIRECTION('',(0.,0.,1.));
#3889=DIRECTION('',(-6.32579727914578E-16,0.,-1.));
#3890=DIRECTION('',(0.,1.,0.));
#3891=DIRECTION('',(0.,0.,1.));
#3892=DIRECTION('',(0.,0.,1.));
#3893=DIRECTION('',(0.,-1.,0.));
#3894=DIRECTION('',(0.,0.,-1.));
#3895=DIRECTION('',(0.,-1.,0.));
#3896=DIRECTION('',(0.,0.,-1.));
#3897=DIRECTION('',(0.,-1.,0.));
#3898=DIRECTION('',(0.,0.,-1.));
#3899=DIRECTION('',(0.,-1.,0.));
#3900=DIRECTION('',(0.,0.,-1.));
#3901=DIRECTION('',(-6.32579727914578E-16,0.,1.));
#3902=DIRECTION('',(0.,-1.,0.));
#3903=DIRECTION('',(0.,0.,-1.));
#3904=DIRECTION('',(0.,0.,-1.));
#3905=DIRECTION('',(0.,-1.,0.));
#3906=DIRECTION('',(0.,0.,-1.));
#3907=DIRECTION('',(-2.53031891165833E-15,0.,1.));
#3908=DIRECTION('',(0.,-1.,0.));
#3909=DIRECTION('',(0.,0.,-1.));
#3910=DIRECTION('',(-2.53031891165832E-15,0.,-1.));
#3911=DIRECTION('',(0.,-1.,0.));
#3912=DIRECTION('',(0.,0.,-1.));
#3913=DIRECTION('',(-5.75250669034782E-18,1.,2.77555756156289E-17));
#3914=DIRECTION('',(-1.5305375270931E-16,2.77555756156289E-17,-1.));
#3915=DIRECTION('',(0.,2.77555756156289E-17,-1.));
#3916=DIRECTION('',(0.707106781186548,-1.55585192439812E-17,0.707106781186548));
#3917=DIRECTION('',(-1.,-5.75250669034782E-18,0.));
#3918=DIRECTION('',(0.707106781186548,2.36937922231131E-17,-0.707106781186548));
#3919=DIRECTION('',(0.,-2.77555756156289E-17,1.));
#3920=DIRECTION('',(-1.,-5.75250669034782E-18,0.));
#3921=DIRECTION('',(2.12595174604223E-16,0.,1.));
#3922=DIRECTION('',(-1.,-3.42809385577144E-17,0.));
#3923=DIRECTION('',(-1.,-5.75250669034782E-18,-1.54674939572509E-34));
#3924=DIRECTION('',(-5.75250669034782E-18,1.,2.77555756156289E-17));
#3925=DIRECTION('',(0.,-2.77555756156289E-17,1.));
#3926=DIRECTION('',(-5.75250669034782E-18,1.,2.77555756156289E-17));
#3927=DIRECTION('',(-1.5305375270931E-16,2.77555756156289E-17,-1.));
#3928=DIRECTION('',(1.,5.75250669034782E-18,0.));
#3929=DIRECTION('',(-0.707106781186548,-2.36937922231131E-17,0.707106781186548));
#3930=DIRECTION('',(0.,2.77555756156289E-17,-1.));
#3931=DIRECTION('',(1.,0.,0.));
#3932=DIRECTION('',(-8.22845781224176E-17,0.,-1.));
#3933=DIRECTION('',(1.,0.,0.));
#3934=DIRECTION('',(2.12595174604223E-16,0.,1.));
#3935=DIRECTION('',(1.,5.75250669034782E-18,0.));
#3936=DIRECTION('',(0.,-2.77555756156289E-17,1.));
#3937=DIRECTION('',(-0.707106781186548,1.55585192439812E-17,-0.707106781186548));
#3938=DIRECTION('',(-5.75250669034782E-18,1.,2.77555756156289E-17));
#3939=DIRECTION('',(0.,-2.77555756156289E-17,1.));
#3940=DIRECTION('',(-1.,0.,0.));
#3941=DIRECTION('',(0.,0.,1.));
#3942=DIRECTION('',(0.,-1.,0.));
#3943=DIRECTION('',(0.,0.,-1.));
#3944=DIRECTION('',(0.,1.,0.));
#3945=DIRECTION('',(-1.,0.,0.));
#3946=DIRECTION('',(0.,0.,1.));
#3947=DIRECTION('',(0.,1.,0.));
#3948=DIRECTION('',(0.,1.,0.));
#3949=DIRECTION('',(0.,0.,-1.));
#3950=DIRECTION('',(1.,-1.70740499604017E-16,0.));
#3951=DIRECTION('',(1.70740499604017E-16,1.,0.));
#3952=DIRECTION('',(1.70740499604017E-16,1.,-9.85770734079494E-17));
#3953=DIRECTION('',(-1.70740499604017E-16,-1.,0.));
#3954=DIRECTION('',(0.,0.,-1.));
#3955=DIRECTION('',(1.,-1.70740499604017E-16,0.));
#3956=DIRECTION('',(1.70740499604017E-16,1.,0.));
#3957=DIRECTION('',(-1.70740499604017E-16,-1.,-9.85770734079502E-17));
#3958=DIRECTION('',(0.,0.,-1.));
#3959=DIRECTION('',(-1.70740499604017E-16,-1.,0.));
#3960=DIRECTION('',(0.,0.,-1.));
#3961=DIRECTION('',(-1.,0.,0.));
#3962=DIRECTION('',(1.,0.,0.));
#3963=DIRECTION('',(0.,-1.,0.));
#3964=DIRECTION('',(0.,0.,-1.));
#3965=DIRECTION('',(-1.,0.,0.));
#3966=DIRECTION('',(0.,1.,0.));
#3967=DIRECTION('',(1.,0.,0.));
#3968=DIRECTION('',(1.,-1.70740499604017E-16,0.));
#3969=DIRECTION('',(1.70740499604017E-16,1.,0.));
#3970=DIRECTION('',(1.70740499604017E-16,1.,-9.85770734079503E-17));
#3971=DIRECTION('',(1.70740499604017E-16,1.,0.));
#3972=DIRECTION('',(0.,0.,1.));
#3973=DIRECTION('',(1.,-1.70740499604017E-16,0.));
#3974=DIRECTION('',(1.70740499604017E-16,1.,0.));
#3975=DIRECTION('',(-1.70740499604017E-16,-1.,-9.85770734079503E-17));
#3976=DIRECTION('',(0.,0.,1.));
#3977=DIRECTION('',(1.70740499604017E-16,1.,0.));
#3978=DIRECTION('',(-1.,0.,0.));
#3979=DIRECTION('',(0.,0.,1.));
#3980=DIRECTION('',(0.,-1.,0.));
#3981=DIRECTION('',(0.,0.,1.));
#3982=DIRECTION('',(0.,-1.,0.));
#3983=DIRECTION('',(-1.,0.,0.));
#3984=DIRECTION('',(0.,0.,1.));
#3985=DIRECTION('',(0.,1.,0.));
#3986=DIRECTION('',(0.,-1.,0.));
#3987=DIRECTION('',(0.,0.,1.));
#3988=DIRECTION('',(0.,0.,1.));
#3989=DIRECTION('',(1.,0.,0.));
#3990=DIRECTION('',(-1.,0.,0.));
#3991=DIRECTION('',(0.,-1.,0.));
#3992=DIRECTION('',(0.,0.,1.));
#3993=DIRECTION('',(1.,0.,0.));
#3994=DIRECTION('',(0.,1.,0.));
#3995=DIRECTION('',(-1.,0.,0.));
#3996=DIRECTION('',(0.,1.,0.));
#3997=DIRECTION('',(0.,0.,1.));
#3998=DIRECTION('',(0.,1.,0.));
#3999=DIRECTION('',(0.,0.,1.));
#4000=DIRECTION('',(0.,1.,0.));
#4001=DIRECTION('',(0.,0.,1.));
#4002=DIRECTION('',(0.,-1.,0.));
#4003=DIRECTION('',(0.,0.,-1.));
#4004=DIRECTION('',(0.,-1.,0.));
#4005=DIRECTION('',(0.,0.,-1.));
#4006=DIRECTION('',(0.,-1.,0.));
#4007=DIRECTION('',(0.,0.,-1.));
#4008=DIRECTION('',(0.,-1.,0.));
#4009=DIRECTION('',(0.,0.,-1.));
#4010=DIRECTION('',(0.,-1.,0.));
#4011=DIRECTION('',(0.,0.,-1.));
#4012=DIRECTION('',(0.,-1.,0.));
#4013=DIRECTION('',(0.,0.,-1.));
#4014=DIRECTION('',(0.,-1.,0.));
#4015=DIRECTION('',(0.,0.,-1.));
#4016=DIRECTION('',(0.,1.,0.));
#4017=DIRECTION('',(0.,0.,1.));
#4018=DIRECTION('',(0.,-1.,0.));
#4019=DIRECTION('',(0.,0.,-1.));
#4020=DIRECTION('',(0.,-1.,0.));
#4021=DIRECTION('',(0.,0.,-1.));
#4022=DIRECTION('',(0.,1.,0.));
#4023=DIRECTION('',(0.,0.,1.));
#4024=DIRECTION('',(0.,-1.,0.));
#4025=DIRECTION('',(0.,0.,-1.));
#4026=DIRECTION('',(-9.51487182313372E-34,2.77555756156289E-17,-1.));
#4027=DIRECTION('',(0.,1.,2.77555756156289E-17));
#4028=DIRECTION('',(0.,-1.,0.));
#4029=DIRECTION('',(-1.,0.,0.));
#4030=DIRECTION('',(-5.75250669034782E-18,1.,2.77555756156289E-17));
#4031=DIRECTION('',(0.,-1.,0.));
#4032=DIRECTION('',(-1.,0.,0.));
#4033=DIRECTION('',(0.,-1.,0.));
#4034=DIRECTION('',(1.,0.,0.));
#4035=DIRECTION('',(0.,0.,-1.));
#4036=DIRECTION('',(0.,0.,1.));
#4037=DIRECTION('',(0.,1.,0.));
#4038=DIRECTION('',(0.,1.,0.));
#4039=DIRECTION('',(0.,5.33564061262552E-17,1.));
#4040=DIRECTION('',(0.,-1.,0.));
#4041=DIRECTION('',(0.,-1.,0.));
#4042=DIRECTION('',(0.,0.,-1.));
#4043=DIRECTION('',(-1.,0.,0.));
#4044=DIRECTION('',(1.,0.,0.));
#4045=DIRECTION('',(0.,1.,0.));
#4046=DIRECTION('',(0.,-1.,0.));
#4047=DIRECTION('',(-1.,0.,0.));
#4048=DIRECTION('',(0.,0.,1.));
#4049=DIRECTION('',(0.,-1.,0.));
#4050=DIRECTION('',(0.,0.,-1.));
#4051=DIRECTION('',(0.,1.,0.));
#4052=DIRECTION('',(6.67998824741848E-18,-1.,0.));
#4053=DIRECTION('',(0.,0.,1.));
#4054=DIRECTION('',(-6.67998824741848E-18,1.,4.27519247834783E-16));
#4055=DIRECTION('',(0.,2.77555756156289E-17,-1.));
#4056=DIRECTION('',(0.,1.,0.));
#4057=DIRECTION('',(0.,1.86262363204381E-16,-1.));
#4058=DIRECTION('',(0.,-1.,0.));
#4059=DIRECTION('',(0.,0.,1.));
#4060=DIRECTION('',(1.,0.,0.));
#4061=DIRECTION('',(0.,-1.,0.));
#4062=DIRECTION('',(-1.,0.,0.));
#4063=DIRECTION('',(0.,1.,0.));
#4064=DIRECTION('',(-5.75250669034782E-18,1.,2.77555756156289E-17));
#4065=DIRECTION('',(-1.5305375270931E-16,2.77555756156289E-17,-1.));
#4066=DIRECTION('',(1.,5.75250669034782E-18,1.5467493957251E-34));
#4067=DIRECTION('',(-1.,0.,-5.62687537314987E-16));
#4068=DIRECTION('',(-8.22845781224176E-17,0.,-1.));
#4069=DIRECTION('',(1.,0.,0.));
#4070=DIRECTION('',(-1.,-5.75250669034782E-18,2.12595174604223E-16));
#4071=DIRECTION('',(2.12595174604223E-16,0.,1.));
#4072=DIRECTION('',(-5.75250669034782E-18,1.,0.));
#4073=DIRECTION('',(-2.12595174604223E-16,-5.33564061262552E-17,-1.));
#4074=DIRECTION('',(-5.75250669034782E-18,1.,0.));
#4075=DIRECTION('',(0.,1.,0.));
#4076=DIRECTION('',(0.,0.,1.));
#4077=DIRECTION('',(0.,0.,1.));
#4078=DIRECTION('',(0.,0.,1.));
#4079=DIRECTION('',(-1.,0.,0.));
#4080=DIRECTION('',(0.,0.,1.));
#4081=DIRECTION('',(0.,0.,1.));
#4082=DIRECTION('',(-1.73195235221326E-16,-1.,0.));
#4083=DIRECTION('',(1.,-1.73195235221326E-16,0.));
#4084=DIRECTION('',(0.,0.,1.));
#4085=DIRECTION('',(1.,0.,0.));
#4086=DIRECTION('',(0.,0.,-1.));
#4087=DIRECTION('',(-1.,8.22734426841383E-35,-3.58171805336725E-18));
#4088=DIRECTION('',(-3.58171805336725E-18,0.,1.));
#4089=DIRECTION('',(3.58171805336725E-18,2.77555756156289E-17,-1.));
#4090=DIRECTION('',(3.58171805336725E-18,2.77555756156289E-17,-1.));
#4091=DIRECTION('',(-1.64584770016775E-16,-1.,-2.77555756156289E-17));
#4092=DIRECTION('',(1.,-1.64584770016775E-16,0.));
#4093=DIRECTION('',(3.58171805336725E-18,2.77555756156289E-17,-1.));
#4094=DIRECTION('',(1.,-8.22734426841383E-35,3.58171805336725E-18));
#4095=DIRECTION('',(3.58171805336725E-18,0.,-1.));
#4096=DIRECTION('',(3.58171805336725E-18,2.77555756156289E-17,-1.));
#4097=DIRECTION('',(1.64584770016775E-16,1.,2.77555756156289E-17));
#4098=DIRECTION('',(-1.,1.64584770016775E-16,0.));
#4099=DIRECTION('',(0.,0.,1.));
#4100=DIRECTION('',(1.,0.,0.));
#4101=DIRECTION('',(0.,-1.,0.));
#4102=DIRECTION('',(0.,-1.,0.));
#4103=DIRECTION('',(-1.,0.,0.));
#4104=DIRECTION('',(-1.,0.,0.));
#4105=DIRECTION('',(0.,0.,1.));
#4106=DIRECTION('',(0.,0.,-1.));
#4107=DIRECTION('',(1.,0.,0.));
#4108=DIRECTION('',(0.,0.,-1.));
#4109=DIRECTION('',(0.,0.,1.));
#4110=DIRECTION('',(0.,1.,0.));
#4111=DIRECTION('',(1.,0.,0.));
#4112=DIRECTION('',(0.,0.,-1.));
#4113=DIRECTION('',(-1.,0.,0.));
#4114=DIRECTION('',(0.,-1.,0.));
#4115=DIRECTION('',(0.,-1.,0.));
#4116=DIRECTION('',(1.,0.,0.));
#4117=DIRECTION('',(-1.,0.,0.));
#4118=DIRECTION('',(0.,0.,1.));
#4119=DIRECTION('',(0.,0.,-1.));
#4120=DIRECTION('',(1.,0.,0.));
#4121=DIRECTION('',(0.,0.,-1.));
#4122=DIRECTION('',(0.,0.,1.));
#4123=DIRECTION('',(0.,1.,0.));
#4124=DIRECTION('',(1.,0.,0.));
#4125=DIRECTION('',(1.,0.,0.));
#4126=DIRECTION('',(0.,0.,-1.));
#4127=DIRECTION('',(0.,-1.,0.));
#4128=DIRECTION('',(0.,0.,1.));
#4129=DIRECTION('',(0.,0.,-1.));
#4130=DIRECTION('',(-1.,0.,0.));
#4131=DIRECTION('',(-1.,0.,0.));
#4132=DIRECTION('',(1.,0.,0.));
#4133=DIRECTION('',(0.,1.,0.));
#4134=DIRECTION('',(1.,0.,0.));
#4135=DIRECTION('',(0.,0.,1.));
#4136=DIRECTION('',(1.,0.,0.));
#4137=DIRECTION('',(1.,0.,0.));
#4138=DIRECTION('',(0.,-1.,0.));
#4139=DIRECTION('',(-1.,0.,0.));
#4140=DIRECTION('',(1.,0.,0.));
#4141=DIRECTION('',(0.,0.,-1.));
#4142=DIRECTION('',(0.,0.,1.));
#4143=DIRECTION('',(0.,1.,0.));
#4144=DIRECTION('',(1.,0.,0.));
#4145=DIRECTION('',(0.,1.,0.));
#4146=DIRECTION('',(0.,0.,1.));
#4147=DIRECTION('',(0.,-1.,0.));
#4148=DIRECTION('',(0.,0.,-1.));
#4149=DIRECTION('',(0.,-1.,0.));
#4150=DIRECTION('',(0.,0.,-1.));
#4151=DIRECTION('',(-5.75250669034782E-18,1.,2.77555756156289E-17));
#4152=DIRECTION('',(0.,-2.77555756156289E-17,1.));
#4153=DIRECTION('',(0.,-1.,0.));
#4154=DIRECTION('',(0.,0.,-1.));
#4155=DIRECTION('',(0.,-1.,0.));
#4156=DIRECTION('',(0.,0.,-1.));
#4157=DIRECTION('',(-5.75250669034782E-18,1.,2.77555756156289E-17));
#4158=DIRECTION('',(0.,-2.77555756156289E-17,1.));
#4159=DIRECTION('',(0.,1.,0.));
#4160=DIRECTION('',(0.,0.,1.));
#4161=DIRECTION('',(0.,1.,0.));
#4162=DIRECTION('',(0.,0.,1.));
#4163=DIRECTION('',(0.,-1.,0.));
#4164=DIRECTION('',(0.,0.,-1.));
#4165=DIRECTION('',(0.,-1.,0.));
#4166=DIRECTION('',(0.,0.,-1.));
#4167=DIRECTION('',(0.,-1.,0.));
#4168=DIRECTION('',(0.,0.,-1.));
#4169=DIRECTION('',(0.,-1.,0.));
#4170=DIRECTION('',(0.,0.,-1.));
#4171=DIRECTION('',(0.,-1.,0.));
#4172=DIRECTION('',(0.,0.,-1.));
#4173=DIRECTION('',(0.,-1.,0.));
#4174=DIRECTION('',(0.,0.,-1.));
#4175=DIRECTION('',(0.,-1.,0.));
#4176=DIRECTION('',(0.,0.,-1.));
#4177=DIRECTION('',(0.,-1.,0.));
#4178=DIRECTION('',(0.,0.,-1.));
#4179=DIRECTION('',(0.,-1.,0.));
#4180=DIRECTION('',(0.,0.,-1.));
#4181=DIRECTION('',(0.,-1.,0.));
#4182=DIRECTION('',(0.,0.,-1.));
#4183=DIRECTION('',(0.,-1.,0.));
#4184=DIRECTION('',(0.,0.,-1.));
#4185=DIRECTION('',(0.,-1.,0.));
#4186=DIRECTION('',(0.,0.,-1.));
#4187=DIRECTION('',(0.,1.,0.));
#4188=DIRECTION('',(0.,0.,1.));
#4189=DIRECTION('',(-0.866025403784439,0.,-0.5));
#4190=DIRECTION('',(0.,0.,-1.));
#4191=DIRECTION('',(0.866025403784441,0.,-0.5));
#4192=DIRECTION('',(0.866025403784441,0.,-0.5));
#4193=DIRECTION('',(0.866025403784439,0.,0.5));
#4194=DIRECTION('',(0.866025403784439,0.,0.5));
#4195=DIRECTION('',(0.,0.,1.));
#4196=DIRECTION('',(-0.866025403784439,0.,0.5));
#4197=DIRECTION('',(0.,-1.,0.));
#4198=DIRECTION('',(0.,0.,-1.));
#4199=DIRECTION('',(0.,-1.,0.));
#4200=DIRECTION('',(0.,0.,-1.));
#4201=DIRECTION('',(0.,1.,0.));
#4202=DIRECTION('',(0.,0.,1.));
#4203=DIRECTION('',(0.,1.,0.));
#4204=DIRECTION('',(0.,0.,1.));
#4205=DIRECTION('',(0.866025403784438,0.,0.5));
#4206=DIRECTION('',(0.,0.,1.));
#4207=DIRECTION('',(-0.866025403784438,0.,0.5));
#4208=DIRECTION('',(-0.866025403784438,0.,0.5));
#4209=DIRECTION('',(-0.866025403784439,0.,-0.5));
#4210=DIRECTION('',(-0.866025403784439,0.,-0.5));
#4211=DIRECTION('',(0.,0.,-1.));
#4212=DIRECTION('',(0.866025403784439,0.,-0.5));
#4213=DIRECTION('',(0.,-1.,0.));
#4214=DIRECTION('',(0.,0.,-1.));
#4215=DIRECTION('',(0.,-1.,0.));
#4216=DIRECTION('',(0.,0.,-1.));
#4217=DIRECTION('',(0.,1.,0.));
#4218=DIRECTION('',(0.,0.,1.));
#4219=DIRECTION('',(0.5,0.,0.866025403784438));
#4220=DIRECTION('',(0.866025403784438,0.,-0.5));
#4221=DIRECTION('',(0.,-1.,0.));
#4222=DIRECTION('',(-0.5,0.,0.866025403784439));
#4223=DIRECTION('',(0.866025403784439,0.,0.5));
#4224=DIRECTION('',(1.,0.,0.));
#4225=DIRECTION('',(0.,0.,-1.));
#4226=DIRECTION('',(0.,-1.,0.));
#4227=DIRECTION('',(0.,-1.,0.));
#4228=DIRECTION('',(0.5,0.,0.866025403784438));
#4229=DIRECTION('',(0.866025403784438,0.,-0.5));
#4230=DIRECTION('',(0.5,0.,-0.866025403784438));
#4231=DIRECTION('',(-0.866025403784438,0.,-0.5));
#4232=DIRECTION('',(-0.5,0.,-0.866025403784439));
#4233=DIRECTION('',(-0.866025403784439,0.,0.5));
#4234=DIRECTION('',(0.,-1.,0.));
#4235=DIRECTION('',(-0.5,0.,0.866025403784439));
#4236=DIRECTION('',(0.866025403784439,0.,0.5));
#4237=DIRECTION('',(0.,-1.,0.));
#4238=DIRECTION('',(-1.,0.,0.));
#4239=DIRECTION('',(0.,0.,1.));
#4240=DIRECTION('',(-0.5,0.,-0.866025403784441));
#4241=DIRECTION('',(-0.866025403784441,0.,0.5));
#4242=DIRECTION('',(0.,-1.,0.));
#4243=DIRECTION('',(0.5,0.,-0.866025403784439));
#4244=DIRECTION('',(-0.866025403784439,0.,-0.5));
#4245=DIRECTION('',(-1.,0.,0.));
#4246=DIRECTION('',(0.,0.,1.));
#4247=DIRECTION('',(0.,-1.,0.));
#4248=DIRECTION('',(0.,-1.,0.));
#4249=DIRECTION('',(-0.5,0.,0.866025403784439));
#4250=DIRECTION('',(0.866025403784439,0.,0.5));
#4251=DIRECTION('',(-0.5,0.,-0.866025403784441));
#4252=DIRECTION('',(-0.866025403784441,0.,0.5));
#4253=DIRECTION('',(0.5,0.,0.866025403784439));
#4254=DIRECTION('',(0.866025403784439,0.,-0.5));
#4255=DIRECTION('',(0.,-1.,0.));
#4256=DIRECTION('',(0.5,0.,-0.866025403784439));
#4257=DIRECTION('',(-0.866025403784439,0.,-0.5));
#4258=DIRECTION('',(0.,-1.,0.));
#4259=DIRECTION('',(1.,0.,0.));
#4260=DIRECTION('',(0.,0.,-1.));
#4261=DIRECTION('',(5.62687537314987E-16,2.77555756156289E-17,-1.));
#4262=DIRECTION('',(-1.,0.,-5.62687537314988E-16));
#4263=DIRECTION('',(1.,5.7525066903478E-18,5.62687537314988E-16));
#4264=DIRECTION('',(-5.75250669034782E-18,1.,2.77555756156289E-17));
#4265=DIRECTION('',(1.,5.75250669034782E-18,-8.22845781224176E-17));
#4266=DIRECTION('',(-8.22845781224176E-17,0.,-1.));
#4267=DIRECTION('',(5.75250669034782E-18,-1.,0.));
#4268=DIRECTION('',(8.22845781224176E-17,5.55111512312579E-17,1.));
#4269=DIRECTION('',(-5.75250669034782E-18,1.,2.77555756156289E-17));
#4270=DIRECTION('',(-5.75250669034782E-18,1.,0.));
#4271=DIRECTION('',(8.22845781224176E-17,-1.86262363204381E-16,1.));
#4272=DIRECTION('',(0.,-2.77555756156289E-17,1.));
#4273=DIRECTION('',(0.,-1.,-2.77555756156289E-17));
#4274=DIRECTION('',(-1.,-5.75250669034777E-18,-1.59664134423359E-34));
#4275=DIRECTION('',(-5.75250669034777E-18,1.,-5.55111512312579E-17));
#4276=DIRECTION('',(-1.5305375270931E-16,2.77555756156289E-16,-1.));
#4277=DIRECTION('',(0.,-1.,-1.86262363204381E-16));
#4278=DIRECTION('',(0.,1.86262363204381E-16,-1.));
#4279=DIRECTION('',(1.,0.,0.));
#4280=DIRECTION('',(1.,0.,0.));
#4281=DIRECTION('',(0.,0.,-1.));
#4282=DIRECTION('',(-1.,0.,0.));
#4283=DIRECTION('',(0.,0.,1.));
#4284=DIRECTION('',(1.,0.,0.));
#4285=DIRECTION('',(1.54674939572509E-34,1.03322677851452E-51,-1.));
#4286=DIRECTION('',(-1.,0.,-1.54674939572509E-34));
#4287=DIRECTION('',(-1.,-5.75250669034782E-18,-1.54674939572509E-34));
#4288=DIRECTION('',(2.30463239384955E-33,-4.27519247834783E-16,1.));
#4289=DIRECTION('',(0.,-1.,-4.27519247834783E-16));
#4290=DIRECTION('',(-1.,-5.75250669034782E-18,-1.54674939572509E-34));
#4291=DIRECTION('',(5.75250669034782E-18,-1.,0.));
#4292=DIRECTION('',(1.,5.75250669034782E-18,0.));
#4293=DIRECTION('',(0.,0.,-1.));
#4294=DIRECTION('',(-1.,0.,0.));
#4295=DIRECTION('',(-1.,0.,0.));
#4296=DIRECTION('',(0.,0.,1.));
#4297=DIRECTION('',(1.,0.,0.));
#4298=DIRECTION('',(-1.,0.,0.));
#4299=DIRECTION('',(0.,-1.,5.33564061262552E-17));
#4300=DIRECTION('',(0.,-5.33564061262552E-17,-1.));
#4301=DIRECTION('',(0.,1.,0.));
#4302=DIRECTION('',(0.,0.,1.));
#4303=DIRECTION('',(0.,1.,0.));
#4304=DIRECTION('',(0.,0.,1.));
#4305=DIRECTION('',(0.,1.,0.));
#4306=DIRECTION('',(0.,1.,0.));
#4307=DIRECTION('',(-1.,0.,0.));
#4308=DIRECTION('',(0.,0.,1.));
#4309=DIRECTION('',(0.,0.,1.));
#4310=DIRECTION('',(0.,1.,0.));
#4311=DIRECTION('',(0.,1.,0.));
#4312=DIRECTION('',(0.,0.,1.));
#4313=DIRECTION('',(0.,1.,0.));
#4314=DIRECTION('',(0.,0.,1.));
#4315=DIRECTION('',(0.,1.,0.));
#4316=DIRECTION('',(1.,0.,-6.32579727914578E-16));
#4317=DIRECTION('',(-6.32579727914578E-16,0.,-1.));
#4318=DIRECTION('',(-6.32579727914578E-16,0.,-1.));
#4319=DIRECTION('',(0.,1.,0.));
#4320=DIRECTION('',(0.,0.,1.));
#4321=DIRECTION('',(0.,1.,0.));
#4322=DIRECTION('',(0.,0.,1.));
#4323=DIRECTION('',(0.,1.,0.));
#4324=DIRECTION('',(0.,1.,0.));
#4325=DIRECTION('',(-1.,0.,-2.53031891165832E-15));
#4326=DIRECTION('',(-2.53031891165832E-15,0.,1.));
#4327=DIRECTION('',(-2.53031891165832E-15,0.,1.));
#4328=DIRECTION('',(0.,1.,0.));
#4329=DIRECTION('',(0.,1.,0.));
#4330=DIRECTION('',(0.,0.,1.));
#4331=DIRECTION('',(0.,1.,0.));
#4332=DIRECTION('',(0.,0.,1.));
#4333=DIRECTION('',(0.,1.,0.));
#4334=DIRECTION('',(1.,0.,-2.53031891165833E-15));
#4335=DIRECTION('',(-2.53031891165833E-15,0.,-1.));
#4336=DIRECTION('',(-2.53031891165833E-15,0.,-1.));
#4337=DIRECTION('',(-0.707106781186546,0.707106781186549,0.));
#4338=DIRECTION('',(-0.707106781186549,-0.707106781186546,0.));
#4339=DIRECTION('',(-0.577350269189627,-0.577350269189624,0.577350269189627));
#4340=DIRECTION('',(0.,0.,-1.));
#4341=DIRECTION('',(-0.577350269189627,-0.577350269189624,-0.577350269189626));
#4342=DIRECTION('',(0.,0.707106781186549,0.707106781186546));
#4343=DIRECTION('',(0.,-0.707106781186546,0.707106781186549));
#4344=DIRECTION('',(0.577350269189627,-0.577350269189624,0.577350269189626));
#4345=DIRECTION('',(-1.,0.,0.));
#4346=DIRECTION('',(0.707106781186546,0.707106781186549,0.));
#4347=DIRECTION('',(-0.707106781186549,0.707106781186546,0.));
#4348=DIRECTION('',(0.577350269189626,-0.577350269189624,-0.577350269189627));
#4349=DIRECTION('',(0.,0.,1.));
#4350=DIRECTION('',(-3.51219680271066E-16,0.707106781186549,-0.707106781186546));
#4351=DIRECTION('',(0.,0.707106781186546,0.707106781186549));
#4352=DIRECTION('',(1.,0.,-4.96699635211684E-16));
#4353=DIRECTION('',(0.,1.,0.));
#4354=DIRECTION('',(0.,0.,1.));
#4355=DIRECTION('',(-0.707106781186546,0.707106781186549,0.));
#4356=DIRECTION('',(-0.707106781186549,-0.707106781186546,0.));
#4357=DIRECTION('',(-0.577350269189627,-0.577350269189624,0.577350269189626));
#4358=DIRECTION('',(0.,0.,-1.));
#4359=DIRECTION('',(-0.577350269189627,-0.577350269189624,-0.577350269189627));
#4360=DIRECTION('',(0.,0.707106781186549,0.707106781186546));
#4361=DIRECTION('',(0.,-0.707106781186546,0.707106781186549));
#4362=DIRECTION('',(0.577350269189627,-0.577350269189624,0.577350269189627));
#4363=DIRECTION('',(-1.,0.,0.));
#4364=DIRECTION('',(0.707106781186546,0.707106781186549,0.));
#4365=DIRECTION('',(-0.707106781186549,0.707106781186546,0.));
#4366=DIRECTION('',(0.577350269189627,-0.577350269189624,-0.577350269189626));
#4367=DIRECTION('',(0.,0.,1.));
#4368=DIRECTION('',(3.51219680271066E-16,0.707106781186549,-0.707106781186546));
#4369=DIRECTION('',(0.,0.707106781186546,0.707106781186549));
#4370=DIRECTION('',(1.,0.,4.96699635211684E-16));
#4371=DIRECTION('',(0.,1.,0.));
#4372=DIRECTION('',(0.,0.,1.));
#4373=DIRECTION('',(-0.707106781186546,0.707106781186549,0.));
#4374=DIRECTION('',(-0.707106781186549,-0.707106781186546,0.));
#4375=DIRECTION('',(0.,0.,1.));
#4376=DIRECTION('',(-0.577350269189626,-0.577350269189624,-0.577350269189627));
#4377=DIRECTION('',(0.,0.,-1.));
#4378=DIRECTION('',(-0.577350269189627,-0.577350269189624,0.577350269189627));
#4379=DIRECTION('',(0.,0.707106781186549,0.707106781186546));
#4380=DIRECTION('',(0.,-0.707106781186546,0.707106781186549));
#4381=DIRECTION('',(1.,0.,0.));
#4382=DIRECTION('',(-1.,0.,0.));
#4383=DIRECTION('',(0.577350269189627,-0.577350269189624,0.577350269189627));
#4384=DIRECTION('',(0.707106781186546,0.707106781186549,0.));
#4385=DIRECTION('',(-0.707106781186549,0.707106781186546,0.));
#4386=DIRECTION('',(0.,0.,-1.));
#4387=DIRECTION('',(0.,0.,1.));
#4388=DIRECTION('',(0.577350269189627,-0.577350269189625,-0.577350269189626));
#4389=DIRECTION('',(4.54519586233144E-16,0.707106781186549,-0.707106781186546));
#4390=DIRECTION('',(0.,0.707106781186546,0.707106781186549));
#4391=DIRECTION('',(-1.,0.,-6.42787763215121E-16));
#4392=DIRECTION('',(1.,0.,6.42787763215121E-16));
#4393=DIRECTION('',(0.,1.,0.));
#4394=DIRECTION('',(0.,0.,1.));
#4395=DIRECTION('',(0.,1.,0.));
#4396=DIRECTION('',(0.,0.,1.));
#4397=DIRECTION('',(-4.54519586233144E-16,0.707106781186549,-0.707106781186546));
#4398=DIRECTION('',(0.,0.707106781186546,0.707106781186549));
#4399=DIRECTION('',(-1.,0.,6.42787763215121E-16));
#4400=DIRECTION('',(0.577350269189626,-0.577350269189624,-0.577350269189627));
#4401=DIRECTION('',(1.,0.,-6.42787763215121E-16));
#4402=DIRECTION('',(-0.577350269189627,-0.577350269189625,-0.577350269189626));
#4403=DIRECTION('',(-0.707106781186546,0.707106781186549,0.));
#4404=DIRECTION('',(-0.707106781186549,-0.707106781186546,0.));
#4405=DIRECTION('',(0.,0.,1.));
#4406=DIRECTION('',(0.,0.,-1.));
#4407=DIRECTION('',(-0.577350269189627,-0.577350269189624,0.577350269189627));
#4408=DIRECTION('',(0.,0.707106781186549,0.707106781186546));
#4409=DIRECTION('',(0.,-0.707106781186546,0.707106781186549));
#4410=DIRECTION('',(1.,0.,0.));
#4411=DIRECTION('',(-1.,0.,0.));
#4412=DIRECTION('',(0.577350269189627,-0.577350269189624,0.577350269189627));
#4413=DIRECTION('',(0.707106781186546,0.707106781186549,0.));
#4414=DIRECTION('',(-0.707106781186549,0.707106781186546,0.));
#4415=DIRECTION('',(0.,0.,-1.));
#4416=DIRECTION('',(0.,0.,1.));
#4417=DIRECTION('',(0.,1.,0.));
#4418=DIRECTION('',(0.,0.,1.));
#4419=DIRECTION('',(0.,1.,0.));
#4420=DIRECTION('',(0.,0.,1.));
#4421=DIRECTION('',(0.,1.,0.));
#4422=DIRECTION('',(0.,0.,1.));
#4423=DIRECTION('',(0.,-1.,0.));
#4424=DIRECTION('',(0.,0.,-1.));
#4425=DIRECTION('',(0.,1.,0.));
#4426=DIRECTION('',(0.,1.,0.));
#4427=DIRECTION('',(-1.,0.,-6.32579727914578E-16));
#4428=DIRECTION('',(-6.32579727914578E-16,0.,1.));
#4429=DIRECTION('',(-6.32579727914578E-16,0.,1.));
#4430=DIRECTION('',(0.,1.,0.));
#4431=DIRECTION('',(0.,1.,0.));
#4432=DIRECTION('',(0.,0.,1.));
#4433=DIRECTION('',(0.,-1.,0.));
#4434=DIRECTION('',(0.,0.,-1.));
#4435=DIRECTION('',(0.,1.,0.));
#4436=DIRECTION('',(1.,0.,0.));
#4437=DIRECTION('',(0.,0.,-1.));
#4438=DIRECTION('',(0.,0.,-1.));
#4439=DIRECTION('',(0.,1.,0.));
#4440=DIRECTION('',(0.,0.,1.));
#4441=DIRECTION('',(0.,-1.,0.));
#4442=DIRECTION('',(0.,0.,-1.));
#4443=DIRECTION('',(0.,1.,0.));
#4444=DIRECTION('',(0.,1.,0.));
#4445=DIRECTION('',(-1.,0.,-2.53031891165833E-15));
#4446=DIRECTION('',(-2.53031891165833E-15,0.,1.));
#4447=DIRECTION('',(-2.53031891165833E-15,0.,1.));
#4448=DIRECTION('',(0.,1.,0.));
#4449=DIRECTION('',(0.,1.,0.));
#4450=DIRECTION('',(0.,0.,1.));
#4451=DIRECTION('',(0.,-1.,0.));
#4452=DIRECTION('',(0.,0.,-1.));
#4453=DIRECTION('',(0.,1.,0.));
#4454=DIRECTION('',(1.,0.,-2.53031891165832E-15));
#4455=DIRECTION('',(-2.53031891165832E-15,0.,-1.));
#4456=DIRECTION('',(-2.53031891165832E-15,0.,-1.));
#4457=DIRECTION('',(-0.707106781186546,0.707106781186549,0.));
#4458=DIRECTION('',(-0.707106781186549,-0.707106781186546,0.));
#4459=DIRECTION('',(-0.577350269189627,-0.577350269189624,0.577350269189626));
#4460=DIRECTION('',(0.,0.,-1.));
#4461=DIRECTION('',(-0.577350269189627,-0.577350269189624,-0.577350269189627));
#4462=DIRECTION('',(-3.51219680271066E-16,0.707106781186549,0.707106781186546));
#4463=DIRECTION('',(0.,-0.707106781186546,0.707106781186549));
#4464=DIRECTION('',(-3.51219680271066E-16,0.707106781186549,0.707106781186546));
#4465=DIRECTION('',(3.51219680271067E-16,0.707106781186546,-0.707106781186549));
#4466=DIRECTION('',(0.577350269189627,-0.577350269189624,0.577350269189627));
#4467=DIRECTION('',(-1.,0.,-4.96699635211684E-16));
#4468=DIRECTION('',(0.707106781186546,0.707106781186549,0.));
#4469=DIRECTION('',(-0.707106781186549,0.707106781186546,0.));
#4470=DIRECTION('',(0.577350269189627,-0.577350269189624,-0.577350269189626));
#4471=DIRECTION('',(0.,0.,1.));
#4472=DIRECTION('',(0.,0.707106781186549,-0.707106781186546));
#4473=DIRECTION('',(0.,0.707106781186546,0.707106781186549));
#4474=DIRECTION('',(1.,0.,0.));
#4475=DIRECTION('',(0.,1.,0.));
#4476=DIRECTION('',(0.,0.,-1.));
#4477=DIRECTION('',(-0.707106781186546,0.707106781186549,0.));
#4478=DIRECTION('',(-0.707106781186549,-0.707106781186546,0.));
#4479=DIRECTION('',(-0.577350269189626,-0.577350269189624,0.577350269189627));
#4480=DIRECTION('',(0.,0.,-1.));
#4481=DIRECTION('',(-0.577350269189627,-0.577350269189624,-0.577350269189626));
#4482=DIRECTION('',(3.51219680271066E-16,0.707106781186549,0.707106781186546));
#4483=DIRECTION('',(0.,-0.707106781186546,0.707106781186549));
#4484=DIRECTION('',(0.577350269189627,-0.577350269189624,0.577350269189626));
#4485=DIRECTION('',(-1.,0.,4.96699635211684E-16));
#4486=DIRECTION('',(0.707106781186546,0.707106781186549,0.));
#4487=DIRECTION('',(-0.707106781186549,0.707106781186546,0.));
#4488=DIRECTION('',(0.577350269189627,-0.577350269189624,-0.577350269189627));
#4489=DIRECTION('',(0.,0.,1.));
#4490=DIRECTION('',(0.,0.707106781186549,-0.707106781186546));
#4491=DIRECTION('',(0.,0.707106781186546,0.707106781186549));
#4492=DIRECTION('',(1.,0.,0.));
#4493=DIRECTION('',(0.,1.,0.));
#4494=DIRECTION('',(0.,0.,-1.));
#4495=DIRECTION('',(0.,1.,0.));
#4496=DIRECTION('',(0.,0.,-1.));
#4497=DIRECTION('',(0.,0.,-1.));
#4498=DIRECTION('',(-1.,0.,6.42787763215121E-16));
#4499=DIRECTION('',(0.,0.,1.));
#4500=DIRECTION('',(1.,0.,0.));
#4501=DIRECTION('',(-0.707106781186546,0.707106781186549,0.));
#4502=DIRECTION('',(-0.707106781186549,-0.707106781186546,0.));
#4503=DIRECTION('',(-0.577350269189627,-0.577350269189624,-0.577350269189627));
#4504=DIRECTION('',(0.,0.,-1.));
#4505=DIRECTION('',(-0.577350269189626,-0.577350269189624,0.577350269189627));
#4506=DIRECTION('',(4.54519586233144E-16,0.707106781186549,0.707106781186546));
#4507=DIRECTION('',(0.,-0.707106781186546,0.707106781186549));
#4508=DIRECTION('',(-1.,0.,6.42787763215121E-16));
#4509=DIRECTION('',(0.577350269189627,-0.577350269189625,0.577350269189626));
#4510=DIRECTION('',(0.707106781186546,0.707106781186549,0.));
#4511=DIRECTION('',(-0.707106781186549,0.707106781186546,0.));
#4512=DIRECTION('',(0.,0.,1.));
#4513=DIRECTION('',(0.577350269189627,-0.577350269189624,-0.577350269189627));
#4514=DIRECTION('',(0.,0.707106781186549,-0.707106781186546));
#4515=DIRECTION('',(0.,0.707106781186546,0.707106781186549));
#4516=DIRECTION('',(1.,0.,0.));
#4517=DIRECTION('',(0.,1.,0.));
#4518=DIRECTION('',(0.,0.,-1.));
#4519=DIRECTION('',(0.,1.,0.));
#4520=DIRECTION('',(0.,0.,-1.));
#4521=DIRECTION('',(-1.,0.,-6.42787763215121E-16));
#4522=DIRECTION('',(0.,0.,1.));
#4523=DIRECTION('',(1.,0.,0.));
#4524=DIRECTION('',(0.,0.,-1.));
#4525=DIRECTION('',(-4.54519586233144E-16,0.707106781186549,0.707106781186546));
#4526=DIRECTION('',(0.,-0.707106781186546,0.707106781186549));
#4527=DIRECTION('',(-0.577350269189627,-0.577350269189625,0.577350269189626));
#4528=DIRECTION('',(-1.,0.,-6.42787763215121E-16));
#4529=DIRECTION('',(0.577350269189626,-0.577350269189624,0.577350269189627));
#4530=DIRECTION('',(0.707106781186546,0.707106781186549,0.));
#4531=DIRECTION('',(-0.707106781186549,0.707106781186546,0.));
#4532=DIRECTION('',(0.,0.,1.));
#4533=DIRECTION('',(0.577350269189627,-0.577350269189624,-0.577350269189627));
#4534=DIRECTION('',(0.,0.707106781186549,-0.707106781186546));
#4535=DIRECTION('',(0.,0.707106781186546,0.707106781186549));
#4536=DIRECTION('',(1.,0.,0.));
#4537=DIRECTION('',(-0.577350269189627,-0.577350269189624,-0.577350269189627));
#4538=DIRECTION('',(-0.707106781186546,0.707106781186549,0.));
#4539=DIRECTION('',(-0.707106781186549,-0.707106781186546,0.));
#4540=DIRECTION('',(0.,0.,-1.));
#4541=DIRECTION('',(0.,1.,0.));
#4542=DIRECTION('',(0.,0.,-1.));
#4543=DIRECTION('',(0.707106781186548,0.,-0.707106781186548));
#4544=DIRECTION('',(0.,-1.,0.));
#4545=DIRECTION('',(0.707106781186548,-1.23903709934807E-16,0.707106781186548));
#4546=DIRECTION('',(0.707106781186548,0.,0.707106781186548));
#4547=DIRECTION('',(0.,-1.,0.));
#4548=DIRECTION('',(-0.707106781186548,0.,0.707106781186548));
#4549=DIRECTION('',(-0.707106781186547,-0.707106781186548,0.));
#4550=DIRECTION('',(0.,0.,-1.));
#4551=DIRECTION('',(0.707106781186548,-0.707106781186547,1.19609907444043E-16));
#4552=DIRECTION('',(-0.707106781186548,0.707106781186547,0.));
#4553=DIRECTION('',(-0.577350269189626,-0.577350269189626,0.577350269189625));
#4554=DIRECTION('',(0.707106781186548,-0.707106781186547,0.));
#4555=DIRECTION('',(0.,0.707106781186547,0.707106781186548));
#4556=DIRECTION('',(-0.577350269189625,-0.577350269189626,-0.577350269189625));
#4557=DIRECTION('',(0.,0.707106781186547,-0.707106781186548));
#4558=DIRECTION('',(0.,-0.707106781186547,0.707106781186548));
#4559=DIRECTION('',(0.,-0.707106781186548,0.707106781186547));
#4560=DIRECTION('',(-1.,0.,0.));
#4561=DIRECTION('',(0.,-0.707106781186547,-0.707106781186548));
#4562=DIRECTION('',(-0.707106781186548,0.,-0.707106781186548));
#4563=DIRECTION('',(0.,-1.,0.));
#4564=DIRECTION('',(0.707106781186548,0.,-0.707106781186548));
#4565=DIRECTION('',(-0.707106781186548,0.,0.707106781186548));
#4566=DIRECTION('',(0.,-1.,0.));
#4567=DIRECTION('',(-0.707106781186548,0.,-0.707106781186548));
#4568=DIRECTION('',(0.,-0.707106781186548,-0.707106781186547));
#4569=DIRECTION('',(1.,0.,0.));
#4570=DIRECTION('',(0.,0.707106781186547,-0.707106781186548));
#4571=DIRECTION('',(0.577350269189625,-0.577350269189626,0.577350269189625));
#4572=DIRECTION('',(0.,-0.707106781186547,-0.707106781186548));
#4573=DIRECTION('',(0.707106781186548,0.707106781186547,0.));
#4574=DIRECTION('',(0.577350269189625,-0.577350269189626,-0.577350269189625));
#4575=DIRECTION('',(0.,0.707106781186547,-0.707106781186548));
#4576=DIRECTION('',(-0.707106781186548,-0.707106781186547,0.));
#4577=DIRECTION('',(0.707106781186547,-0.707106781186548,0.));
#4578=DIRECTION('',(0.,0.,1.));
#4579=DIRECTION('',(-4.06763648956591E-18,0.707106781186544,0.707106781186551));
#4580=DIRECTION('',(0.,-0.707106781186551,0.707106781186544));
#4581=DIRECTION('',(7.42964708265714E-17,-0.707106781186551,0.707106781186544));
#4582=DIRECTION('',(1.,5.75250669034782E-18,3.09349879145018E-34));
#4583=DIRECTION('',(5.75250669034782E-18,-1.,0.));
#4584=DIRECTION('',(1.,5.75250669034782E-18,0.));
#4585=DIRECTION('',(-1.05071076679395E-16,-6.04422071560267E-34,-1.));
#4586=DIRECTION('',(-1.,0.,1.05071076679395E-16));
#4587=DIRECTION('',(1.05071076679395E-16,0.,1.));
#4588=DIRECTION('',(-1.,0.,0.));
#4589=DIRECTION('',(0.,0.,1.));
#4590=DIRECTION('',(0.,-0.707106781186551,0.707106781186544));
#4591=DIRECTION('',(0.,0.,-1.));
#4592=DIRECTION('',(5.75250669034782E-18,-1.,0.));
#4593=DIRECTION('',(1.,5.75250669034782E-18,0.));
#4594=DIRECTION('',(1.,5.75250669034782E-18,3.09349879145018E-34));
#4595=DIRECTION('',(-1.52322009530389E-16,-8.76233378910787E-34,1.));
#4596=DIRECTION('',(-4.06763648956591E-18,0.707106781186544,0.707106781186551));
#4597=DIRECTION('',(0.,-0.707106781186551,0.707106781186544));
#4598=DIRECTION('',(5.8196487535087E-17,0.707106781186551,-0.707106781186544));
#4599=DIRECTION('',(1.,7.00197475757911E-17,1.52322009530389E-16));
#4600=DIRECTION('',(-1.81042050038307E-16,1.,-6.68471380884224E-32));
#4601=DIRECTION('',(0.,1.,0.));
#4602=DIRECTION('',(0.,0.,1.));
#4603=CARTESIAN_POINT('',(0.,0.,0.));
#4604=CARTESIAN_POINT('',(-100.6983,-128.052273264644,0.889));
#4605=CARTESIAN_POINT('',(-35.5531423582013,10.414,0.889));
#4606=CARTESIAN_POINT('',(-26.6192,10.414,0.889));
#4607=CARTESIAN_POINT('',(0.508,10.414,0.889));
#4608=CARTESIAN_POINT('',(0.508,-128.052273264644,0.889));
#4609=CARTESIAN_POINT('',(0.508,0.,0.889));
#4610=CARTESIAN_POINT('',(-8.128,0.,0.889));
#4611=CARTESIAN_POINT('',(-8.128,0.,0.889));
#4612=CARTESIAN_POINT('',(-8.128,12.7633420388235,0.889));
#4613=CARTESIAN_POINT('',(-8.128,-5.635625,0.889));
#4614=CARTESIAN_POINT('',(-100.6983,-5.635625,0.889));
#4615=CARTESIAN_POINT('',(-88.392,-5.635625,0.889));
#4616=CARTESIAN_POINT('',(-88.392,12.7633420388235,0.889));
#4617=CARTESIAN_POINT('',(-88.392,0.,0.889));
#4618=CARTESIAN_POINT('',(-97.028,0.,0.889));
#4619=CARTESIAN_POINT('',(-97.028,0.,0.889));
#4620=CARTESIAN_POINT('',(-97.028,12.7633420388235,0.889));
#4621=CARTESIAN_POINT('',(-97.028,-5.635625,0.889));
#4622=CARTESIAN_POINT('',(-100.6983,-5.635625,0.889));
#4623=CARTESIAN_POINT('',(-100.6983,-5.635625,0.889));
#4624=CARTESIAN_POINT('',(-100.6983,-128.052273264644,0.889));
#4625=CARTESIAN_POINT('',(-100.6983,17.4752,0.889));
#4626=CARTESIAN_POINT('',(-100.6983,17.4752,0.889));
#4627=CARTESIAN_POINT('',(0.508,17.4752,0.889));
#4628=CARTESIAN_POINT('',(0.508,-128.052273264644,0.889));
#4629=CARTESIAN_POINT('',(0.508,14.9352,0.889));
#4630=CARTESIAN_POINT('',(-35.5531423582013,14.9352,0.889));
#4631=CARTESIAN_POINT('',(-26.6192,14.9352,0.889));
#4632=CARTESIAN_POINT('',(-26.6192,10.414,0.889));
#4633=CARTESIAN_POINT('',(-32.3312,4.10209999999961,0.889000000000003));
#4634=CARTESIAN_POINT('',(-32.3312,6.01409999999834,0.889000000000003));
#4635=CARTESIAN_POINT('',(-32.3312,7.92609999999707,0.889000000000003));
#4636=CARTESIAN_POINT('',(-32.3312,9.8380999999958,0.889000000000003));
#4637=CARTESIAN_POINT('',(-32.3311999999879,4.1021,0.889));
#4638=CARTESIAN_POINT('',(-32.3312,9.83809999999585,0.889));
#4639=CARTESIAN_POINT('',(-32.3311999999884,9.83809999999999,0.889000000000003));
#4640=CARTESIAN_POINT('',(-36.1831999999945,9.83809999999999,0.889000000000003));
#4641=CARTESIAN_POINT('',(-40.0352000000006,9.83809999999999,0.889000000000003));
#4642=CARTESIAN_POINT('',(-43.8872000000067,9.83809999999999,0.889000000000003));
#4643=CARTESIAN_POINT('',(-43.8872,9.83810000000396,0.889));
#4644=CARTESIAN_POINT('',(-43.8872,9.83810000000399,0.889000000000003));
#4645=CARTESIAN_POINT('',(-43.8872,7.92610000000253,0.889000000000003));
#4646=CARTESIAN_POINT('',(-43.8872,6.01410000000107,0.889000000000003));
#4647=CARTESIAN_POINT('',(-43.8872,4.10209999999961,0.889000000000003));
#4648=CARTESIAN_POINT('',(-43.8872000000066,4.1021,0.889));
#4649=CARTESIAN_POINT('',(-43.8872000000067,4.1021,0.889000000000003));
#4650=CARTESIAN_POINT('',(-40.0352000000004,4.1021,0.889000000000003));
#4651=CARTESIAN_POINT('',(-36.1831999999942,4.1021,0.889000000000003));
#4652=CARTESIAN_POINT('',(-32.3311999999879,4.1021,0.889000000000003));
#4653=CARTESIAN_POINT('',(-77.0339999999923,13.6035,0.889000000000003));
#4654=CARTESIAN_POINT('',(-80.7113333333319,13.6035,0.889000000000003));
#4655=CARTESIAN_POINT('',(-84.3886666666716,13.6035,0.889000000000004));
#4656=CARTESIAN_POINT('',(-88.0660000000112,13.6035,0.889000000000004));
#4657=CARTESIAN_POINT('',(-77.0339999999923,13.6035,0.889));
#4658=CARTESIAN_POINT('',(-88.0660000000111,13.6035,0.889));
#4659=CARTESIAN_POINT('',(-88.0659999999992,13.6034999999918,0.889000000000004));
#4660=CARTESIAN_POINT('',(-88.0659999999992,9.25949999999454,0.889000000000004));
#4661=CARTESIAN_POINT('',(-88.0659999999992,4.91549999999727,0.889000000000003));
#4662=CARTESIAN_POINT('',(-88.0659999999992,0.571500000000003,0.889000000000003));
#4663=CARTESIAN_POINT('',(-88.0660000000062,0.5715,0.889));
#4664=CARTESIAN_POINT('',(-88.0660000000062,0.571500000000003,0.889000000000003));
#4665=CARTESIAN_POINT('',(-84.3886666666646,0.571500000000003,0.889000000000003));
#4666=CARTESIAN_POINT('',(-80.711333333323,0.571500000000003,0.889000000000003));
#4667=CARTESIAN_POINT('',(-77.0339999999813,0.571500000000003,0.889000000000003));
#4668=CARTESIAN_POINT('',(-77.034,0.5715,0.889));
#4669=CARTESIAN_POINT('',(-77.0339999999993,0.571500000000003,0.889000000000003));
#4670=CARTESIAN_POINT('',(-77.0339999999993,4.91550000000006,0.889000000000003));
#4671=CARTESIAN_POINT('',(-77.0339999999993,9.25950000000012,0.889000000000003));
#4672=CARTESIAN_POINT('',(-77.0339999999993,13.6035000000002,0.889000000000003));
#4673=CARTESIAN_POINT('',(-46.9392,5.6261,0.889));
#4674=CARTESIAN_POINT('',(-46.9392,10.414,0.889));
#4675=CARTESIAN_POINT('',(-46.9392,14.9352,0.889));
#4676=CARTESIAN_POINT('',(-84.4439423582016,14.9352,0.889));
#4677=CARTESIAN_POINT('',(-75.51,14.9352,0.889));
#4678=CARTESIAN_POINT('',(-75.51,5.6261,0.889));
#4679=CARTESIAN_POINT('',(-75.51,10.414,0.889));
#4680=CARTESIAN_POINT('',(-84.4439423582016,10.414,0.889));
#4681=CARTESIAN_POINT('',(0.508,-128.052273264644,0.889));
#4682=CARTESIAN_POINT('',(0.508,14.9352,-3.6322));
#4683=CARTESIAN_POINT('',(0.508,14.9352,-3.6322));
#4684=CARTESIAN_POINT('',(0.508,14.9352,0.889));
#4685=CARTESIAN_POINT('',(0.508,17.4752,0.889));
#4686=CARTESIAN_POINT('',(0.508,17.4752,-10.8204));
#4687=CARTESIAN_POINT('',(0.508,-28.2845906331101,-10.8204));
#4688=CARTESIAN_POINT('',(0.508,-0.685799999999962,-10.8204));
#4689=CARTESIAN_POINT('',(0.508,-0.685799999999962,-31.9024));
#4690=CARTESIAN_POINT('',(0.508,-0.685799999999962,-31.9024));
#4691=CARTESIAN_POINT('',(0.508,-28.2845906331101,-31.9024));
#4692=CARTESIAN_POINT('',(0.508,17.4752,-31.9024));
#4693=CARTESIAN_POINT('',(0.508,17.4752,0.889));
#4694=CARTESIAN_POINT('',(0.508,17.4752,-35.7759));
#4695=CARTESIAN_POINT('',(0.508,2.50190000000004,-35.7759));
#4696=CARTESIAN_POINT('',(0.508,2.50190000000004,-35.7759));
#4697=CARTESIAN_POINT('',(0.508,2.50190000000004,-52.0065));
#4698=CARTESIAN_POINT('',(0.508,2.50190000000004,-52.0065));
#4699=CARTESIAN_POINT('',(0.508,18.7325,-52.0065));
#4700=CARTESIAN_POINT('',(0.508,17.4752,-52.0065));
#4701=CARTESIAN_POINT('',(0.508,17.4752,0.889));
#4702=CARTESIAN_POINT('',(0.508,17.4752,-64.389));
#4703=CARTESIAN_POINT('',(0.508,-128.052273264644,-64.389));
#4704=CARTESIAN_POINT('',(0.508,0.,-64.389));
#4705=CARTESIAN_POINT('',(0.508,0.,-64.389));
#4706=CARTESIAN_POINT('',(0.508,0.,-54.991));
#4707=CARTESIAN_POINT('',(0.508,12.7633420388235,-54.991));
#4708=CARTESIAN_POINT('',(0.508,-5.635625,-54.991));
#4709=CARTESIAN_POINT('',(0.508,-5.635625,0.889));
#4710=CARTESIAN_POINT('',(0.508,-5.635625,-8.509));
#4711=CARTESIAN_POINT('',(0.508,12.7633420388235,-8.509));
#4712=CARTESIAN_POINT('',(0.508,0.,-8.509));
#4713=CARTESIAN_POINT('',(0.508,0.,0.889));
#4714=CARTESIAN_POINT('',(0.,-5.635625,0.));
#4715=CARTESIAN_POINT('',(-22.3393,-5.635625,-4.66344));
#4716=CARTESIAN_POINT('',(-8.3693,-5.635625,-4.66344));
#4717=CARTESIAN_POINT('',(-22.3393,-5.635625,-4.66344));
#4718=CARTESIAN_POINT('',(-22.3393,-5.635625,-4.66344));
#4719=CARTESIAN_POINT('',(-22.3393,-5.635625,-27.52344));
#4720=CARTESIAN_POINT('',(-22.3393,-5.635625,-27.52344));
#4721=CARTESIAN_POINT('',(-8.3693,-5.635625,-27.52344));
#4722=CARTESIAN_POINT('',(-8.3693,-5.635625,-4.66344));
#4723=CARTESIAN_POINT('',(-79.4893,-5.635625,-4.66344));
#4724=CARTESIAN_POINT('',(-65.5193,-5.635625,-4.66344));
#4725=CARTESIAN_POINT('',(-67.6794924755693,-5.635625,-4.66344));
#4726=CARTESIAN_POINT('',(-68.58,-5.635625,-5.08));
#4727=CARTESIAN_POINT('',(-69.4805075244307,-5.635625,-4.66344));
#4728=CARTESIAN_POINT('',(-79.4893,-5.635625,-4.66344));
#4729=CARTESIAN_POINT('',(-79.4893,-5.635625,-4.66344));
#4730=CARTESIAN_POINT('',(-79.4893,-5.635625,-4.66344));
#4731=CARTESIAN_POINT('',(-79.4893,-5.635625,-27.52344));
#4732=CARTESIAN_POINT('',(-79.4893,-5.635625,-27.52344));
#4733=CARTESIAN_POINT('',(-65.5193,-5.635625,-27.52344));
#4734=CARTESIAN_POINT('',(-65.5193,-5.635625,-4.66344));
#4735=CARTESIAN_POINT('',(-79.4893,-5.635625,-58.83656));
#4736=CARTESIAN_POINT('',(-79.4893,-5.635625,-58.83656));
#4737=CARTESIAN_POINT('',(-79.4893,-5.635625,-35.97656));
#4738=CARTESIAN_POINT('',(-79.4893,-5.635625,-58.83656));
#4739=CARTESIAN_POINT('',(-65.5193,-5.635625,-58.83656));
#4740=CARTESIAN_POINT('',(-65.5193,-5.635625,-58.83656));
#4741=CARTESIAN_POINT('',(-65.5193,-5.635625,-35.97656));
#4742=CARTESIAN_POINT('',(-79.4893,-5.635625,-35.97656));
#4743=CARTESIAN_POINT('',(-0.508000000000019,-5.635625,-5.71641058886414));
#4744=CARTESIAN_POINT('',(-0.508000000000019,-5.635625,-5.71641058886414));
#4745=CARTESIAN_POINT('',(-0.635000000000011,-5.635625,-5.78973407305121));
#4746=CARTESIAN_POINT('',(-0.635000000000011,-5.635625,-0.888999999999984));
#4747=CARTESIAN_POINT('',(-0.635000000000011,-5.635625,-8.509));
#4748=CARTESIAN_POINT('',(0.,-5.635625,-8.509));
#4749=CARTESIAN_POINT('',(0.,-5.635625,-54.991));
#4750=CARTESIAN_POINT('',(-0.635000000000014,-5.635625,-54.991));
#4751=CARTESIAN_POINT('',(-0.635000000000014,-5.635625,-62.611));
#4752=CARTESIAN_POINT('',(-0.635000000000014,-5.635625,-57.7102659269488));
#4753=CARTESIAN_POINT('',(-3.81,-5.635625,-55.8771788222717));
#4754=CARTESIAN_POINT('',(-0.508000000000016,-5.635625,-57.7835894111359));
#4755=CARTESIAN_POINT('',(-0.508000000000016,-5.635625,-57.7835894111359));
#4756=CARTESIAN_POINT('',(-0.508000000000016,-5.635625,-61.5964105888641));
#4757=CARTESIAN_POINT('',(-0.508000000000016,-5.635625,-61.5964105888641));
#4758=CARTESIAN_POINT('',(-0.635000000000014,-5.635625,-61.6697340730512));
#4759=CARTESIAN_POINT('',(-0.635000000000014,-5.635625,-62.611));
#4760=CARTESIAN_POINT('',(-0.635000000000014,-5.635625,-62.611));
#4761=CARTESIAN_POINT('',(-97.028,-5.635625,-62.611));
#4762=CARTESIAN_POINT('',(-2.26532040890869,-5.635625,-62.611));
#4763=CARTESIAN_POINT('',(-0.508000000000016,-5.635625,-61.5964105888641));
#4764=CARTESIAN_POINT('',(-3.81,-5.635625,-63.5028211777283));
#4765=CARTESIAN_POINT('',(-3.81,-5.635625,-63.5028211777283));
#4766=CARTESIAN_POINT('',(-5.35467959109131,-5.635625,-62.611));
#4767=CARTESIAN_POINT('',(-97.028,-5.635625,-62.611));
#4768=CARTESIAN_POINT('',(-6.985,-5.635625,-62.611));
#4769=CARTESIAN_POINT('',(-6.985,-5.635625,-62.611));
#4770=CARTESIAN_POINT('',(-6.985,-5.635625,-61.6697340730512));
#4771=CARTESIAN_POINT('',(-3.81,-5.635625,-63.5028211777283));
#4772=CARTESIAN_POINT('',(-7.112,-5.635625,-61.5964105888641));
#4773=CARTESIAN_POINT('',(-7.112,-5.635625,-61.5964105888641));
#4774=CARTESIAN_POINT('',(-7.112,-5.635625,-57.7835894111359));
#4775=CARTESIAN_POINT('',(-7.112,-5.635625,-57.7835894111359));
#4776=CARTESIAN_POINT('',(-6.985,-5.635625,-57.7102659269488));
#4777=CARTESIAN_POINT('',(-6.985,-5.635625,-62.611));
#4778=CARTESIAN_POINT('',(-6.985,-5.635625,-54.991));
#4779=CARTESIAN_POINT('',(0.,-5.635625,-54.991));
#4780=CARTESIAN_POINT('',(-8.128,-5.635625,-54.991));
#4781=CARTESIAN_POINT('',(-8.128,-5.635625,0.));
#4782=CARTESIAN_POINT('',(-8.128,-5.635625,-64.389));
#4783=CARTESIAN_POINT('',(-100.6983,-5.635625,-64.389));
#4784=CARTESIAN_POINT('',(-88.392,-5.635625,-64.389));
#4785=CARTESIAN_POINT('',(-88.392,-5.635625,0.));
#4786=CARTESIAN_POINT('',(-88.392,-5.635625,-54.991));
#4787=CARTESIAN_POINT('',(0.,-5.635625,-54.991));
#4788=CARTESIAN_POINT('',(-97.028,-5.635625,-54.991));
#4789=CARTESIAN_POINT('',(-97.028,-5.635625,0.));
#4790=CARTESIAN_POINT('',(-97.028,-5.635625,-64.389));
#4791=CARTESIAN_POINT('',(-100.6983,-5.635625,-64.389));
#4792=CARTESIAN_POINT('',(-100.6983,-5.635625,-64.389));
#4793=CARTESIAN_POINT('',(-100.6983,-5.635625,-64.389));
#4794=CARTESIAN_POINT('',(-97.028,-5.635625,0.));
#4795=CARTESIAN_POINT('',(-97.028,-5.635625,-8.509));
#4796=CARTESIAN_POINT('',(0.,-5.635625,-8.509));
#4797=CARTESIAN_POINT('',(-88.392,-5.635625,-8.509));
#4798=CARTESIAN_POINT('',(-88.392,-5.635625,0.));
#4799=CARTESIAN_POINT('',(-8.128,-5.635625,0.));
#4800=CARTESIAN_POINT('',(-8.128,-5.635625,-8.509));
#4801=CARTESIAN_POINT('',(0.,-5.635625,-8.509));
#4802=CARTESIAN_POINT('',(-6.985,-5.635625,-8.509));
#4803=CARTESIAN_POINT('',(-6.985,-5.635625,-0.888999999999984));
#4804=CARTESIAN_POINT('',(-6.985,-5.635625,-5.7897340730512));
#4805=CARTESIAN_POINT('',(-3.81,-5.635625,-7.62282117772827));
#4806=CARTESIAN_POINT('',(-7.112,-5.635625,-5.71641058886414));
#4807=CARTESIAN_POINT('',(-7.112,-5.635625,-5.71641058886414));
#4808=CARTESIAN_POINT('',(-7.112,-5.635625,-1.90358941113586));
#4809=CARTESIAN_POINT('',(-7.112,-5.635625,-1.90358941113586));
#4810=CARTESIAN_POINT('',(-6.985,-5.635625,-1.83026592694881));
#4811=CARTESIAN_POINT('',(-6.985,-5.635625,-0.888999999999984));
#4812=CARTESIAN_POINT('',(-6.985,-5.635625,-0.888999999999984));
#4813=CARTESIAN_POINT('',(-6.985,-5.635625,-0.888999999999984));
#4814=CARTESIAN_POINT('',(-5.35467959109123,-5.635625,-0.888999999999984));
#4815=CARTESIAN_POINT('',(-7.112,-5.635625,-1.90358941113586));
#4816=CARTESIAN_POINT('',(-3.81,-5.635625,0.00282117772825472));
#4817=CARTESIAN_POINT('',(-3.81,-5.635625,0.00282117772825472));
#4818=CARTESIAN_POINT('',(-2.26532040890878,-5.635625,-0.888999999999984));
#4819=CARTESIAN_POINT('',(-6.985,-5.635625,-0.888999999999984));
#4820=CARTESIAN_POINT('',(-0.635000000000011,-5.635625,-0.888999999999984));
#4821=CARTESIAN_POINT('',(-0.635000000000011,-5.635625,-0.888999999999984));
#4822=CARTESIAN_POINT('',(-0.635000000000011,-5.635625,-1.83026592694879));
#4823=CARTESIAN_POINT('',(-3.81,-5.635625,0.00282117772825472));
#4824=CARTESIAN_POINT('',(-0.508000000000019,-5.635625,-1.90358941113586));
#4825=CARTESIAN_POINT('',(-0.508000000000019,-5.635625,-1.90358941113586));
#4826=CARTESIAN_POINT('',(-3.81,-5.635625,-3.81));
#4827=CARTESIAN_POINT('',(-3.81,-5.635625,-5.334));
#4828=CARTESIAN_POINT('',(-3.81,-5.635625,-59.69));
#4829=CARTESIAN_POINT('',(-3.81,-5.635625,-61.214));
#4830=CARTESIAN_POINT('',(-22.3393,-5.635625,-58.83656));
#4831=CARTESIAN_POINT('',(-22.3393,-5.635625,-58.83656));
#4832=CARTESIAN_POINT('',(-22.3393,-5.635625,-35.97656));
#4833=CARTESIAN_POINT('',(-22.3393,-5.635625,-58.83656));
#4834=CARTESIAN_POINT('',(-8.3693,-5.635625,-58.83656));
#4835=CARTESIAN_POINT('',(-8.3693,-5.635625,-58.83656));
#4836=CARTESIAN_POINT('',(-8.3693,-5.635625,-35.97656));
#4837=CARTESIAN_POINT('',(-22.3393,-5.635625,-35.97656));
#4838=CARTESIAN_POINT('',(0.,-7.62,0.));
#4839=CARTESIAN_POINT('',(-68.58,-7.62,-5.08));
#4840=CARTESIAN_POINT('',(-68.58,-7.62,-4.08781249999999));
#4841=CARTESIAN_POINT('',(14.4272,-7.62,-64.643));
#4842=CARTESIAN_POINT('',(-100.7618,-7.62,-64.643));
#4843=CARTESIAN_POINT('',(12.9032,-7.62,-64.643));
#4844=CARTESIAN_POINT('',(12.9032,-7.62,2.667));
#4845=CARTESIAN_POINT('',(12.9032,-7.62,1.14299999999999));
#4846=CARTESIAN_POINT('',(-102.2858,-7.62,1.14299999999999));
#4847=CARTESIAN_POINT('',(-100.7618,-7.62,1.14299999999999));
#4848=CARTESIAN_POINT('',(-100.7618,-7.62,-66.167));
#4849=CARTESIAN_POINT('',(-72.5043,-7.62,-45.847));
#4850=CARTESIAN_POINT('',(-74.33818,-7.62,-48.7443997214054));
#4851=CARTESIAN_POINT('',(-70.67042,-7.62,-48.7443997214054));
#4852=CARTESIAN_POINT('',(-70.67042,-7.62,-54.229));
#4853=CARTESIAN_POINT('',(-70.67042,-7.62,-54.229));
#4854=CARTESIAN_POINT('',(-72.5043,-7.62,-54.229));
#4855=CARTESIAN_POINT('',(-74.33818,-7.62,-54.229));
#4856=CARTESIAN_POINT('',(-74.33818,-7.62,-54.229));
#4857=CARTESIAN_POINT('',(-15.3543,-7.62,-45.847));
#4858=CARTESIAN_POINT('',(-17.18818,-7.62,-48.7443997214054));
#4859=CARTESIAN_POINT('',(-13.52042,-7.62,-48.7443997214054));
#4860=CARTESIAN_POINT('',(-13.52042,-7.62,-54.229));
#4861=CARTESIAN_POINT('',(-13.52042,-7.62,-54.229));
#4862=CARTESIAN_POINT('',(-15.3543,-7.62,-54.229));
#4863=CARTESIAN_POINT('',(-17.18818,-7.62,-54.229));
#4864=CARTESIAN_POINT('',(-17.18818,-7.62,-54.229));
#4865=CARTESIAN_POINT('',(-92.71,-7.62,-59.69));
#4866=CARTESIAN_POINT('',(-92.71,-7.62,-62.5094));
#4867=CARTESIAN_POINT('',(7.4676,-7.62,-3.8989));
#4868=CARTESIAN_POINT('',(7.4676,-7.62,-6.7183));
#4869=CARTESIAN_POINT('',(-92.71,-7.62,-3.81));
#4870=CARTESIAN_POINT('',(-92.71,-7.62,-6.6294));
#4871=CARTESIAN_POINT('',(7.4676,-7.62,-59.9821));
#4872=CARTESIAN_POINT('',(7.4676,-7.62,-62.8015));
#4873=CARTESIAN_POINT('',(-13.52042,-7.62,-9.271));
#4874=CARTESIAN_POINT('',(-13.52042,-7.62,-14.7556002785946));
#4875=CARTESIAN_POINT('',(-13.52042,-7.62,-9.271));
#4876=CARTESIAN_POINT('',(-15.3543,-7.62,-17.653));
#4877=CARTESIAN_POINT('',(-17.18818,-7.62,-14.7556002785946));
#4878=CARTESIAN_POINT('',(-17.18818,-7.62,-9.271));
#4879=CARTESIAN_POINT('',(-17.18818,-7.62,-9.271));
#4880=CARTESIAN_POINT('',(-15.3543,-7.62,-9.271));
#4881=CARTESIAN_POINT('',(-70.67042,-7.62,-9.271));
#4882=CARTESIAN_POINT('',(-70.67042,-7.62,-14.7556002785946));
#4883=CARTESIAN_POINT('',(-70.67042,-7.62,-9.271));
#4884=CARTESIAN_POINT('',(-72.5043,-7.62,-17.653));
#4885=CARTESIAN_POINT('',(-74.33818,-7.62,-14.7556002785946));
#4886=CARTESIAN_POINT('',(-74.33818,-7.62,-9.271));
#4887=CARTESIAN_POINT('',(-74.33818,-7.62,-9.271));
#4888=CARTESIAN_POINT('',(-72.5043,-7.62,-9.271));
#4889=CARTESIAN_POINT('',(12.7635,17.4752,-44.323));
#4890=CARTESIAN_POINT('',(14.4272,17.4752,2.667));
#4891=CARTESIAN_POINT('',(14.4272,17.4752,-52.0065));
#4892=CARTESIAN_POINT('',(14.4272,17.4752,-64.643));
#4893=CARTESIAN_POINT('',(23.75535,17.4752,-55.31485));
#4894=CARTESIAN_POINT('',(12.9032,17.4752,-66.167));
#4895=CARTESIAN_POINT('',(-102.2858,17.4752,-66.167));
#4896=CARTESIAN_POINT('',(-100.7618,17.4752,-66.167));
#4897=CARTESIAN_POINT('',(-54.92115,17.4752,-112.00765));
#4898=CARTESIAN_POINT('',(-102.2858,17.4752,-64.643));
#4899=CARTESIAN_POINT('',(-102.2858,17.4752,2.667));
#4900=CARTESIAN_POINT('',(-102.2858,17.4752,-54.5592));
#4901=CARTESIAN_POINT('',(12.7635,17.4752,-54.5592));
#4902=CARTESIAN_POINT('',(-100.6983,17.4752,-54.5592));
#4903=CARTESIAN_POINT('',(-100.6983,17.4752,-64.389));
#4904=CARTESIAN_POINT('',(-100.6983,17.4752,-64.389));
#4905=CARTESIAN_POINT('',(-100.6983,17.4752,-64.389));
#4906=CARTESIAN_POINT('',(12.7635,17.4752,-52.0065));
#4907=CARTESIAN_POINT('',(7.4676,17.4752,-59.9821));
#4908=CARTESIAN_POINT('',(7.4676,17.4752,-54.9021));
#4909=CARTESIAN_POINT('',(12.7635,17.4752,-44.323));
#4910=CARTESIAN_POINT('',(-102.2858,17.4752,2.667));
#4911=CARTESIAN_POINT('',(-100.7618,17.4752,2.667));
#4912=CARTESIAN_POINT('',(12.9032,17.4752,2.667));
#4913=CARTESIAN_POINT('',(36.32835,17.4752,-20.75815));
#4914=CARTESIAN_POINT('',(14.4272,17.4752,1.14299999999999));
#4915=CARTESIAN_POINT('',(14.4272,17.4752,2.667));
#4916=CARTESIAN_POINT('',(14.4272,17.4752,-14.3764));
#4917=CARTESIAN_POINT('',(-102.2868,17.4752,-14.3764));
#4918=CARTESIAN_POINT('',(12.8397,17.4752,-14.3764));
#4919=CARTESIAN_POINT('',(12.8397,17.4752,-31.9024));
#4920=CARTESIAN_POINT('',(12.8397,17.4752,-10.8204));
#4921=CARTESIAN_POINT('',(0.508,17.4752,-10.8204));
#4922=CARTESIAN_POINT('',(-100.6983,17.4752,-64.389));
#4923=CARTESIAN_POINT('',(-100.6983,17.4752,-34.2392));
#4924=CARTESIAN_POINT('',(12.7635,17.4752,-34.2392));
#4925=CARTESIAN_POINT('',(-102.2858,17.4752,-34.2392));
#4926=CARTESIAN_POINT('',(-102.2858,17.4752,2.667));
#4927=CARTESIAN_POINT('',(-102.2858,17.4752,1.14299999999999));
#4928=CARTESIAN_POINT('',(-67.49415,17.4752,35.93465));
#4929=CARTESIAN_POINT('',(7.4676,17.4752,-3.8989));
#4930=CARTESIAN_POINT('',(7.4676,17.4752,1.1811));
#4931=CARTESIAN_POINT('',(-6.985,-5.635625,-0.888999999999984));
#4932=CARTESIAN_POINT('',(-6.985,-5.635625,-1.83026592694881));
#4933=CARTESIAN_POINT('',(-6.985,-2.460625,-1.83026592694881));
#4934=CARTESIAN_POINT('',(-6.985,-2.460625,-0.888999999999984));
#4935=CARTESIAN_POINT('',(-6.985,-2.460625,-0.888999999999984));
#4936=CARTESIAN_POINT('',(-6.985,-5.635625,-0.888999999999984));
#4937=CARTESIAN_POINT('',(-6.985,-5.635625,-0.888999999999984));
#4938=CARTESIAN_POINT('',(-6.985,-5.635625,-5.7897340730512));
#4939=CARTESIAN_POINT('',(-6.985,-2.460625,-5.7897340730512));
#4940=CARTESIAN_POINT('',(-6.985,-5.635625,-8.509));
#4941=CARTESIAN_POINT('',(-6.985,-2.460625,-8.509));
#4942=CARTESIAN_POINT('',(-6.985,-2.460625,-0.888999999999984));
#4943=CARTESIAN_POINT('',(-0.635000000000011,-5.635625,-0.888999999999984));
#4944=CARTESIAN_POINT('',(-0.635000000000011,-5.635625,-1.83026592694879));
#4945=CARTESIAN_POINT('',(-0.63500000000001,-2.460625,-1.83026592694879));
#4946=CARTESIAN_POINT('',(-0.635000000000011,-5.635625,-0.888999999999984));
#4947=CARTESIAN_POINT('',(-0.63500000000001,-2.460625,-0.888999999999984));
#4948=CARTESIAN_POINT('',(-0.63500000000001,-2.460625,-0.888999999999984));
#4949=CARTESIAN_POINT('',(-0.635000000000011,-5.635625,-0.888999999999984));
#4950=CARTESIAN_POINT('',(-0.635000000000011,-5.635625,-5.78973407305121));
#4951=CARTESIAN_POINT('',(-0.63500000000001,-2.460625,-5.78973407305121));
#4952=CARTESIAN_POINT('',(-0.63500000000001,-2.460625,-0.888999999999984));
#4953=CARTESIAN_POINT('',(-0.63500000000001,-2.460625,-8.509));
#4954=CARTESIAN_POINT('',(-0.635000000000011,-5.635625,-8.509));
#4955=CARTESIAN_POINT('',(0.,0.,-0.888999999999984));
#4956=CARTESIAN_POINT('',(-6.985,-2.460625,-0.888999999999984));
#4957=CARTESIAN_POINT('',(-5.35467959109123,-2.460625,-0.888999999999984));
#4958=CARTESIAN_POINT('',(-5.35467959109123,0.,-0.888999999999984));
#4959=CARTESIAN_POINT('',(0.,0.,-0.888999999999984));
#4960=CARTESIAN_POINT('',(-2.26532040890878,0.,-0.888999999999984));
#4961=CARTESIAN_POINT('',(-2.26532040890878,-2.460625,-0.888999999999984));
#4962=CARTESIAN_POINT('',(-6.985,-2.460625,-0.888999999999984));
#4963=CARTESIAN_POINT('',(-0.635000000000011,12.7633420388235,-62.611));
#4964=CARTESIAN_POINT('',(-0.635000000000011,12.7633420388235,-57.7102659269488));
#4965=CARTESIAN_POINT('',(-0.635000000000013,-2.460625,-57.7102659269488));
#4966=CARTESIAN_POINT('',(-0.635000000000011,12.7633420388235,-54.991));
#4967=CARTESIAN_POINT('',(-0.635000000000013,-2.460625,-54.991));
#4968=CARTESIAN_POINT('',(-0.635000000000013,-2.460625,-62.611));
#4969=CARTESIAN_POINT('',(-0.635000000000011,12.7633420388235,-62.611));
#4970=CARTESIAN_POINT('',(-0.635000000000011,12.7633420388235,-61.6697340730512));
#4971=CARTESIAN_POINT('',(-0.635000000000013,-2.460625,-61.6697340730512));
#4972=CARTESIAN_POINT('',(-0.635000000000013,-2.460625,-62.611));
#4973=CARTESIAN_POINT('',(-0.635000000000013,-2.460625,-62.611));
#4974=CARTESIAN_POINT('',(-0.635000000000011,12.7633420388235,-62.611));
#4975=CARTESIAN_POINT('',(-6.985,12.7633420388235,-62.611));
#4976=CARTESIAN_POINT('',(-6.985,12.7633420388235,-57.7102659269488));
#4977=CARTESIAN_POINT('',(-6.985,-2.460625,-57.7102659269488));
#4978=CARTESIAN_POINT('',(-6.985,-2.460625,-62.611));
#4979=CARTESIAN_POINT('',(-6.985,-2.460625,-54.991));
#4980=CARTESIAN_POINT('',(-6.985,12.7633420388235,-54.991));
#4981=CARTESIAN_POINT('',(-6.985,12.7633420388235,-62.611));
#4982=CARTESIAN_POINT('',(-6.985,12.7633420388235,-61.6697340730512));
#4983=CARTESIAN_POINT('',(-6.985,-2.460625,-61.6697340730512));
#4984=CARTESIAN_POINT('',(-6.985,12.7633420388235,-62.611));
#4985=CARTESIAN_POINT('',(-6.985,-2.460625,-62.611));
#4986=CARTESIAN_POINT('',(-6.985,-2.460625,-62.611));
#4987=CARTESIAN_POINT('',(0.,0.,-62.611));
#4988=CARTESIAN_POINT('',(-97.028,-2.460625,-62.611));
#4989=CARTESIAN_POINT('',(-2.26532040890869,-2.460625,-62.611));
#4990=CARTESIAN_POINT('',(-2.26532040890869,0.,-62.611));
#4991=CARTESIAN_POINT('',(0.,0.,-62.611));
#4992=CARTESIAN_POINT('',(-5.35467959109131,0.,-62.611));
#4993=CARTESIAN_POINT('',(-5.35467959109131,-2.460625,-62.611));
#4994=CARTESIAN_POINT('',(-97.028,-2.460625,-62.611));
#4995=CARTESIAN_POINT('',(-3.81,-11.9305229381132,-59.69));
#4996=CARTESIAN_POINT('',(-3.81,-2.460625,-59.69));
#4997=CARTESIAN_POINT('',(-3.81,-2.460625,-58.166));
#4998=CARTESIAN_POINT('',(-3.81,0.,-59.69));
#4999=CARTESIAN_POINT('',(-3.81,0.,-58.166));
#5000=CARTESIAN_POINT('',(7.4676,17.4752,-3.8989));
#5001=CARTESIAN_POINT('',(7.4676,-1.27,-3.8989));
#5002=CARTESIAN_POINT('',(7.4676,-1.27,-5.4864));
#5003=CARTESIAN_POINT('',(7.4676,-5.334,-3.8989));
#5004=CARTESIAN_POINT('',(7.4676,-5.334,-5.4864));
#5005=CARTESIAN_POINT('',(7.4676,17.4752,-59.9821));
#5006=CARTESIAN_POINT('',(7.4676,-1.27,-59.9821));
#5007=CARTESIAN_POINT('',(7.4676,-1.27,-61.5696));
#5008=CARTESIAN_POINT('',(7.4676,-5.334,-59.9821));
#5009=CARTESIAN_POINT('',(7.4676,-5.334,-61.5696));
#5010=CARTESIAN_POINT('',(-92.71,17.4752,-59.69));
#5011=CARTESIAN_POINT('',(-92.71,0.,-59.69));
#5012=CARTESIAN_POINT('',(-92.71,0.,-58.166));
#5013=CARTESIAN_POINT('',(-92.71,-5.334,-59.69));
#5014=CARTESIAN_POINT('',(-92.71,-5.334,-61.214));
#5015=CARTESIAN_POINT('',(-92.71,17.4752,-3.81));
#5016=CARTESIAN_POINT('',(-92.71,0.,-3.81));
#5017=CARTESIAN_POINT('',(-92.71,0.,-2.286));
#5018=CARTESIAN_POINT('',(-92.71,-5.334,-3.81));
#5019=CARTESIAN_POINT('',(-92.71,-5.334,-5.334));
#5020=CARTESIAN_POINT('',(-100.6983,-128.052273264644,-64.389));
#5021=CARTESIAN_POINT('',(-8.128,12.7633420388235,-64.389));
#5022=CARTESIAN_POINT('',(-8.128,0.,-64.389));
#5023=CARTESIAN_POINT('',(-8.128,0.,-64.389));
#5024=CARTESIAN_POINT('',(-100.6983,-128.052273264644,-64.389));
#5025=CARTESIAN_POINT('',(-97.028,12.7633420388235,-64.389));
#5026=CARTESIAN_POINT('',(-97.028,0.,-64.389));
#5027=CARTESIAN_POINT('',(-97.028,0.,-64.389));
#5028=CARTESIAN_POINT('',(-88.392,0.,-64.389));
#5029=CARTESIAN_POINT('',(-88.392,12.7633420388235,-64.389));
#5030=CARTESIAN_POINT('',(-102.2858,154.244439573512,2.667));
#5031=CARTESIAN_POINT('',(-102.2858,-6.096,2.667));
#5032=CARTESIAN_POINT('',(-102.2858,-6.096,-64.643));
#5033=CARTESIAN_POINT('',(-102.2858,-6.096,1.14299999999999));
#5034=CARTESIAN_POINT('',(-102.2858,154.244439573512,1.14299999999999));
#5035=CARTESIAN_POINT('',(-102.2858,1.46050000000003,-34.2392));
#5036=CARTESIAN_POINT('',(-102.2858,1.46050000000003,-34.2392));
#5037=CARTESIAN_POINT('',(-102.2858,1.46050000000003,-54.5592));
#5038=CARTESIAN_POINT('',(-102.2858,1.46050000000003,-54.5592));
#5039=CARTESIAN_POINT('',(-102.2858,1.46050000000003,-54.5592));
#5040=CARTESIAN_POINT('',(-102.2858,154.244439573512,-64.643));
#5041=CARTESIAN_POINT('',(-102.2858,154.244439573512,2.667));
#5042=CARTESIAN_POINT('',(-43.88720000001,9.83809999999999,2.667));
#5043=CARTESIAN_POINT('',(-40.0352000000026,9.83809999999999,2.667));
#5044=CARTESIAN_POINT('',(-36.1831999999953,9.83809999999999,2.667));
#5045=CARTESIAN_POINT('',(-32.3311999999879,9.83809999999999,2.667));
#5046=CARTESIAN_POINT('',(-43.8872,9.83810000000321,2.667));
#5047=CARTESIAN_POINT('',(-32.3311999999879,9.8381,2.667));
#5048=CARTESIAN_POINT('',(-32.3312,9.8380999999956,2.667));
#5049=CARTESIAN_POINT('',(-32.3312,7.9260999999969,2.667));
#5050=CARTESIAN_POINT('',(-32.3312,6.0140999999982,2.667));
#5051=CARTESIAN_POINT('',(-32.3312,4.1020999999995,2.667));
#5052=CARTESIAN_POINT('',(-32.3311999999883,4.1021,2.667));
#5053=CARTESIAN_POINT('',(-32.3311999999883,4.1021,2.667));
#5054=CARTESIAN_POINT('',(-36.1831999999944,4.1021,2.667));
#5055=CARTESIAN_POINT('',(-40.0352000000006,4.1021,2.667));
#5056=CARTESIAN_POINT('',(-43.8872000000067,4.1021,2.667));
#5057=CARTESIAN_POINT('',(-43.8872000000067,4.1021,2.667));
#5058=CARTESIAN_POINT('',(-43.8872,4.1020999999995,2.667));
#5059=CARTESIAN_POINT('',(-43.8872,6.01410000000066,2.667));
#5060=CARTESIAN_POINT('',(-43.8872,7.92610000000182,2.667));
#5061=CARTESIAN_POINT('',(-43.8872,9.83810000000299,2.667));
#5062=CARTESIAN_POINT('',(-77.0339999999813,0.571500000000003,2.667));
#5063=CARTESIAN_POINT('',(-80.711333333323,0.571500000000003,2.667));
#5064=CARTESIAN_POINT('',(-84.3886666666646,0.571500000000003,2.667));
#5065=CARTESIAN_POINT('',(-88.0660000000063,0.571500000000003,2.667));
#5066=CARTESIAN_POINT('',(-77.034,0.571499999999975,2.667));
#5067=CARTESIAN_POINT('',(-88.0660000000062,0.5715,2.667));
#5068=CARTESIAN_POINT('',(-88.0659999999992,0.571500000000003,2.667));
#5069=CARTESIAN_POINT('',(-88.0659999999992,4.9154999999972,2.667));
#5070=CARTESIAN_POINT('',(-88.0659999999992,9.25949999999439,2.667));
#5071=CARTESIAN_POINT('',(-88.0659999999992,13.6034999999916,2.667));
#5072=CARTESIAN_POINT('',(-88.0660000000111,13.6035,2.667));
#5073=CARTESIAN_POINT('',(-88.0660000000111,13.6035,2.667));
#5074=CARTESIAN_POINT('',(-84.3886666666715,13.6035,2.667));
#5075=CARTESIAN_POINT('',(-80.7113333333319,13.6035,2.667));
#5076=CARTESIAN_POINT('',(-77.0339999999922,13.6035,2.667));
#5077=CARTESIAN_POINT('',(-77.0339999999922,13.6035,2.667));
#5078=CARTESIAN_POINT('',(-77.0339999999992,13.6034999999998,2.667));
#5079=CARTESIAN_POINT('',(-77.0339999999992,9.25949999999986,2.667));
#5080=CARTESIAN_POINT('',(-77.0339999999992,4.91549999999993,2.667));
#5081=CARTESIAN_POINT('',(-77.0339999999992,0.571500000000003,2.667));
#5082=CARTESIAN_POINT('',(14.4272,-6.096,2.667));
#5083=CARTESIAN_POINT('',(-100.7618,-6.096,2.667));
#5084=CARTESIAN_POINT('',(12.9032,-6.096,2.667));
#5085=CARTESIAN_POINT('',(12.9032,154.244439573512,2.667));
#5086=CARTESIAN_POINT('',(-100.7618,154.244439573512,2.667));
#5087=CARTESIAN_POINT('',(14.4272,154.244439573512,2.667));
#5088=CARTESIAN_POINT('',(14.4272,154.244439573512,1.14299999999999));
#5089=CARTESIAN_POINT('',(14.4272,-6.096,1.14299999999999));
#5090=CARTESIAN_POINT('',(14.4272,-6.096,-66.167));
#5091=CARTESIAN_POINT('',(14.4272,-6.096,-64.643));
#5092=CARTESIAN_POINT('',(14.4272,154.244439573512,-64.643));
#5093=CARTESIAN_POINT('',(14.4272,18.7325,-52.0065));
#5094=CARTESIAN_POINT('',(14.4272,2.50190000000004,-52.0065));
#5095=CARTESIAN_POINT('',(14.4272,2.50190000000004,-52.0065));
#5096=CARTESIAN_POINT('',(14.4272,2.50190000000004,-35.7759));
#5097=CARTESIAN_POINT('',(14.4272,2.50190000000004,-35.7759));
#5098=CARTESIAN_POINT('',(14.4272,17.4752,-35.7759));
#5099=CARTESIAN_POINT('',(14.4272,17.4752,2.667));
#5100=CARTESIAN_POINT('',(14.4272,17.4752,-28.3464));
#5101=CARTESIAN_POINT('',(14.4272,2.3622,-28.3464));
#5102=CARTESIAN_POINT('',(14.4272,2.3622,-28.3464));
#5103=CARTESIAN_POINT('',(14.4272,2.3622,-14.3764));
#5104=CARTESIAN_POINT('',(14.4272,2.3622,-14.3764));
#5105=CARTESIAN_POINT('',(14.4272,2.3622,-14.3764));
#5106=CARTESIAN_POINT('',(-102.2858,154.244439573512,-66.167));
#5107=CARTESIAN_POINT('',(12.9032,154.244439573512,-66.167));
#5108=CARTESIAN_POINT('',(12.9032,-6.096,-66.167));
#5109=CARTESIAN_POINT('',(-102.2858,-6.096,-66.167));
#5110=CARTESIAN_POINT('',(-100.7618,-6.096,-66.167));
#5111=CARTESIAN_POINT('',(-100.7618,154.244439573512,-66.167));
#5112=CARTESIAN_POINT('',(12.7635,17.4752,-44.323));
#5113=CARTESIAN_POINT('',(12.7635,17.4752,-35.7759));
#5114=CARTESIAN_POINT('',(0.508,17.4752,-31.9024));
#5115=CARTESIAN_POINT('',(12.8397,17.4752,-31.9024));
#5116=CARTESIAN_POINT('',(12.8397,17.4752,-31.9024));
#5117=CARTESIAN_POINT('',(12.8397,17.4752,-28.3464));
#5118=CARTESIAN_POINT('',(-102.2868,17.4752,-28.3464));
#5119=CARTESIAN_POINT('',(-100.6983,-128.052273264644,-64.389));
#5120=CARTESIAN_POINT('',(-100.6983,1.46050000000003,-54.5592));
#5121=CARTESIAN_POINT('',(-100.6983,1.46050000000003,-54.5592));
#5122=CARTESIAN_POINT('',(-100.6983,1.46050000000003,-54.5592));
#5123=CARTESIAN_POINT('',(-100.6983,1.46050000000003,-34.2392));
#5124=CARTESIAN_POINT('',(-100.6983,-128.052273264644,-34.2392));
#5125=CARTESIAN_POINT('',(-77.542,13.0955,-66.168));
#5126=CARTESIAN_POINT('',(-87.558,13.0955,-66.168));
#5127=CARTESIAN_POINT('',(-87.558,13.0955,1.397));
#5128=CARTESIAN_POINT('',(-87.558,13.0955,2.159));
#5129=CARTESIAN_POINT('',(-87.558,13.0955,1.397));
#5130=CARTESIAN_POINT('',(-84.2193333333218,13.0955,1.397));
#5131=CARTESIAN_POINT('',(-80.8806666666436,13.0955,1.397));
#5132=CARTESIAN_POINT('',(-77.5419999999653,13.0955,1.397));
#5133=CARTESIAN_POINT('',(-77.542,13.0955,1.397));
#5134=CARTESIAN_POINT('',(-77.542,13.0955,-66.168));
#5135=CARTESIAN_POINT('',(-77.542,13.0955,2.159));
#5136=CARTESIAN_POINT('',(-77.5419999999653,13.0955,2.15899999999999));
#5137=CARTESIAN_POINT('',(-80.8806666666436,13.0955,2.15899999999999));
#5138=CARTESIAN_POINT('',(-84.2193333333218,13.0955,2.15899999999999));
#5139=CARTESIAN_POINT('',(-87.558,13.0955,2.15899999999999));
#5140=CARTESIAN_POINT('',(-87.558,13.0955,-66.168));
#5141=CARTESIAN_POINT('',(-87.558,1.0795,-66.168));
#5142=CARTESIAN_POINT('',(-87.558,1.0795,1.397));
#5143=CARTESIAN_POINT('',(-87.558,1.0795,2.159));
#5144=CARTESIAN_POINT('',(-87.558,1.07949999999978,1.397));
#5145=CARTESIAN_POINT('',(-87.558,5.08483333332526,1.397));
#5146=CARTESIAN_POINT('',(-87.558,9.09016666665074,1.397));
#5147=CARTESIAN_POINT('',(-87.558,13.0954999999762,1.397));
#5148=CARTESIAN_POINT('',(-87.558,13.0954999999762,2.15899999999999));
#5149=CARTESIAN_POINT('',(-87.558,9.09016666665096,2.15899999999999));
#5150=CARTESIAN_POINT('',(-87.558,5.0848333333257,2.15899999999999));
#5151=CARTESIAN_POINT('',(-87.558,1.07950000000044,2.15899999999999));
#5152=CARTESIAN_POINT('',(-87.558,1.0795,-66.168));
#5153=CARTESIAN_POINT('',(-77.542,1.0795,-66.168));
#5154=CARTESIAN_POINT('',(-77.542,1.0795,1.397));
#5155=CARTESIAN_POINT('',(-77.542,1.0795,2.159));
#5156=CARTESIAN_POINT('',(-77.542,1.0795,1.397));
#5157=CARTESIAN_POINT('',(-80.8806666666782,1.0795,1.397));
#5158=CARTESIAN_POINT('',(-84.2193333333565,1.0795,1.397));
#5159=CARTESIAN_POINT('',(-87.5580000000347,1.0795,1.397));
#5160=CARTESIAN_POINT('',(-87.5580000000347,1.0795,2.15899999999999));
#5161=CARTESIAN_POINT('',(-84.2193333333565,1.0795,2.15899999999999));
#5162=CARTESIAN_POINT('',(-80.8806666666782,1.0795,2.15899999999999));
#5163=CARTESIAN_POINT('',(-77.542,1.0795,2.15899999999999));
#5164=CARTESIAN_POINT('',(-77.542,1.0795,-66.168));
#5165=CARTESIAN_POINT('',(-77.542,13.0955000000003,1.397));
#5166=CARTESIAN_POINT('',(-77.542,9.09016666666691,1.397));
#5167=CARTESIAN_POINT('',(-77.542,5.08483333333348,1.397));
#5168=CARTESIAN_POINT('',(-77.542,1.07950000000005,1.397));
#5169=CARTESIAN_POINT('',(-77.542,1.07949999999995,2.15899999999999));
#5170=CARTESIAN_POINT('',(-77.542,5.0848333333331,2.15899999999999));
#5171=CARTESIAN_POINT('',(-77.542,9.09016666666626,2.15899999999999));
#5172=CARTESIAN_POINT('',(-77.542,13.0954999999994,2.15899999999999));
#5173=CARTESIAN_POINT('',(-43.3792,4.6101,2.668));
#5174=CARTESIAN_POINT('',(-43.3792,4.6101,2.668));
#5175=CARTESIAN_POINT('',(-43.3792,4.6101,2.159));
#5176=CARTESIAN_POINT('',(-43.3792,4.6101,1.397));
#5177=CARTESIAN_POINT('',(-43.3792,4.61009999999584,1.397));
#5178=CARTESIAN_POINT('',(-43.3792,6.18343333333953,1.397));
#5179=CARTESIAN_POINT('',(-43.3792,7.75676666668321,1.397));
#5180=CARTESIAN_POINT('',(-43.3792,9.3301000000269,1.397));
#5181=CARTESIAN_POINT('',(-43.3792,9.3301,1.397));
#5182=CARTESIAN_POINT('',(-43.3792,9.3301,2.668));
#5183=CARTESIAN_POINT('',(-43.3792,9.3301,2.159));
#5184=CARTESIAN_POINT('',(-43.3792,9.33010000003265,2.159));
#5185=CARTESIAN_POINT('',(-43.3792,7.75676666668722,2.159));
#5186=CARTESIAN_POINT('',(-43.3792,6.1834333333418,2.159));
#5187=CARTESIAN_POINT('',(-43.3792,4.61009999999637,2.159));
#5188=CARTESIAN_POINT('',(-43.3792,4.6101,2.668));
#5189=CARTESIAN_POINT('',(-32.8392,4.6101,2.668));
#5190=CARTESIAN_POINT('',(-32.8392,4.6101,2.159));
#5191=CARTESIAN_POINT('',(-32.8392,4.6101,1.397));
#5192=CARTESIAN_POINT('',(-32.8392,4.6101,1.397));
#5193=CARTESIAN_POINT('',(-36.3525333333439,4.6101,1.397));
#5194=CARTESIAN_POINT('',(-39.8658666666878,4.6101,1.397));
#5195=CARTESIAN_POINT('',(-43.3792000000316,4.6101,1.397));
#5196=CARTESIAN_POINT('',(-43.3792000000316,4.6101,2.159));
#5197=CARTESIAN_POINT('',(-39.8658666666878,4.6101,2.159));
#5198=CARTESIAN_POINT('',(-36.3525333333439,4.6101,2.159));
#5199=CARTESIAN_POINT('',(-32.8392,4.6101,2.159));
#5200=CARTESIAN_POINT('',(-32.8392,4.6101,2.668));
#5201=CARTESIAN_POINT('',(-32.8392,9.3301,2.668));
#5202=CARTESIAN_POINT('',(-32.8392,9.3301,2.159));
#5203=CARTESIAN_POINT('',(-32.8392,9.3301,1.397));
#5204=CARTESIAN_POINT('',(-32.8392,9.33009999997181,1.397));
#5205=CARTESIAN_POINT('',(-32.8392,7.75676666664656,1.397));
#5206=CARTESIAN_POINT('',(-32.8392,6.18343333332131,1.397));
#5207=CARTESIAN_POINT('',(-32.8392,4.61009999999606,1.397));
#5208=CARTESIAN_POINT('',(-32.8392,4.61009999999606,2.159));
#5209=CARTESIAN_POINT('',(-32.8392,6.18343333332061,2.159));
#5210=CARTESIAN_POINT('',(-32.8392,7.75676666664517,2.159));
#5211=CARTESIAN_POINT('',(-32.8392,9.33009999996972,2.159));
#5212=CARTESIAN_POINT('',(-43.3792,9.3301,2.668));
#5213=CARTESIAN_POINT('',(-43.3792000000316,9.3301,1.397));
#5214=CARTESIAN_POINT('',(-39.8658666666878,9.3301,1.397));
#5215=CARTESIAN_POINT('',(-36.3525333333439,9.3301,1.397));
#5216=CARTESIAN_POINT('',(-32.8392,9.3301,1.397));
#5217=CARTESIAN_POINT('',(-32.8392,9.3301,2.159));
#5218=CARTESIAN_POINT('',(-36.3525333333439,9.3301,2.159));
#5219=CARTESIAN_POINT('',(-39.8658666666878,9.3301,2.159));
#5220=CARTESIAN_POINT('',(-43.3792000000316,9.3301,2.159));
#5221=CARTESIAN_POINT('',(-97.028,12.7633420388235,-8.509));
#5222=CARTESIAN_POINT('',(-88.392,12.7633420388235,-8.509));
#5223=CARTESIAN_POINT('',(-88.392,0.,-8.509));
#5224=CARTESIAN_POINT('',(-97.028,12.7633420388235,-8.509));
#5225=CARTESIAN_POINT('',(-97.028,0.,-8.509));
#5226=CARTESIAN_POINT('',(-97.028,0.,-8.509));
#5227=CARTESIAN_POINT('',(-88.392,12.7633420388235,0.889));
#5228=CARTESIAN_POINT('',(-88.392,0.,0.889));
#5229=CARTESIAN_POINT('',(-97.028,12.7633420388235,0.889));
#5230=CARTESIAN_POINT('',(-97.028,0.,0.889));
#5231=CARTESIAN_POINT('',(0.,0.,0.));
#5232=CARTESIAN_POINT('',(-97.028,12.7633420388235,-54.991));
#5233=CARTESIAN_POINT('',(-97.028,12.7633420388235,-54.991));
#5234=CARTESIAN_POINT('',(-97.028,0.,-54.991));
#5235=CARTESIAN_POINT('',(-88.392,12.7633420388235,-54.991));
#5236=CARTESIAN_POINT('',(-88.392,0.,-54.991));
#5237=CARTESIAN_POINT('',(-97.028,0.,-54.991));
#5238=CARTESIAN_POINT('',(-88.392,12.7633420388235,-64.389));
#5239=CARTESIAN_POINT('',(-88.392,0.,-64.389));
#5240=CARTESIAN_POINT('',(-97.028,12.7633420388235,-64.389));
#5241=CARTESIAN_POINT('',(-97.028,0.,-64.389));
#5242=CARTESIAN_POINT('',(0.,0.,0.));
#5243=CARTESIAN_POINT('',(-8.128,12.7633420388235,-64.389));
#5244=CARTESIAN_POINT('',(-8.128,12.7633420388235,-54.991));
#5245=CARTESIAN_POINT('',(-8.128,0.,-54.991));
#5246=CARTESIAN_POINT('',(-8.128,0.,-64.389));
#5247=CARTESIAN_POINT('',(-8.128,12.7633420388235,-54.991));
#5248=CARTESIAN_POINT('',(-97.028,-2.460625,-54.991));
#5249=CARTESIAN_POINT('',(-8.128,0.,-54.991));
#5250=CARTESIAN_POINT('',(0.,0.,0.));
#5251=CARTESIAN_POINT('',(-8.128,12.7633420388235,-8.509));
#5252=CARTESIAN_POINT('',(-6.985,-2.460625,-8.509));
#5253=CARTESIAN_POINT('',(-8.128,12.7633420388235,-8.509));
#5254=CARTESIAN_POINT('',(-8.128,0.,-8.509));
#5255=CARTESIAN_POINT('',(-8.128,0.,-8.509));
#5256=CARTESIAN_POINT('',(-8.128,12.7633420388235,0.889));
#5257=CARTESIAN_POINT('',(-8.128,0.,0.889));
#5258=CARTESIAN_POINT('',(0.,0.,0.));
#5259=CARTESIAN_POINT('',(-3.81,0.,-3.81));
#5260=CARTESIAN_POINT('',(-3.81,0.,-2.286));
#5261=CARTESIAN_POINT('',(0.,-1.27,0.));
#5262=CARTESIAN_POINT('',(7.4676,-1.27,-59.9821));
#5263=CARTESIAN_POINT('',(7.4676,-1.27,-65.0621));
#5264=CARTESIAN_POINT('',(7.4676,-21.9884097937106,-59.9821));
#5265=CARTESIAN_POINT('',(0.,-1.27,0.));
#5266=CARTESIAN_POINT('',(7.4676,-1.27,-3.8989));
#5267=CARTESIAN_POINT('',(7.4676,-1.27,-8.9789));
#5268=CARTESIAN_POINT('',(7.4676,-21.9884097937106,-3.8989));
#5269=CARTESIAN_POINT('',(-3.81,-11.9305229381132,-3.81));
#5270=CARTESIAN_POINT('',(-3.81,-2.460625,-3.81));
#5271=CARTESIAN_POINT('',(-3.81,-2.460625,-2.286));
#5272=CARTESIAN_POINT('',(-92.71,-5.334,-3.81));
#5273=CARTESIAN_POINT('',(-92.71,-5.334,-3.81));
#5274=CARTESIAN_POINT('',(-92.71,-5.334,-6.6294));
#5275=CARTESIAN_POINT('',(-92.71,-5.334,-3.81));
#5276=CARTESIAN_POINT('',(-92.71,-5.334,-59.69));
#5277=CARTESIAN_POINT('',(-92.71,-5.334,-59.69));
#5278=CARTESIAN_POINT('',(-92.71,-5.334,-62.5094));
#5279=CARTESIAN_POINT('',(-92.71,-5.334,-59.69));
#5280=CARTESIAN_POINT('',(7.4676,-5.334,-59.9821));
#5281=CARTESIAN_POINT('',(7.4676,-5.334,-59.9821));
#5282=CARTESIAN_POINT('',(7.4676,-5.334,-62.8015));
#5283=CARTESIAN_POINT('',(7.4676,-5.334,-59.9821));
#5284=CARTESIAN_POINT('',(7.4676,-5.334,-3.8989));
#5285=CARTESIAN_POINT('',(7.4676,-5.334,-3.8989));
#5286=CARTESIAN_POINT('',(7.4676,-5.334,-6.7183));
#5287=CARTESIAN_POINT('',(7.4676,-5.334,-3.8989));
#5288=CARTESIAN_POINT('',(-6.985,-2.460625,-0.888999999999984));
#5289=CARTESIAN_POINT('',(-0.508000000000019,-2.460625,-5.71641058886414));
#5290=CARTESIAN_POINT('',(-0.508000000000019,-2.460625,-5.71641058886414));
#5291=CARTESIAN_POINT('',(-0.508000000000019,-2.460625,-1.90358941113586));
#5292=CARTESIAN_POINT('',(-0.508000000000019,-2.460625,-1.90358941113586));
#5293=CARTESIAN_POINT('',(-3.81,-2.460625,0.00282117772825472));
#5294=CARTESIAN_POINT('',(-3.81,-2.460625,0.00282117772825472));
#5295=CARTESIAN_POINT('',(-3.81,-2.460625,0.00282117772825472));
#5296=CARTESIAN_POINT('',(-7.112,-2.460625,-1.90358941113586));
#5297=CARTESIAN_POINT('',(-7.112,-2.460625,-1.90358941113586));
#5298=CARTESIAN_POINT('',(-7.112,-2.460625,-1.90358941113586));
#5299=CARTESIAN_POINT('',(-7.112,-2.460625,-5.71641058886414));
#5300=CARTESIAN_POINT('',(-7.112,-2.460625,-5.71641058886414));
#5301=CARTESIAN_POINT('',(-3.81,-2.460625,-7.62282117772827));
#5302=CARTESIAN_POINT('',(0.,-6.604,0.));
#5303=CARTESIAN_POINT('',(-3.81,-6.604,-3.81));
#5304=CARTESIAN_POINT('',(-3.81,-6.604,-5.334));
#5305=CARTESIAN_POINT('',(-3.81,-11.9305229381132,-3.81));
#5306=CARTESIAN_POINT('',(-97.028,-2.460625,-62.611));
#5307=CARTESIAN_POINT('',(-7.112,-2.460625,-57.7835894111359));
#5308=CARTESIAN_POINT('',(-7.112,-2.460625,-57.7835894111359));
#5309=CARTESIAN_POINT('',(-7.112,-2.460625,-61.5964105888641));
#5310=CARTESIAN_POINT('',(-7.112,-2.460625,-61.5964105888641));
#5311=CARTESIAN_POINT('',(-3.81,-2.460625,-63.5028211777283));
#5312=CARTESIAN_POINT('',(-3.81,-2.460625,-63.5028211777283));
#5313=CARTESIAN_POINT('',(-3.81,-2.460625,-63.5028211777283));
#5314=CARTESIAN_POINT('',(-0.508000000000016,-2.460625,-61.5964105888641));
#5315=CARTESIAN_POINT('',(-0.508000000000016,-2.460625,-61.5964105888641));
#5316=CARTESIAN_POINT('',(-0.508000000000016,-2.460625,-61.5964105888641));
#5317=CARTESIAN_POINT('',(-0.508000000000016,-2.460625,-57.7835894111359));
#5318=CARTESIAN_POINT('',(-0.508000000000016,-2.460625,-57.7835894111359));
#5319=CARTESIAN_POINT('',(-3.81,-2.460625,-55.8771788222717));
#5320=CARTESIAN_POINT('',(0.,-6.604,0.));
#5321=CARTESIAN_POINT('',(-3.81,-6.604,-59.69));
#5322=CARTESIAN_POINT('',(-3.81,-6.604,-61.214));
#5323=CARTESIAN_POINT('',(-3.81,-11.9305229381132,-59.69));
#5324=CARTESIAN_POINT('',(-3.81,7.62715162982937,-63.5028211777283));
#5325=CARTESIAN_POINT('',(-3.81,7.62715162982937,-63.5028211777283));
#5326=CARTESIAN_POINT('',(-0.508000000000016,7.62715162982937,-61.5964105888641));
#5327=CARTESIAN_POINT('',(-7.112,7.62715162982937,-61.5964105888641));
#5328=CARTESIAN_POINT('',(-7.112,7.62715162982937,-57.7835894111359));
#5329=CARTESIAN_POINT('',(-7.112,7.62715162982937,-61.5964105888641));
#5330=CARTESIAN_POINT('',(-3.81,7.62715162982937,-63.5028211777283));
#5331=CARTESIAN_POINT('',(-7.112,7.62715162982937,-57.7835894111359));
#5332=CARTESIAN_POINT('',(-3.81,7.62715162982937,-55.8771788222717));
#5333=CARTESIAN_POINT('',(-0.508000000000016,7.62715162982937,-57.7835894111359));
#5334=CARTESIAN_POINT('',(-0.508000000000016,7.62715162982937,-61.5964105888641));
#5335=CARTESIAN_POINT('',(-0.508000000000016,7.62715162982937,-61.5964105888641));
#5336=CARTESIAN_POINT('',(-0.508000000000016,7.62715162982937,-57.7835894111359));
#5337=CARTESIAN_POINT('',(-3.81,7.62715162982937,0.00282117772825472));
#5338=CARTESIAN_POINT('',(-3.81,7.62715162982937,0.00282117772825472));
#5339=CARTESIAN_POINT('',(-7.112,7.62715162982937,-1.90358941113586));
#5340=CARTESIAN_POINT('',(-0.508000000000019,7.62715162982937,-1.90358941113586));
#5341=CARTESIAN_POINT('',(-0.508000000000019,7.62715162982937,-5.71641058886414));
#5342=CARTESIAN_POINT('',(-0.508000000000019,7.62715162982937,-1.90358941113586));
#5343=CARTESIAN_POINT('',(-0.508000000000019,7.62715162982937,-5.71641058886414));
#5344=CARTESIAN_POINT('',(-3.81,7.62715162982937,0.00282117772825472));
#5345=CARTESIAN_POINT('',(-3.81,7.62715162982937,-7.62282117772827));
#5346=CARTESIAN_POINT('',(-7.112,7.62715162982937,-5.71641058886414));
#5347=CARTESIAN_POINT('',(-7.112,7.62715162982937,-1.90358941113586));
#5348=CARTESIAN_POINT('',(-7.112,7.62715162982937,-1.90358941113586));
#5349=CARTESIAN_POINT('',(-7.112,7.62715162982937,-5.71641058886414));
#5350=CARTESIAN_POINT('',(0.508,-28.2845906331101,-31.9024));
#5351=CARTESIAN_POINT('',(0.508,-0.685799999999962,-31.9024));
#5352=CARTESIAN_POINT('',(12.8397,-0.685799999999962,-31.9024));
#5353=CARTESIAN_POINT('',(12.8397,-28.2845906331101,-31.9024));
#5354=CARTESIAN_POINT('',(12.8397,-28.2845906331101,-31.9024));
#5355=CARTESIAN_POINT('',(12.8397,2.36220000000003,-28.3464));
#5356=CARTESIAN_POINT('',(12.8397,2.3622,-28.3464));
#5357=CARTESIAN_POINT('',(12.8397,-0.685799999999962,-31.9024));
#5358=CARTESIAN_POINT('',(12.8397,-0.685799999999969,-10.8204));
#5359=CARTESIAN_POINT('',(12.8397,-28.2845906331101,-10.8204));
#5360=CARTESIAN_POINT('',(12.8397,2.3622,-14.3764));
#5361=CARTESIAN_POINT('',(12.8397,2.36220000000003,-14.3764));
#5362=CARTESIAN_POINT('',(12.8397,2.3622,-14.3764));
#5363=CARTESIAN_POINT('',(0.508,-28.2845906331101,-10.8204));
#5364=CARTESIAN_POINT('',(0.508,-0.685799999999962,-10.8204));
#5365=CARTESIAN_POINT('',(13.208,-0.685799999999962,-21.3614));
#5366=CARTESIAN_POINT('',(-102.2868,2.3622,-14.3764));
#5367=CARTESIAN_POINT('',(-102.2868,2.3622,-14.3764));
#5368=CARTESIAN_POINT('',(-102.2868,2.3622,-28.3464));
#5369=CARTESIAN_POINT('',(-102.2868,2.3622,-28.3464));
#5370=CARTESIAN_POINT('',(-102.2868,2.3622,-14.3764));
#5371=CARTESIAN_POINT('',(14.4272,18.7325,-52.0065));
#5372=CARTESIAN_POINT('',(14.4272,2.50190000000004,-52.0065));
#5373=CARTESIAN_POINT('',(14.4272,2.50190000000004,-35.7759));
#5374=CARTESIAN_POINT('',(14.4272,2.50190000000004,-35.7759));
#5375=CARTESIAN_POINT('',(14.4272,2.50190000000004,-52.0065));
#5376=CARTESIAN_POINT('',(-73.2754149402547,1.46050000000003,-54.5592));
#5377=CARTESIAN_POINT('',(-73.2754149402547,1.46050000000003,-54.5592));
#5378=CARTESIAN_POINT('',(-73.2754149402547,1.46050000000003,-34.2392));
#5379=CARTESIAN_POINT('',(-73.2754149402547,1.46050000000003,-34.2392));
#5380=CARTESIAN_POINT('',(-73.2754149402547,1.46050000000003,-54.5592));
#5381=CARTESIAN_POINT('',(-32.8392,9.87251600000013,1.397));
#5382=CARTESIAN_POINT('',(-32.8392,9.86104400000011,1.397));
#5383=CARTESIAN_POINT('',(-32.8392,9.84957200000009,1.397));
#5384=CARTESIAN_POINT('',(-32.8392,7.92610000000166,1.397));
#5385=CARTESIAN_POINT('',(-32.8392,6.0141000000002,1.397));
#5386=CARTESIAN_POINT('',(-32.8392,4.09062799999591,1.397));
#5387=CARTESIAN_POINT('',(-32.8392,4.07915599999181,1.397));
#5388=CARTESIAN_POINT('',(-32.8392,4.06768399998771,1.397));
#5389=CARTESIAN_POINT('',(-32.8392000000001,9.87251600000005,0.889));
#5390=CARTESIAN_POINT('',(-32.8392000000001,9.86104400000003,0.889));
#5391=CARTESIAN_POINT('',(-32.8392000000001,9.84957200000002,0.889));
#5392=CARTESIAN_POINT('',(-32.8392000000001,7.92610000000167,0.889));
#5393=CARTESIAN_POINT('',(-32.8392000000001,6.0141000000002,0.889));
#5394=CARTESIAN_POINT('',(-32.8392000000001,4.0906279999959,0.889));
#5395=CARTESIAN_POINT('',(-32.8392000000001,4.0791559999918,0.889));
#5396=CARTESIAN_POINT('',(-32.8392000000001,4.0676839999877,0.889));
#5397=CARTESIAN_POINT('',(-32.3312,9.87251600000013,0.889));
#5398=CARTESIAN_POINT('',(-32.3312,9.86104400000011,0.889));
#5399=CARTESIAN_POINT('',(-32.3312,9.84957200000009,0.889));
#5400=CARTESIAN_POINT('',(-32.3312,7.92610000000166,0.889));
#5401=CARTESIAN_POINT('',(-32.3312,6.0141000000002,0.889));
#5402=CARTESIAN_POINT('',(-32.3312,4.09062799999591,0.889));
#5403=CARTESIAN_POINT('',(-32.3312,4.07915599999181,0.889));
#5404=CARTESIAN_POINT('',(-32.3312,4.06768399998771,0.889));
#5405=CARTESIAN_POINT('',(-32.8392,9.33010000000006,1.397));
#5406=CARTESIAN_POINT('',(-32.8392,9.33010000000006,1.39425117726244));
#5407=CARTESIAN_POINT('',(-32.8072087363198,9.3620960999653,1.35517012714537));
#5408=CARTESIAN_POINT('',(-32.7793686937133,9.38991437928891,1.32566738599639));
#5409=CARTESIAN_POINT('',(-32.7545465746262,9.41481629707996,1.29877552405198));
#5410=CARTESIAN_POINT('',(-32.7015836511498,9.46760069442661,1.24334295792734));
#5411=CARTESIAN_POINT('',(-32.6757840083631,9.49424252291799,1.21682375045363));
#5412=CARTESIAN_POINT('',(-32.5918393755312,9.5774820342702,1.13154886653564));
#5413=CARTESIAN_POINT('',(-32.5034988242184,9.66498900529543,1.04473749350374));
#5414=CARTESIAN_POINT('',(-32.480231745343,9.68920012531703,1.02211622380299));
#5415=CARTESIAN_POINT('',(-32.424075361093,9.74514970581635,0.968659947919018));
#5416=CARTESIAN_POINT('',(-32.4011357760007,9.76821611360742,0.947428426598173));
#5417=CARTESIAN_POINT('',(-32.3606565014311,9.80851087322764,0.910115081530609));
#5418=CARTESIAN_POINT('',(-32.3335883749082,9.83571162506901,0.889));
#5419=CARTESIAN_POINT('',(-32.3312,9.83810000000008,0.889));
#5420=CARTESIAN_POINT('',(-32.3312,4.10209999998799,0.889));
#5421=CARTESIAN_POINT('',(-32.3336474061852,4.10454740633218,0.889));
#5422=CARTESIAN_POINT('',(-32.3628773531179,4.13385431296653,0.912059503462362));
#5423=CARTESIAN_POINT('',(-32.4005416497555,4.1714046518803,0.946908251338986));
#5424=CARTESIAN_POINT('',(-32.4242310143603,4.19520204601263,0.968796226999629));
#5425=CARTESIAN_POINT('',(-32.4801418784547,4.25091226030189,1.02203754265988));
#5426=CARTESIAN_POINT('',(-32.5035293598212,4.27524076493463,1.04476422833504));
#5427=CARTESIAN_POINT('',(-32.5918311804889,4.36270997609569,1.13154169153118));
#5428=CARTESIAN_POINT('',(-32.6757862529148,4.44595966537415,1.21682571562544));
#5429=CARTESIAN_POINT('',(-32.7015833725978,4.47259903400327,1.24334271404648));
#5430=CARTESIAN_POINT('',(-32.754546627106,4.52538375408441,1.2987755699994));
#5431=CARTESIAN_POINT('',(-32.7793686795834,4.55028560693532,1.32566737362503));
#5432=CARTESIAN_POINT('',(-32.8072087403564,4.5781039039702,1.35517013067946));
#5433=CARTESIAN_POINT('',(-32.8392,4.61010000000001,1.39425117726242));
#5434=CARTESIAN_POINT('',(-32.8392,4.61010000000001,1.397));
#5435=CARTESIAN_POINT('',(-32.2618639999938,4.6101,1.397));
#5436=CARTESIAN_POINT('',(-32.2849759999959,4.6101,1.397));
#5437=CARTESIAN_POINT('',(-32.3080879999979,4.6101,1.397));
#5438=CARTESIAN_POINT('',(-36.1832000000067,4.6101,1.397));
#5439=CARTESIAN_POINT('',(-40.0351999999962,4.6101,1.397));
#5440=CARTESIAN_POINT('',(-43.910312000001,4.6101,1.397));
#5441=CARTESIAN_POINT('',(-43.9334240000021,4.6101,1.397));
#5442=CARTESIAN_POINT('',(-43.9565360000033,4.6101,1.397));
#5443=CARTESIAN_POINT('',(-32.2618639999938,4.6101,0.889));
#5444=CARTESIAN_POINT('',(-32.2849759999959,4.6101,0.889));
#5445=CARTESIAN_POINT('',(-32.3080879999979,4.6101,0.889));
#5446=CARTESIAN_POINT('',(-36.1832000000067,4.6101,0.889));
#5447=CARTESIAN_POINT('',(-40.0351999999963,4.6101,0.889));
#5448=CARTESIAN_POINT('',(-43.9103120000012,4.6101,0.889));
#5449=CARTESIAN_POINT('',(-43.9334240000024,4.6101,0.889));
#5450=CARTESIAN_POINT('',(-43.9565360000035,4.6101,0.889));
#5451=CARTESIAN_POINT('',(-32.2618639999938,4.1021,0.889));
#5452=CARTESIAN_POINT('',(-32.2849759999959,4.1021,0.889));
#5453=CARTESIAN_POINT('',(-32.3080879999979,4.1021,0.889));
#5454=CARTESIAN_POINT('',(-36.1832000000067,4.1021,0.889));
#5455=CARTESIAN_POINT('',(-40.0351999999962,4.1021,0.889));
#5456=CARTESIAN_POINT('',(-43.910312000001,4.1021,0.889));
#5457=CARTESIAN_POINT('',(-43.9334240000021,4.1021,0.889));
#5458=CARTESIAN_POINT('',(-43.9565360000033,4.1021,0.889));
#5459=CARTESIAN_POINT('',(-43.8871999999998,4.1021,0.889));
#5460=CARTESIAN_POINT('',(-43.8847525940555,4.104547406149,0.889));
#5461=CARTESIAN_POINT('',(-43.8554456871265,4.13377735289838,0.912059503257607));
#5462=CARTESIAN_POINT('',(-43.8178953480946,4.17144164981427,0.946908251393764));
#5463=CARTESIAN_POINT('',(-43.7940979539938,4.19513101434487,0.968796226985248));
#5464=CARTESIAN_POINT('',(-43.7383877396942,4.25104187846357,1.02203754266818));
#5465=CARTESIAN_POINT('',(-43.7140592350666,4.27442935981809,1.04476422833212));
#5466=CARTESIAN_POINT('',(-43.6265900239038,4.36273118048972,1.13154169153196));
#5467=CARTESIAN_POINT('',(-43.5433403346258,4.44668625291454,1.21682571562524));
#5468=CARTESIAN_POINT('',(-43.5167009659965,4.47248337259779,1.24334271404651));
#5469=CARTESIAN_POINT('',(-43.4639162459155,4.52544662710596,1.29877556999937));
#5470=CARTESIAN_POINT('',(-43.4390143930645,4.55026867958334,1.32566737362503));
#5471=CARTESIAN_POINT('',(-43.4111960960297,4.57810874035647,1.35517013067947));
#5472=CARTESIAN_POINT('',(-43.3791999999998,4.6101,1.39425117726243));
#5473=CARTESIAN_POINT('',(-43.3791999999998,4.6101,1.397));
#5474=CARTESIAN_POINT('',(-43.9565360000033,9.3301,1.397));
#5475=CARTESIAN_POINT('',(-43.9334240000021,9.3301,1.397));
#5476=CARTESIAN_POINT('',(-43.910312000001,9.3301,1.397));
#5477=CARTESIAN_POINT('',(-40.0351999999962,9.3301,1.397));
#5478=CARTESIAN_POINT('',(-36.1832000000067,9.3301,1.397));
#5479=CARTESIAN_POINT('',(-32.308087999996,9.3301,1.397));
#5480=CARTESIAN_POINT('',(-32.2849759999921,9.3301,1.397));
#5481=CARTESIAN_POINT('',(-32.2618639999881,9.3301,1.397));
#5482=CARTESIAN_POINT('',(-43.9565360000035,9.3301,0.889));
#5483=CARTESIAN_POINT('',(-43.9334240000024,9.3301,0.889));
#5484=CARTESIAN_POINT('',(-43.9103120000012,9.3301,0.889));
#5485=CARTESIAN_POINT('',(-40.0351999999963,9.3301,0.889));
#5486=CARTESIAN_POINT('',(-36.1832000000067,9.3301,0.889));
#5487=CARTESIAN_POINT('',(-32.308087999996,9.3301,0.889));
#5488=CARTESIAN_POINT('',(-32.2849759999921,9.3301,0.889));
#5489=CARTESIAN_POINT('',(-32.2618639999881,9.3301,0.889));
#5490=CARTESIAN_POINT('',(-43.9565360000033,9.8381,0.889));
#5491=CARTESIAN_POINT('',(-43.9334240000021,9.8381,0.889));
#5492=CARTESIAN_POINT('',(-43.910312000001,9.8381,0.889));
#5493=CARTESIAN_POINT('',(-40.0351999999962,9.8381,0.889));
#5494=CARTESIAN_POINT('',(-36.1832000000067,9.8381,0.889));
#5495=CARTESIAN_POINT('',(-32.308087999996,9.8381,0.889));
#5496=CARTESIAN_POINT('',(-32.2849759999921,9.8381,0.889));
#5497=CARTESIAN_POINT('',(-32.2618639999881,9.8381,0.889));
#5498=CARTESIAN_POINT('',(-43.3791999999999,9.3301,1.397));
#5499=CARTESIAN_POINT('',(-43.3791999999999,9.3301,1.39425117726242));
#5500=CARTESIAN_POINT('',(-43.4111960999654,9.36209126368049,1.35517012714498));
#5501=CARTESIAN_POINT('',(-43.4390143792893,9.38993130628727,1.32566738599573));
#5502=CARTESIAN_POINT('',(-43.4639162970806,9.41475342537461,1.29877552405108));
#5503=CARTESIAN_POINT('',(-43.5167006944278,9.46771634885159,1.24334295792588));
#5504=CARTESIAN_POINT('',(-43.543342522919,9.49351599163816,1.21682375045236));
#5505=CARTESIAN_POINT('',(-43.6265820342724,9.57746062447106,1.13154886653336));
#5506=CARTESIAN_POINT('',(-43.7140890052991,9.66580117578623,1.04473749349935));
#5507=CARTESIAN_POINT('',(-43.7383001253166,9.68906825465485,1.02211622380473));
#5508=CARTESIAN_POINT('',(-43.7942497058268,9.74522463892114,0.968659947905988));
#5509=CARTESIAN_POINT('',(-43.8173161135874,9.76816422396635,0.947428426628192));
#5510=CARTESIAN_POINT('',(-43.8576108733221,9.80864349871315,0.910115081399093));
#5511=CARTESIAN_POINT('',(-43.8848116252636,9.83571162510936,0.889));
#5512=CARTESIAN_POINT('',(-43.8871999999998,9.8381,0.889));
#5513=CARTESIAN_POINT('',(-43.3792,4.06768399998764,1.397));
#5514=CARTESIAN_POINT('',(-43.3792,4.07915599999176,1.397));
#5515=CARTESIAN_POINT('',(-43.3792,4.09062799999589,1.397));
#5516=CARTESIAN_POINT('',(-43.3792,6.01410000000021,1.397));
#5517=CARTESIAN_POINT('',(-43.3792,7.92609999999834,1.397));
#5518=CARTESIAN_POINT('',(-43.3792,9.84957200000399,1.397));
#5519=CARTESIAN_POINT('',(-43.3792,9.86104400000805,1.397));
#5520=CARTESIAN_POINT('',(-43.3792,9.87251600001211,1.397));
#5521=CARTESIAN_POINT('',(-43.3792,4.06768399998763,0.889));
#5522=CARTESIAN_POINT('',(-43.3792,4.07915599999175,0.889));
#5523=CARTESIAN_POINT('',(-43.3792,4.09062799999588,0.889));
#5524=CARTESIAN_POINT('',(-43.3792,6.0141000000002,0.889));
#5525=CARTESIAN_POINT('',(-43.3792,7.92609999999834,0.889));
#5526=CARTESIAN_POINT('',(-43.3792,9.84957200000407,0.889));
#5527=CARTESIAN_POINT('',(-43.3792,9.86104400000813,0.889));
#5528=CARTESIAN_POINT('',(-43.3792,9.87251600001219,0.889));
#5529=CARTESIAN_POINT('',(-43.8872,4.06768399998764,0.889));
#5530=CARTESIAN_POINT('',(-43.8872,4.07915599999176,0.889));
#5531=CARTESIAN_POINT('',(-43.8872,4.09062799999589,0.889));
#5532=CARTESIAN_POINT('',(-43.8872,6.01410000000021,0.889));
#5533=CARTESIAN_POINT('',(-43.8872,7.92609999999834,0.889));
#5534=CARTESIAN_POINT('',(-43.8872,9.84957200000399,0.889));
#5535=CARTESIAN_POINT('',(-43.8872,9.86104400000805,0.889));
#5536=CARTESIAN_POINT('',(-43.8872,9.87251600001211,0.889));
#5537=CARTESIAN_POINT('',(-43.3792,9.87251600000157,2.159));
#5538=CARTESIAN_POINT('',(-43.3792,9.86104400000102,2.159));
#5539=CARTESIAN_POINT('',(-43.3792,9.84957200000047,2.159));
#5540=CARTESIAN_POINT('',(-43.3792,7.92609999999834,2.159));
#5541=CARTESIAN_POINT('',(-43.3792,6.01410000000021,2.159));
#5542=CARTESIAN_POINT('',(-43.3792,4.09062799999983,2.159));
#5543=CARTESIAN_POINT('',(-43.3792,4.07915599999966,2.159));
#5544=CARTESIAN_POINT('',(-43.3792,4.06768399999948,2.159));
#5545=CARTESIAN_POINT('',(-43.3792,9.87251600000165,2.667));
#5546=CARTESIAN_POINT('',(-43.3792,9.8610440000011,2.667));
#5547=CARTESIAN_POINT('',(-43.3792,9.84957200000055,2.667));
#5548=CARTESIAN_POINT('',(-43.3792,7.92609999999834,2.667));
#5549=CARTESIAN_POINT('',(-43.3792,6.0141000000002,2.667));
#5550=CARTESIAN_POINT('',(-43.3792,4.09062799999982,2.667));
#5551=CARTESIAN_POINT('',(-43.3792,4.07915599999964,2.667));
#5552=CARTESIAN_POINT('',(-43.3792,4.06768399999947,2.667));
#5553=CARTESIAN_POINT('',(-43.8872,9.87251600000157,2.667));
#5554=CARTESIAN_POINT('',(-43.8872,9.86104400000102,2.667));
#5555=CARTESIAN_POINT('',(-43.8872,9.84957200000047,2.667));
#5556=CARTESIAN_POINT('',(-43.8872,7.92609999999834,2.667));
#5557=CARTESIAN_POINT('',(-43.8872,6.01410000000021,2.667));
#5558=CARTESIAN_POINT('',(-43.8872,4.09062799999983,2.667));
#5559=CARTESIAN_POINT('',(-43.8872,4.07915599999966,2.667));
#5560=CARTESIAN_POINT('',(-43.8872,4.06768399999948,2.667));
#5561=CARTESIAN_POINT('',(-43.3792,9.33009999999994,2.159));
#5562=CARTESIAN_POINT('',(-43.3792,9.33009999999994,2.16174882273757));
#5563=CARTESIAN_POINT('',(-43.4111912636805,9.36209609996553,2.20082987285501));
#5564=CARTESIAN_POINT('',(-43.4390313062873,9.38991437928939,2.23033261400427));
#5565=CARTESIAN_POINT('',(-43.4638534253746,9.41481629708067,2.25722447594889));
#5566=CARTESIAN_POINT('',(-43.5168163488516,9.46760069442791,2.31265704207414));
#5567=CARTESIAN_POINT('',(-43.5426159916381,9.49424252291903,2.33917624954755));
#5568=CARTESIAN_POINT('',(-43.626560624471,9.57748203427243,2.42445113346662));
#5569=CARTESIAN_POINT('',(-43.7149011757864,9.66498900529938,2.51126250650078));
#5570=CARTESIAN_POINT('',(-43.7381682546548,9.68920012531675,2.53388377619524));
#5571=CARTESIAN_POINT('',(-43.7943246389211,9.74514970582686,2.587340052094));
#5572=CARTESIAN_POINT('',(-43.8172642239663,9.76821611358749,2.60857157337172));
#5573=CARTESIAN_POINT('',(-43.8577434987135,9.80851087332244,2.64588491860118));
#5574=CARTESIAN_POINT('',(-43.8848116251094,9.83571162526417,2.667));
#5575=CARTESIAN_POINT('',(-43.8872,9.83809999999992,2.667));
#5576=CARTESIAN_POINT('',(-43.8872,4.10209999999967,2.667));
#5577=CARTESIAN_POINT('',(-43.8847525938318,4.10454740615015,2.667));
#5578=CARTESIAN_POINT('',(-43.8555226469818,4.13385431292608,2.64394049663095));
#5579=CARTESIAN_POINT('',(-43.8178583502124,4.17140465189658,2.60909174863107));
#5580=CARTESIAN_POINT('',(-43.7941689856428,4.19520204601371,2.58720377300321));
#5581=CARTESIAN_POINT('',(-43.7382581215377,4.2509122603071,2.5339624573329));
#5582=CARTESIAN_POINT('',(-43.7148706401775,4.27524076493675,2.51123577166364));
#5583=CARTESIAN_POINT('',(-43.6265688195081,4.36270997609848,2.42445830846581));
#5584=CARTESIAN_POINT('',(-43.5426137470844,4.44595966537516,2.33917428437362));
#5585=CARTESIAN_POINT('',(-43.5168166274008,4.47259903400467,2.31265728595206));
#5586=CARTESIAN_POINT('',(-43.4638533728932,4.52538375408521,2.25722442999976));
#5587=CARTESIAN_POINT('',(-43.4390313204161,4.55028560693591,2.23033262637434));
#5588=CARTESIAN_POINT('',(-43.4111912596432,4.57810390397053,2.20082986932016));
#5589=CARTESIAN_POINT('',(-43.3792,4.61010000000001,2.16174882273756));
#5590=CARTESIAN_POINT('',(-43.3792,4.61010000000001,2.159));
#5591=CARTESIAN_POINT('',(-43.9565360000032,4.6101,2.159));
#5592=CARTESIAN_POINT('',(-43.9334240000021,4.6101,2.159));
#5593=CARTESIAN_POINT('',(-43.910312000001,4.6101,2.159));
#5594=CARTESIAN_POINT('',(-40.0351999999962,4.6101,2.159));
#5595=CARTESIAN_POINT('',(-36.1832000000067,4.6101,2.159));
#5596=CARTESIAN_POINT('',(-32.308087999998,4.6101,2.159));
#5597=CARTESIAN_POINT('',(-32.284975999996,4.6101,2.159));
#5598=CARTESIAN_POINT('',(-32.261863999994,4.6101,2.159));
#5599=CARTESIAN_POINT('',(-43.9565360000035,4.6101,2.667));
#5600=CARTESIAN_POINT('',(-43.9334240000023,4.6101,2.667));
#5601=CARTESIAN_POINT('',(-43.9103120000012,4.6101,2.667));
#5602=CARTESIAN_POINT('',(-40.0351999999963,4.6101,2.667));
#5603=CARTESIAN_POINT('',(-36.1832000000067,4.6101,2.667));
#5604=CARTESIAN_POINT('',(-32.308087999998,4.6101,2.667));
#5605=CARTESIAN_POINT('',(-32.284975999996,4.6101,2.667));
#5606=CARTESIAN_POINT('',(-32.261863999994,4.6101,2.667));
#5607=CARTESIAN_POINT('',(-43.9565360000032,4.1021,2.667));
#5608=CARTESIAN_POINT('',(-43.9334240000021,4.1021,2.667));
#5609=CARTESIAN_POINT('',(-43.910312000001,4.1021,2.667));
#5610=CARTESIAN_POINT('',(-40.0351999999962,4.1021,2.667));
#5611=CARTESIAN_POINT('',(-36.1832000000067,4.1021,2.667));
#5612=CARTESIAN_POINT('',(-32.308087999998,4.1021,2.667));
#5613=CARTESIAN_POINT('',(-32.284975999996,4.1021,2.667));
#5614=CARTESIAN_POINT('',(-32.261863999994,4.1021,2.667));
#5615=CARTESIAN_POINT('',(-32.3312,4.1021,2.667));
#5616=CARTESIAN_POINT('',(-32.3336474059437,4.10454740614894,2.667));
#5617=CARTESIAN_POINT('',(-32.3629543128732,4.13377735289802,2.64394049674272));
#5618=CARTESIAN_POINT('',(-32.4005046519052,4.17144164981434,2.60909174860618));
#5619=CARTESIAN_POINT('',(-32.4243020460061,4.19513101434493,2.58720377301469));
#5620=CARTESIAN_POINT('',(-32.4800122603056,4.25104187846355,2.53396245733184));
#5621=CARTESIAN_POINT('',(-32.5043407649332,4.27442935981805,2.51123577166791));
#5622=CARTESIAN_POINT('',(-32.5918099760961,4.36273118048971,2.42445830846804));
#5623=CARTESIAN_POINT('',(-32.675059665374,4.44668625291453,2.33917428437477));
#5624=CARTESIAN_POINT('',(-32.7016990340032,4.47248337259777,2.31265728595352));
#5625=CARTESIAN_POINT('',(-32.7544837540844,4.52544662710602,2.25722443000057));
#5626=CARTESIAN_POINT('',(-32.7793856069353,4.55026867958333,2.23033262637499));
#5627=CARTESIAN_POINT('',(-32.8072039039702,4.57810874035648,2.20082986932053));
#5628=CARTESIAN_POINT('',(-32.8392,4.6101,2.16174882273757));
#5629=CARTESIAN_POINT('',(-32.8392,4.6101,2.159));
#5630=CARTESIAN_POINT('',(-32.2618639999937,9.3301,2.159));
#5631=CARTESIAN_POINT('',(-32.2849759999958,9.3301,2.159));
#5632=CARTESIAN_POINT('',(-32.3080879999979,9.3301,2.159));
#5633=CARTESIAN_POINT('',(-36.1832000000067,9.3301,2.159));
#5634=CARTESIAN_POINT('',(-40.0351999999962,9.3301,2.159));
#5635=CARTESIAN_POINT('',(-43.9103120000039,9.3301,2.159));
#5636=CARTESIAN_POINT('',(-43.9334240000079,9.3301,2.159));
#5637=CARTESIAN_POINT('',(-43.956536000012,9.3301,2.159));
#5638=CARTESIAN_POINT('',(-32.2618639999937,9.3301,2.667));
#5639=CARTESIAN_POINT('',(-32.2849759999958,9.3301,2.667));
#5640=CARTESIAN_POINT('',(-32.3080879999979,9.3301,2.667));
#5641=CARTESIAN_POINT('',(-36.1832000000067,9.3301,2.667));
#5642=CARTESIAN_POINT('',(-40.0351999999963,9.3301,2.667));
#5643=CARTESIAN_POINT('',(-43.9103120000041,9.3301,2.667));
#5644=CARTESIAN_POINT('',(-43.9334240000082,9.3301,2.667));
#5645=CARTESIAN_POINT('',(-43.9565360000122,9.3301,2.667));
#5646=CARTESIAN_POINT('',(-32.2618639999937,9.8381,2.667));
#5647=CARTESIAN_POINT('',(-32.2849759999958,9.8381,2.667));
#5648=CARTESIAN_POINT('',(-32.3080879999979,9.8381,2.667));
#5649=CARTESIAN_POINT('',(-36.1832000000067,9.8381,2.667));
#5650=CARTESIAN_POINT('',(-40.0351999999962,9.8381,2.667));
#5651=CARTESIAN_POINT('',(-43.9103120000039,9.8381,2.667));
#5652=CARTESIAN_POINT('',(-43.9334240000079,9.8381,2.667));
#5653=CARTESIAN_POINT('',(-43.956536000012,9.8381,2.667));
#5654=CARTESIAN_POINT('',(-32.8392,9.3301,2.159));
#5655=CARTESIAN_POINT('',(-32.8392,9.3301,2.16174882273756));
#5656=CARTESIAN_POINT('',(-32.8072039000348,9.36209126368016,2.20082987285463));
#5657=CARTESIAN_POINT('',(-32.7793856207111,9.38993130628666,2.23033261400361));
#5658=CARTESIAN_POINT('',(-32.7544837029201,9.41475342537378,2.25722447594805));
#5659=CARTESIAN_POINT('',(-32.7016993055735,9.46771634885017,2.31265704207264));
#5660=CARTESIAN_POINT('',(-32.675057477082,9.49351599163699,2.33917624954645));
#5661=CARTESIAN_POINT('',(-32.5918179657299,9.5774606244688,2.42445113346434));
#5662=CARTESIAN_POINT('',(-32.5043109947046,9.66580117578161,2.51126250649626));
#5663=CARTESIAN_POINT('',(-32.480099874683,9.68906825465698,2.53388377619702));
#5664=CARTESIAN_POINT('',(-32.4241502941837,9.74522463890699,2.58734005208098));
#5665=CARTESIAN_POINT('',(-32.4010838863926,9.76816422399938,2.60857157340188));
#5666=CARTESIAN_POINT('',(-32.3607891267726,9.80864349856871,2.64588491846925));
#5667=CARTESIAN_POINT('',(-32.3335883749313,9.83571162509174,2.667));
#5668=CARTESIAN_POINT('',(-32.3312,9.8381,2.667));
#5669=CARTESIAN_POINT('',(-32.8392,4.06768399998771,2.159));
#5670=CARTESIAN_POINT('',(-32.8392,4.07915599999181,2.159));
#5671=CARTESIAN_POINT('',(-32.8392,4.09062799999591,2.159));
#5672=CARTESIAN_POINT('',(-32.8392,6.0141000000002,2.159));
#5673=CARTESIAN_POINT('',(-32.8392,7.92610000000166,2.159));
#5674=CARTESIAN_POINT('',(-32.8392,9.84957200000009,2.159));
#5675=CARTESIAN_POINT('',(-32.8392,9.86104400000011,2.159));
#5676=CARTESIAN_POINT('',(-32.8392,9.87251600000013,2.159));
#5677=CARTESIAN_POINT('',(-32.8392,4.0676839999877,2.667));
#5678=CARTESIAN_POINT('',(-32.8392,4.0791559999918,2.667));
#5679=CARTESIAN_POINT('',(-32.8392,4.0906279999959,2.667));
#5680=CARTESIAN_POINT('',(-32.8392,6.0141000000002,2.667));
#5681=CARTESIAN_POINT('',(-32.8392,7.92610000000165,2.667));
#5682=CARTESIAN_POINT('',(-32.8392,9.84957200000001,2.667));
#5683=CARTESIAN_POINT('',(-32.8392,9.86104400000003,2.667));
#5684=CARTESIAN_POINT('',(-32.8392,9.87251600000005,2.667));
#5685=CARTESIAN_POINT('',(-32.3312,4.06768399998771,2.667));
#5686=CARTESIAN_POINT('',(-32.3312,4.07915599999181,2.667));
#5687=CARTESIAN_POINT('',(-32.3312,4.09062799999591,2.667));
#5688=CARTESIAN_POINT('',(-32.3312,6.0141000000002,2.667));
#5689=CARTESIAN_POINT('',(-32.3312,7.92610000000166,2.667));
#5690=CARTESIAN_POINT('',(-32.3312,9.84957200000009,2.667));
#5691=CARTESIAN_POINT('',(-32.3312,9.86104400000011,2.667));
#5692=CARTESIAN_POINT('',(-32.3312,9.87251600000013,2.667));
#5693=CARTESIAN_POINT('',(-77.542,13.681692,1.397));
#5694=CARTESIAN_POINT('',(-77.542,13.655628,1.397));
#5695=CARTESIAN_POINT('',(-77.542,13.629564,1.397));
#5696=CARTESIAN_POINT('',(-77.542,9.2595,1.397));
#5697=CARTESIAN_POINT('',(-77.542,4.9155,1.397));
#5698=CARTESIAN_POINT('',(-77.542,0.545436,1.397));
#5699=CARTESIAN_POINT('',(-77.542,0.519372,1.397));
#5700=CARTESIAN_POINT('',(-77.542,0.493308,1.397));
#5701=CARTESIAN_POINT('',(-77.5419999999992,13.681692,0.888999999999995));
#5702=CARTESIAN_POINT('',(-77.5419999999992,13.655628,0.888999999999995));
#5703=CARTESIAN_POINT('',(-77.5419999999992,13.629564,0.888999999999995));
#5704=CARTESIAN_POINT('',(-77.5419999999992,9.25950000000001,0.888999999999995));
#5705=CARTESIAN_POINT('',(-77.5419999999992,4.9155,0.888999999999995));
#5706=CARTESIAN_POINT('',(-77.5419999999992,0.545436,0.888999999999995));
#5707=CARTESIAN_POINT('',(-77.5419999999992,0.519372,0.888999999999995));
#5708=CARTESIAN_POINT('',(-77.5419999999992,0.493308,0.888999999999995));
#5709=CARTESIAN_POINT('',(-77.034,13.681692,0.889));
#5710=CARTESIAN_POINT('',(-77.034,13.655628,0.889));
#5711=CARTESIAN_POINT('',(-77.034,13.629564,0.889));
#5712=CARTESIAN_POINT('',(-77.034,9.2595,0.889));
#5713=CARTESIAN_POINT('',(-77.034,4.9155,0.889));
#5714=CARTESIAN_POINT('',(-77.034,0.545436,0.889));
#5715=CARTESIAN_POINT('',(-77.034,0.519372,0.889));
#5716=CARTESIAN_POINT('',(-77.034,0.493308,0.889));
#5717=CARTESIAN_POINT('',(-77.542,13.0955,1.397));
#5718=CARTESIAN_POINT('',(-77.542,13.0955,1.39425117726244));
#5719=CARTESIAN_POINT('',(-77.5100087363198,13.1274960999652,1.35517012714537));
#5720=CARTESIAN_POINT('',(-77.4821686937133,13.1553143792889,1.32566738599637));
#5721=CARTESIAN_POINT('',(-77.4573465746262,13.1802162970799,1.29877552405197));
#5722=CARTESIAN_POINT('',(-77.4043836511498,13.2330006944265,1.24334295792733));
#5723=CARTESIAN_POINT('',(-77.3785840083631,13.2596425229179,1.21682375045364));
#5724=CARTESIAN_POINT('',(-77.2946393755311,13.3428820342702,1.1315488665356));
#5725=CARTESIAN_POINT('',(-77.2062988242184,13.4303890052953,1.04473749350376));
#5726=CARTESIAN_POINT('',(-77.1830317453429,13.454600125317,1.02211622380292));
#5727=CARTESIAN_POINT('',(-77.1268753610931,13.5105497058163,0.968659947919072));
#5728=CARTESIAN_POINT('',(-77.1039357760002,13.5336161136077,0.947428426597767));
#5729=CARTESIAN_POINT('',(-77.0634565014326,13.5739108732266,0.910115081531924));
#5730=CARTESIAN_POINT('',(-77.0363883749084,13.6011116250669,0.889));
#5731=CARTESIAN_POINT('',(-77.034,13.6035,0.889));
#5732=CARTESIAN_POINT('',(-77.034,0.5715,0.889));
#5733=CARTESIAN_POINT('',(-77.0364474061491,0.57394740594558,0.889));
#5734=CARTESIAN_POINT('',(-77.0656773528992,0.603254312873719,0.912059503258291));
#5735=CARTESIAN_POINT('',(-77.103341649814,0.640804651905163,0.946908251393619));
#5736=CARTESIAN_POINT('',(-77.127031014345,0.664602046006152,0.968796226985357));
#5737=CARTESIAN_POINT('',(-77.1829418784635,0.720312260305654,1.02203754266815));
#5738=CARTESIAN_POINT('',(-77.2063293598183,0.744640764933383,1.04476422833227));
#5739=CARTESIAN_POINT('',(-77.2946311804896,0.832109976096017,1.13154169153193));
#5740=CARTESIAN_POINT('',(-77.3785862529146,0.915359665374147,1.21682571562532));
#5741=CARTESIAN_POINT('',(-77.4043833725976,0.941999034003268,1.24334271404645));
#5742=CARTESIAN_POINT('',(-77.4573466271059,0.994783754084335,1.29877556999931));
#5743=CARTESIAN_POINT('',(-77.4821686795834,1.01968560693533,1.32566737362505));
#5744=CARTESIAN_POINT('',(-77.5100087403564,1.04750390397019,1.35517013067946));
#5745=CARTESIAN_POINT('',(-77.542,1.0795,1.39425117726242));
#5746=CARTESIAN_POINT('',(-77.542,1.0795,1.397));
#5747=CARTESIAN_POINT('',(-76.9678079999811,1.0795,1.397));
#5748=CARTESIAN_POINT('',(-76.9898719999871,1.0795,1.397));
#5749=CARTESIAN_POINT('',(-77.0119359999931,1.0795,1.397));
#5750=CARTESIAN_POINT('',(-80.7113333333389,1.0795,1.397));
#5751=CARTESIAN_POINT('',(-84.3886666666623,1.0795,1.397));
#5752=CARTESIAN_POINT('',(-88.0880640000005,1.0795,1.397));
#5753=CARTESIAN_POINT('',(-88.1101280000017,1.0795,1.397));
#5754=CARTESIAN_POINT('',(-88.1321920000029,1.0795,1.397));
#5755=CARTESIAN_POINT('',(-76.9678079999811,1.0795,0.888999999999996));
#5756=CARTESIAN_POINT('',(-76.9898719999872,1.0795,0.888999999999996));
#5757=CARTESIAN_POINT('',(-77.0119359999932,1.0795,0.888999999999996));
#5758=CARTESIAN_POINT('',(-80.711333333339,1.0795,0.888999999999996));
#5759=CARTESIAN_POINT('',(-84.3886666666113,1.0795,0.888999999999996));
#5760=CARTESIAN_POINT('',(-88.0880640000008,1.0795,0.888999999999996));
#5761=CARTESIAN_POINT('',(-88.1101280000022,1.0795,0.888999999999996));
#5762=CARTESIAN_POINT('',(-88.1321920000035,1.0795,0.888999999999996));
#5763=CARTESIAN_POINT('',(-76.9678079999811,0.5715,0.889));
#5764=CARTESIAN_POINT('',(-76.9898719999871,0.5715,0.889));
#5765=CARTESIAN_POINT('',(-77.0119359999931,0.5715,0.889));
#5766=CARTESIAN_POINT('',(-80.7113333333389,0.5715,0.889));
#5767=CARTESIAN_POINT('',(-84.3886666666623,0.5715,0.889));
#5768=CARTESIAN_POINT('',(-88.0880640000005,0.5715,0.889));
#5769=CARTESIAN_POINT('',(-88.1101280000017,0.5715,0.889));
#5770=CARTESIAN_POINT('',(-88.1321920000029,0.5715,0.889));
#5771=CARTESIAN_POINT('',(-88.0659999999992,0.5715,0.889));
#5772=CARTESIAN_POINT('',(-88.063552593856,0.573947406167489,0.889));
#5773=CARTESIAN_POINT('',(-88.0342456870748,0.603177353014321,0.912059503365415));
#5774=CARTESIAN_POINT('',(-87.9966953481022,0.640841649788938,0.946908251370126));
#5775=CARTESIAN_POINT('',(-87.9728979539858,0.664531014356758,0.96879622699636));
#5776=CARTESIAN_POINT('',(-87.9171877396918,0.720441878462639,1.02203754266744));
#5777=CARTESIAN_POINT('',(-87.8928592350623,0.743829359822662,1.04476422833652));
#5778=CARTESIAN_POINT('',(-87.8053900239009,0.832131180491851,1.13154169153413));
#5779=CARTESIAN_POINT('',(-87.7221403346236,0.916086252916137,1.21682571562687));
#5780=CARTESIAN_POINT('',(-87.6955009659946,0.941883372599157,1.24334271404792));
#5781=CARTESIAN_POINT('',(-87.6427162459141,0.994846627106671,1.29877557000013));
#5782=CARTESIAN_POINT('',(-87.6178143930633,1.01966867958399,1.32566737362572));
#5783=CARTESIAN_POINT('',(-87.5899960960288,1.04750874035679,1.35517013067983));
#5784=CARTESIAN_POINT('',(-87.5579999999992,1.0795,1.39425117726244));
#5785=CARTESIAN_POINT('',(-87.5579999999992,1.0795,1.397));
#5786=CARTESIAN_POINT('',(-88.1321920000053,13.0955,1.397));
#5787=CARTESIAN_POINT('',(-88.1101280000033,13.0955,1.397));
#5788=CARTESIAN_POINT('',(-88.0880640000013,13.0955,1.397));
#5789=CARTESIAN_POINT('',(-84.3886666666595,13.0955,1.397));
#5790=CARTESIAN_POINT('',(-80.7113333333361,13.0955,1.397));
#5791=CARTESIAN_POINT('',(-77.0119359999969,13.0955,1.397));
#5792=CARTESIAN_POINT('',(-76.9898719999945,13.0955,1.397));
#5793=CARTESIAN_POINT('',(-76.9678079999922,13.0955,1.397));
#5794=CARTESIAN_POINT('',(-88.132192000006,13.0955,0.888999999999994));
#5795=CARTESIAN_POINT('',(-88.1101280000038,13.0955,0.888999999999994));
#5796=CARTESIAN_POINT('',(-88.0880640000016,13.0955,0.888999999999994));
#5797=CARTESIAN_POINT('',(-84.3886666666084,13.0955,0.888999999999994));
#5798=CARTESIAN_POINT('',(-80.7113333333361,13.0955,0.888999999999993));
#5799=CARTESIAN_POINT('',(-77.0119359999968,13.0955,0.888999999999993));
#5800=CARTESIAN_POINT('',(-76.9898719999944,13.0955,0.888999999999993));
#5801=CARTESIAN_POINT('',(-76.9678079999921,13.0955,0.888999999999993));
#5802=CARTESIAN_POINT('',(-88.1321920000053,13.6035,0.889));
#5803=CARTESIAN_POINT('',(-88.1101280000033,13.6035,0.889));
#5804=CARTESIAN_POINT('',(-88.0880640000013,13.6035,0.889));
#5805=CARTESIAN_POINT('',(-84.3886666666595,13.6035,0.889));
#5806=CARTESIAN_POINT('',(-80.7113333333361,13.6035,0.889));
#5807=CARTESIAN_POINT('',(-77.0119359999969,13.6035,0.889));
#5808=CARTESIAN_POINT('',(-76.9898719999945,13.6035,0.889));
#5809=CARTESIAN_POINT('',(-76.9678079999922,13.6035,0.889));
#5810=CARTESIAN_POINT('',(-87.5579999999992,13.0955,1.397));
#5811=CARTESIAN_POINT('',(-87.5579999999992,13.0955,1.39425117726244));
#5812=CARTESIAN_POINT('',(-87.5899960999644,13.1274912636802,1.35517012714536));
#5813=CARTESIAN_POINT('',(-87.617814379288,13.1553313062866,1.32566738599643));
#5814=CARTESIAN_POINT('',(-87.6427162970793,13.1801534253739,1.29877552405182));
#5815=CARTESIAN_POINT('',(-87.6955006944256,13.2331163488501,1.24334295792739));
#5816=CARTESIAN_POINT('',(-87.7221425229169,13.2589159916367,1.21682375045382));
#5817=CARTESIAN_POINT('',(-87.8053820342694,13.3428606244688,1.13154886653563));
#5818=CARTESIAN_POINT('',(-87.8928890052947,13.4312011757817,1.04473749350364));
#5819=CARTESIAN_POINT('',(-87.9171001253163,13.454468254657,1.022116223803));
#5820=CARTESIAN_POINT('',(-87.9730497058154,13.510624638907,0.96865994791904));
#5821=CARTESIAN_POINT('',(-87.9961161136065,13.5335642239993,0.947428426598228));
#5822=CARTESIAN_POINT('',(-88.036410873227,13.5740434985692,0.910115081530355));
#5823=CARTESIAN_POINT('',(-88.0636116250685,13.6011116250918,0.889));
#5824=CARTESIAN_POINT('',(-88.0659999999992,13.6035,0.889));
#5825=CARTESIAN_POINT('',(-87.558,0.493308000000001,1.397));
#5826=CARTESIAN_POINT('',(-87.558,0.519372,1.397));
#5827=CARTESIAN_POINT('',(-87.558,0.545436,1.397));
#5828=CARTESIAN_POINT('',(-87.558,4.9155,1.397));
#5829=CARTESIAN_POINT('',(-87.558,9.2595000000033,1.397));
#5830=CARTESIAN_POINT('',(-87.558,13.629564,1.397));
#5831=CARTESIAN_POINT('',(-87.558,13.655628,1.397));
#5832=CARTESIAN_POINT('',(-87.558,13.681692,1.397));
#5833=CARTESIAN_POINT('',(-87.5579999999992,0.493308000000001,0.888999999999995));
#5834=CARTESIAN_POINT('',(-87.5579999999992,0.519372000000001,0.888999999999995));
#5835=CARTESIAN_POINT('',(-87.5579999999992,0.545436,0.888999999999995));
#5836=CARTESIAN_POINT('',(-87.5579999999992,4.9155,0.888999999999995));
#5837=CARTESIAN_POINT('',(-87.5579999999991,9.25950000000329,0.888999999999995));
#5838=CARTESIAN_POINT('',(-87.5579999999991,13.629564,0.888999999999995));
#5839=CARTESIAN_POINT('',(-87.5579999999991,13.6556279999999,0.888999999999995));
#5840=CARTESIAN_POINT('',(-87.5579999999991,13.6816919999999,0.888999999999995));
#5841=CARTESIAN_POINT('',(-88.066,0.493308000000001,0.889));
#5842=CARTESIAN_POINT('',(-88.066,0.519372,0.889));
#5843=CARTESIAN_POINT('',(-88.066,0.545436,0.889));
#5844=CARTESIAN_POINT('',(-88.066,4.9155,0.889));
#5845=CARTESIAN_POINT('',(-88.066,9.2595000000033,0.889));
#5846=CARTESIAN_POINT('',(-88.066,13.629564,0.889));
#5847=CARTESIAN_POINT('',(-88.066,13.655628,0.889));
#5848=CARTESIAN_POINT('',(-88.066,13.681692,0.889));
#5849=CARTESIAN_POINT('',(-77.542,0.493307999999995,2.159));
#5850=CARTESIAN_POINT('',(-77.542,0.519371999999997,2.159));
#5851=CARTESIAN_POINT('',(-77.542,0.545435999999998,2.159));
#5852=CARTESIAN_POINT('',(-77.542,4.9155,2.159));
#5853=CARTESIAN_POINT('',(-77.542,9.2595,2.159));
#5854=CARTESIAN_POINT('',(-77.542,13.629564,2.159));
#5855=CARTESIAN_POINT('',(-77.542,13.6556279999999,2.159));
#5856=CARTESIAN_POINT('',(-77.542,13.6816919999999,2.159));
#5857=CARTESIAN_POINT('',(-77.5419999999993,0.493307999999994,2.667));
#5858=CARTESIAN_POINT('',(-77.5419999999993,0.519371999999996,2.667));
#5859=CARTESIAN_POINT('',(-77.5419999999993,0.545435999999997,2.667));
#5860=CARTESIAN_POINT('',(-77.5419999999993,4.9155,2.667));
#5861=CARTESIAN_POINT('',(-77.5419999999993,9.2595,2.667));
#5862=CARTESIAN_POINT('',(-77.5419999999993,13.629564,2.667));
#5863=CARTESIAN_POINT('',(-77.5419999999993,13.6556279999999,2.667));
#5864=CARTESIAN_POINT('',(-77.5419999999993,13.6816919999999,2.667));
#5865=CARTESIAN_POINT('',(-77.034,0.493307999999995,2.667));
#5866=CARTESIAN_POINT('',(-77.034,0.519371999999997,2.667));
#5867=CARTESIAN_POINT('',(-77.034,0.545435999999998,2.667));
#5868=CARTESIAN_POINT('',(-77.034,4.9155,2.667));
#5869=CARTESIAN_POINT('',(-77.034,9.2595,2.667));
#5870=CARTESIAN_POINT('',(-77.034,13.629564,2.667));
#5871=CARTESIAN_POINT('',(-77.034,13.6556279999999,2.667));
#5872=CARTESIAN_POINT('',(-77.034,13.6816919999999,2.667));
#5873=CARTESIAN_POINT('',(-77.542,1.0795,2.159));
#5874=CARTESIAN_POINT('',(-77.542,1.0795,2.16174882273758));
#5875=CARTESIAN_POINT('',(-77.5100087363196,1.04750390003444,2.200829872855));
#5876=CARTESIAN_POINT('',(-77.4821686937127,1.01968562071053,2.23033261400428));
#5877=CARTESIAN_POINT('',(-77.4573465746254,0.994783702919229,2.25722447594894));
#5878=CARTESIAN_POINT('',(-77.4043836511484,0.941999305572014,2.31265704207417));
#5879=CARTESIAN_POINT('',(-77.378584008362,0.915357477080945,2.33917624954753));
#5880=CARTESIAN_POINT('',(-77.2946393755289,0.832117965727493,2.42445113346662));
#5881=CARTESIAN_POINT('',(-77.2062988242136,0.744610994700604,2.51126250650073));
#5882=CARTESIAN_POINT('',(-77.1830317453451,0.720399874683196,2.53388377619525));
#5883=CARTESIAN_POINT('',(-77.1268753610789,0.664450294173123,2.58734005209393));
#5884=CARTESIAN_POINT('',(-77.1039357760335,0.641383886412277,2.60857157337195));
#5885=CARTESIAN_POINT('',(-77.0634565012876,0.601089126678151,2.64588491860026));
#5886=CARTESIAN_POINT('',(-77.0363883748907,0.573888374737139,2.667));
#5887=CARTESIAN_POINT('',(-77.034,0.5715,2.667));
#5888=CARTESIAN_POINT('',(-77.034,13.6034999999999,2.667));
#5889=CARTESIAN_POINT('',(-77.0364474061674,13.6010525938583,2.667));
#5890=CARTESIAN_POINT('',(-77.0656773530136,13.5717456870758,2.64394049663527));
#5891=CARTESIAN_POINT('',(-77.1033416497891,13.5341953481027,2.6090917486297));
#5892=CARTESIAN_POINT('',(-77.1270310143571,13.5103979539863,2.58720377300337));
#5893=CARTESIAN_POINT('',(-77.1829418784625,13.4546877396927,2.5339624573326));
#5894=CARTESIAN_POINT('',(-77.2063293598226,13.4303592350632,2.51123577166359));
#5895=CARTESIAN_POINT('',(-77.294631180492,13.3428900239014,2.42445830846568));
#5896=CARTESIAN_POINT('',(-77.3785862529157,13.2596403346248,2.33917428437359));
#5897=CARTESIAN_POINT('',(-77.4043833725992,13.2330009659953,2.31265728595199));
#5898=CARTESIAN_POINT('',(-77.4573466271068,13.1802162459148,2.25722442999974));
#5899=CARTESIAN_POINT('',(-77.4821686795839,13.1553143930641,2.23033262637432));
#5900=CARTESIAN_POINT('',(-77.5100087403568,13.1274960960295,2.20082986932015));
#5901=CARTESIAN_POINT('',(-77.542,13.0955,2.16174882273756));
#5902=CARTESIAN_POINT('',(-77.542,13.0955,2.159));
#5903=CARTESIAN_POINT('',(-76.9678079999957,13.0955,2.159));
#5904=CARTESIAN_POINT('',(-76.9898719999968,13.0955,2.159));
#5905=CARTESIAN_POINT('',(-77.011935999998,13.0955,2.159));
#5906=CARTESIAN_POINT('',(-80.7113333333361,13.0955,2.159));
#5907=CARTESIAN_POINT('',(-84.3886666666595,13.0955,2.159));
#5908=CARTESIAN_POINT('',(-88.0880640000013,13.0955,2.159));
#5909=CARTESIAN_POINT('',(-88.1101280000033,13.0955,2.159));
#5910=CARTESIAN_POINT('',(-88.1321920000053,13.0955,2.159));
#5911=CARTESIAN_POINT('',(-76.9678079999956,13.0955,2.66699999999999));
#5912=CARTESIAN_POINT('',(-76.9898719999968,13.0955,2.66699999999999));
#5913=CARTESIAN_POINT('',(-77.011935999998,13.0955,2.66699999999999));
#5914=CARTESIAN_POINT('',(-80.711333333336,13.0955,2.66699999999999));
#5915=CARTESIAN_POINT('',(-84.3886666666084,13.0955,2.66699999999999));
#5916=CARTESIAN_POINT('',(-88.0880640000016,13.0955,2.66699999999999));
#5917=CARTESIAN_POINT('',(-88.1101280000038,13.0955,2.66699999999999));
#5918=CARTESIAN_POINT('',(-88.1321920000059,13.0955,2.66699999999999));
#5919=CARTESIAN_POINT('',(-76.9678079999957,13.6035,2.667));
#5920=CARTESIAN_POINT('',(-76.9898719999968,13.6035,2.667));
#5921=CARTESIAN_POINT('',(-77.011935999998,13.6035,2.667));
#5922=CARTESIAN_POINT('',(-80.7113333333361,13.6035,2.667));
#5923=CARTESIAN_POINT('',(-84.3886666666595,13.6035,2.667));
#5924=CARTESIAN_POINT('',(-88.0880640000013,13.6035,2.667));
#5925=CARTESIAN_POINT('',(-88.1101280000033,13.6035,2.667));
#5926=CARTESIAN_POINT('',(-88.1321920000053,13.6035,2.667));
#5927=CARTESIAN_POINT('',(-88.0659999999992,13.6035,2.667));
#5928=CARTESIAN_POINT('',(-88.0635525938555,13.6010525938325,2.667));
#5929=CARTESIAN_POINT('',(-88.0342456870746,13.5718226469853,2.64394049663423));
#5930=CARTESIAN_POINT('',(-87.996695348102,13.5341583502113,2.60909174863006));
#5931=CARTESIAN_POINT('',(-87.9728979539854,13.5104689856428,2.58720377300325));
#5932=CARTESIAN_POINT('',(-87.917187739692,13.4545581215375,2.53396245733266));
#5933=CARTESIAN_POINT('',(-87.8928592350626,13.4311706401777,2.51123577166385));
#5934=CARTESIAN_POINT('',(-87.8053900239006,13.3428688195079,2.42445830846564));
#5935=CARTESIAN_POINT('',(-87.7221403346242,13.2589137470845,2.33917428437375));
#5936=CARTESIAN_POINT('',(-87.6955009659945,13.2331166274008,2.31265728595203));
#5937=CARTESIAN_POINT('',(-87.6427162459139,13.1801533728932,2.25722442999969));
#5938=CARTESIAN_POINT('',(-87.6178143930633,13.1553313204161,2.23033262637433));
#5939=CARTESIAN_POINT('',(-87.5899960960288,13.1274912596432,2.20082986932018));
#5940=CARTESIAN_POINT('',(-87.5579999999992,13.0955,2.16174882273756));
#5941=CARTESIAN_POINT('',(-87.5579999999992,13.0955,2.159));
#5942=CARTESIAN_POINT('',(-88.1321920000029,1.0795,2.159));
#5943=CARTESIAN_POINT('',(-88.1101280000017,1.0795,2.159));
#5944=CARTESIAN_POINT('',(-88.0880640000005,1.0795,2.159));
#5945=CARTESIAN_POINT('',(-84.3886666666623,1.0795,2.159));
#5946=CARTESIAN_POINT('',(-80.7113333333389,1.0795,2.159));
#5947=CARTESIAN_POINT('',(-77.0119359999931,1.0795,2.159));
#5948=CARTESIAN_POINT('',(-76.9898719999871,1.0795,2.159));
#5949=CARTESIAN_POINT('',(-76.9678079999811,1.0795,2.159));
#5950=CARTESIAN_POINT('',(-88.1321920000036,1.0795,2.66699999999999));
#5951=CARTESIAN_POINT('',(-88.1101280000022,1.0795,2.66699999999999));
#5952=CARTESIAN_POINT('',(-88.0880640000008,1.0795,2.66699999999999));
#5953=CARTESIAN_POINT('',(-84.3886666666113,1.0795,2.66699999999999));
#5954=CARTESIAN_POINT('',(-80.711333333339,1.0795,2.66699999999999));
#5955=CARTESIAN_POINT('',(-77.0119359999932,1.0795,2.66699999999999));
#5956=CARTESIAN_POINT('',(-76.9898719999872,1.0795,2.66699999999999));
#5957=CARTESIAN_POINT('',(-76.9678079999811,1.0795,2.66699999999999));
#5958=CARTESIAN_POINT('',(-88.1321920000029,0.5715,2.667));
#5959=CARTESIAN_POINT('',(-88.1101280000017,0.5715,2.667));
#5960=CARTESIAN_POINT('',(-88.0880640000005,0.5715,2.667));
#5961=CARTESIAN_POINT('',(-84.3886666666623,0.5715,2.667));
#5962=CARTESIAN_POINT('',(-80.7113333333389,0.5715,2.667));
#5963=CARTESIAN_POINT('',(-77.0119359999931,0.5715,2.667));
#5964=CARTESIAN_POINT('',(-76.9898719999871,0.5715,2.667));
#5965=CARTESIAN_POINT('',(-76.9678079999811,0.5715,2.667));
#5966=CARTESIAN_POINT('',(-87.5579999999992,1.0795,2.159));
#5967=CARTESIAN_POINT('',(-87.5579999999992,1.0795,2.16174882273756));
#5968=CARTESIAN_POINT('',(-87.5899960999645,1.04750873631982,2.20082987285466));
#5969=CARTESIAN_POINT('',(-87.6178143792881,1.01966869371337,2.23033261400358));
#5970=CARTESIAN_POINT('',(-87.6427162970793,0.994846574626134,2.25722447594815));
#5971=CARTESIAN_POINT('',(-87.6955006944258,0.941883651149785,2.31265704207268));
#5972=CARTESIAN_POINT('',(-87.722142522917,0.916084008363324,2.33917624954613));
#5973=CARTESIAN_POINT('',(-87.8053820342695,0.832139375531088,2.42445113346445));
#5974=CARTESIAN_POINT('',(-87.8928890052944,0.743798824218652,2.51126250649602));
#5975=CARTESIAN_POINT('',(-87.9171001253162,0.720531745342956,2.53388377619707));
#5976=CARTESIAN_POINT('',(-87.9730497058154,0.664375361093086,2.5873400520809));
#5977=CARTESIAN_POINT('',(-87.9961161136069,0.641435776000335,2.60857157340215));
#5978=CARTESIAN_POINT('',(-88.0364108732259,0.600956501432511,2.64588491846814));
#5979=CARTESIAN_POINT('',(-88.0636116250663,0.573888374908415,2.667));
#5980=CARTESIAN_POINT('',(-88.0659999999993,0.5715,2.667));
#5981=CARTESIAN_POINT('',(-87.558,13.681692,2.159));
#5982=CARTESIAN_POINT('',(-87.558,13.655628,2.159));
#5983=CARTESIAN_POINT('',(-87.558,13.629564,2.159));
#5984=CARTESIAN_POINT('',(-87.558,9.2595000000033,2.159));
#5985=CARTESIAN_POINT('',(-87.558,4.9155,2.159));
#5986=CARTESIAN_POINT('',(-87.558,0.545436,2.159));
#5987=CARTESIAN_POINT('',(-87.558,0.519372000000001,2.159));
#5988=CARTESIAN_POINT('',(-87.558,0.493308000000001,2.159));
#5989=CARTESIAN_POINT('',(-87.5579999999992,13.681692,2.667));
#5990=CARTESIAN_POINT('',(-87.5579999999992,13.655628,2.667));
#5991=CARTESIAN_POINT('',(-87.5579999999992,13.629564,2.667));
#5992=CARTESIAN_POINT('',(-87.5579999999992,9.2595000000033,2.667));
#5993=CARTESIAN_POINT('',(-87.5579999999992,4.91550000000001,2.667));
#5994=CARTESIAN_POINT('',(-87.5579999999992,0.545436000000002,2.667));
#5995=CARTESIAN_POINT('',(-87.5579999999992,0.519372000000002,2.667));
#5996=CARTESIAN_POINT('',(-87.5579999999992,0.493308000000002,2.667));
#5997=CARTESIAN_POINT('',(-88.066,13.681692,2.667));
#5998=CARTESIAN_POINT('',(-88.066,13.655628,2.667));
#5999=CARTESIAN_POINT('',(-88.066,13.629564,2.667));
#6000=CARTESIAN_POINT('',(-88.066,9.2595000000033,2.667));
#6001=CARTESIAN_POINT('',(-88.066,4.9155,2.667));
#6002=CARTESIAN_POINT('',(-88.066,0.545436,2.667));
#6003=CARTESIAN_POINT('',(-88.066,0.519372000000001,2.667));
#6004=CARTESIAN_POINT('',(-88.066,0.493308000000001,2.667));
#6005=CARTESIAN_POINT('',(-15.3543,-7.62,-45.847));
#6006=CARTESIAN_POINT('',(-15.3543,-5.635625,-45.847));
#6007=CARTESIAN_POINT('',(-17.18818,-5.635625,-48.7443997214054));
#6008=CARTESIAN_POINT('',(-13.52042,-5.635625,-48.7443997214054));
#6009=CARTESIAN_POINT('',(-13.52042,-7.62,-48.7443997214054));
#6010=CARTESIAN_POINT('',(-17.18818,-7.62,-48.7443997214054));
#6011=CARTESIAN_POINT('',(-17.18818,-7.62,-54.229));
#6012=CARTESIAN_POINT('',(-17.18818,-5.635625,-54.229));
#6013=CARTESIAN_POINT('',(-17.18818,-5.635625,-54.229));
#6014=CARTESIAN_POINT('',(-17.18818,-7.62,-54.229));
#6015=CARTESIAN_POINT('',(-15.3543,-7.62,-54.229));
#6016=CARTESIAN_POINT('',(-15.3543,-5.635625,-54.229));
#6017=CARTESIAN_POINT('',(-13.52042,-5.635625,-54.229));
#6018=CARTESIAN_POINT('',(-13.52042,-7.62,-54.229));
#6019=CARTESIAN_POINT('',(-13.52042,-7.62,-54.229));
#6020=CARTESIAN_POINT('',(-13.52042,-5.635625,-54.229));
#6021=CARTESIAN_POINT('',(-72.5043,-7.62,-45.847));
#6022=CARTESIAN_POINT('',(-72.5043,-5.635625,-45.847));
#6023=CARTESIAN_POINT('',(-74.33818,-5.635625,-48.7443997214054));
#6024=CARTESIAN_POINT('',(-70.67042,-5.635625,-48.7443997214054));
#6025=CARTESIAN_POINT('',(-70.67042,-7.62,-48.7443997214054));
#6026=CARTESIAN_POINT('',(-74.33818,-7.62,-48.7443997214054));
#6027=CARTESIAN_POINT('',(-74.33818,-7.62,-54.229));
#6028=CARTESIAN_POINT('',(-74.33818,-5.635625,-54.229));
#6029=CARTESIAN_POINT('',(-74.33818,-5.635625,-54.229));
#6030=CARTESIAN_POINT('',(-74.33818,-7.62,-54.229));
#6031=CARTESIAN_POINT('',(-72.5043,-7.62,-54.229));
#6032=CARTESIAN_POINT('',(-72.5043,-5.635625,-54.229));
#6033=CARTESIAN_POINT('',(-70.67042,-5.635625,-54.229));
#6034=CARTESIAN_POINT('',(-70.67042,-7.62,-54.229));
#6035=CARTESIAN_POINT('',(-70.67042,-7.62,-54.229));
#6036=CARTESIAN_POINT('',(-70.67042,-5.635625,-54.229));
#6037=CARTESIAN_POINT('',(-79.4893,-5.635625,-58.83656));
#6038=CARTESIAN_POINT('',(-79.4893,-5.635625,-35.97656));
#6039=CARTESIAN_POINT('',(-75.0443,-1.190625,-40.42156));
#6040=CARTESIAN_POINT('',(-75.0443,-1.190625,-58.83656));
#6041=CARTESIAN_POINT('',(-75.0443,-1.190625,-54.39156));
#6042=CARTESIAN_POINT('',(-79.4893,-5.635625,-58.83656));
#6043=CARTESIAN_POINT('',(-79.4893,-5.635625,-35.97656));
#6044=CARTESIAN_POINT('',(-73.1393,1.984375,-43.59656));
#6045=CARTESIAN_POINT('',(-69.9643,-1.190625,-40.42156));
#6046=CARTESIAN_POINT('',(-79.4893,-1.190625,-40.42156));
#6047=CARTESIAN_POINT('',(-65.5193,-5.635625,-58.83656));
#6048=CARTESIAN_POINT('',(-70.1759666666667,-0.978958333333333,-54.1798933333333));
#6049=CARTESIAN_POINT('',(-69.9643,-1.190625,-54.39156));
#6050=CARTESIAN_POINT('',(-69.9643,-1.190625,-58.83656));
#6051=CARTESIAN_POINT('',(-79.4893,-5.635625,-58.83656));
#6052=CARTESIAN_POINT('',(-79.4893,-1.190625,-54.39156));
#6053=CARTESIAN_POINT('',(0.,-1.190625,0.));
#6054=CARTESIAN_POINT('',(-22.3393,-5.635625,-58.83656));
#6055=CARTESIAN_POINT('',(-22.3393,-5.635625,-35.97656));
#6056=CARTESIAN_POINT('',(-17.8943,-1.190625,-40.42156));
#6057=CARTESIAN_POINT('',(-17.8943,-1.190625,-58.83656));
#6058=CARTESIAN_POINT('',(-17.8943,-1.190625,-54.39156));
#6059=CARTESIAN_POINT('',(-22.3393,-5.635625,-58.83656));
#6060=CARTESIAN_POINT('',(-22.3393,-5.635625,-35.97656));
#6061=CARTESIAN_POINT('',(-15.9893,1.984375,-43.59656));
#6062=CARTESIAN_POINT('',(-12.8143,-1.190625,-40.42156));
#6063=CARTESIAN_POINT('',(-22.3393,-1.190625,-40.42156));
#6064=CARTESIAN_POINT('',(-8.3693,-5.635625,-58.83656));
#6065=CARTESIAN_POINT('',(-13.0259666666667,-0.978958333333339,-54.1798933333333));
#6066=CARTESIAN_POINT('',(-12.8143,-1.190625,-54.39156));
#6067=CARTESIAN_POINT('',(-12.8143,-1.190625,-58.83656));
#6068=CARTESIAN_POINT('',(-22.3393,-5.635625,-58.83656));
#6069=CARTESIAN_POINT('',(-22.3393,-1.190625,-54.39156));
#6070=CARTESIAN_POINT('',(0.,-1.190625,0.));
#6071=CARTESIAN_POINT('',(-20.7518,-5.635625,-57.24906));
#6072=CARTESIAN_POINT('',(-20.7518,-5.635625,-57.24906));
#6073=CARTESIAN_POINT('',(-20.7518,-5.635625,-57.24906));
#6074=CARTESIAN_POINT('',(-20.7518,-5.635625,-37.56406));
#6075=CARTESIAN_POINT('',(-20.7518,-5.635625,-57.24906));
#6076=CARTESIAN_POINT('',(-17.1958,-2.079625,-53.69306));
#6077=CARTESIAN_POINT('',(-17.1958,-2.079625,-57.24906));
#6078=CARTESIAN_POINT('',(-17.1958,-2.079625,-41.12006));
#6079=CARTESIAN_POINT('',(-20.7518,-5.635625,-37.56406));
#6080=CARTESIAN_POINT('',(-20.7518,-5.635625,-37.56406));
#6081=CARTESIAN_POINT('',(-20.7518,-5.635625,-37.56406));
#6082=CARTESIAN_POINT('',(-9.9568,-5.635625,-37.56406));
#6083=CARTESIAN_POINT('',(-20.7518,-2.079625,-41.12006));
#6084=CARTESIAN_POINT('',(-13.5128,-2.079625,-41.12006));
#6085=CARTESIAN_POINT('',(-9.9568,-5.635625,-37.56406));
#6086=CARTESIAN_POINT('',(-9.9568,-5.635625,-37.56406));
#6087=CARTESIAN_POINT('',(-9.9568,-5.635625,-37.56406));
#6088=CARTESIAN_POINT('',(-9.9568,-5.635625,-57.24906));
#6089=CARTESIAN_POINT('',(-13.5128,-2.079625,-37.56406));
#6090=CARTESIAN_POINT('',(-13.5128,-2.079625,-53.69306));
#6091=CARTESIAN_POINT('',(-9.9568,-5.635625,-57.24906));
#6092=CARTESIAN_POINT('',(-9.9568,-5.635625,-57.24906));
#6093=CARTESIAN_POINT('',(-9.9568,-5.635625,-57.24906));
#6094=CARTESIAN_POINT('',(-9.9568,-2.079625,-53.69306));
#6095=CARTESIAN_POINT('',(0.,-2.079625,0.));
#6096=CARTESIAN_POINT('',(0.,-5.635625,0.));
#6097=CARTESIAN_POINT('',(-67.1068,-5.635625,-57.24906));
#6098=CARTESIAN_POINT('',(-67.1068,-5.635625,-57.24906));
#6099=CARTESIAN_POINT('',(-67.1068,-5.635625,-57.24906));
#6100=CARTESIAN_POINT('',(-77.9018,-5.635625,-57.24906));
#6101=CARTESIAN_POINT('',(-67.1068,-5.635625,-57.24906));
#6102=CARTESIAN_POINT('',(-70.6628,-2.079625,-53.69306));
#6103=CARTESIAN_POINT('',(-67.1068,-2.079625,-53.69306));
#6104=CARTESIAN_POINT('',(-74.3458,-2.079625,-53.69306));
#6105=CARTESIAN_POINT('',(-77.9018,-5.635625,-57.24906));
#6106=CARTESIAN_POINT('',(-77.9018,-5.635625,-57.24906));
#6107=CARTESIAN_POINT('',(-77.9018,-5.635625,-57.24906));
#6108=CARTESIAN_POINT('',(-77.9018,-5.635625,-37.56406));
#6109=CARTESIAN_POINT('',(-74.3458,-2.079625,-57.24906));
#6110=CARTESIAN_POINT('',(-74.3458,-2.079625,-41.12006));
#6111=CARTESIAN_POINT('',(-77.9018,-5.635625,-37.56406));
#6112=CARTESIAN_POINT('',(-77.9018,-5.635625,-37.56406));
#6113=CARTESIAN_POINT('',(-77.9018,-5.635625,-37.56406));
#6114=CARTESIAN_POINT('',(-67.1068,-5.635625,-37.56406));
#6115=CARTESIAN_POINT('',(-77.9018,-2.079625,-41.12006));
#6116=CARTESIAN_POINT('',(-70.6628,-2.079625,-41.12006));
#6117=CARTESIAN_POINT('',(-67.1068,-5.635625,-37.56406));
#6118=CARTESIAN_POINT('',(-67.1068,-5.635625,-37.56406));
#6119=CARTESIAN_POINT('',(-67.1068,-5.635625,-37.56406));
#6120=CARTESIAN_POINT('',(-70.6628,-2.079625,-37.56406));
#6121=CARTESIAN_POINT('',(0.,-2.079625,0.));
#6122=CARTESIAN_POINT('',(0.,-5.635625,0.));
#6123=CARTESIAN_POINT('',(-15.3543,-7.62,-17.653));
#6124=CARTESIAN_POINT('',(-15.3543,-5.635625,-17.653));
#6125=CARTESIAN_POINT('',(-17.18818,-5.635625,-14.7556002785946));
#6126=CARTESIAN_POINT('',(-13.52042,-5.635625,-14.7556002785946));
#6127=CARTESIAN_POINT('',(-17.18818,-7.62,-14.7556002785946));
#6128=CARTESIAN_POINT('',(-13.52042,-7.62,-14.7556002785946));
#6129=CARTESIAN_POINT('',(-13.52042,-7.62,-9.271));
#6130=CARTESIAN_POINT('',(-13.52042,-5.635625,-9.271));
#6131=CARTESIAN_POINT('',(-13.52042,-5.635625,-9.271));
#6132=CARTESIAN_POINT('',(-13.52042,-7.62,-9.271));
#6133=CARTESIAN_POINT('',(-15.3543,-7.62,-9.271));
#6134=CARTESIAN_POINT('',(-15.3543,-5.635625,-9.271));
#6135=CARTESIAN_POINT('',(-17.18818,-5.635625,-9.271));
#6136=CARTESIAN_POINT('',(-17.18818,-7.62,-9.271));
#6137=CARTESIAN_POINT('',(-17.18818,-7.62,-9.271));
#6138=CARTESIAN_POINT('',(-17.18818,-5.635625,-9.271));
#6139=CARTESIAN_POINT('',(-72.5043,-7.62,-17.653));
#6140=CARTESIAN_POINT('',(-72.5043,-5.635625,-17.653));
#6141=CARTESIAN_POINT('',(-74.33818,-5.635625,-14.7556002785946));
#6142=CARTESIAN_POINT('',(-70.67042,-5.635625,-14.7556002785946));
#6143=CARTESIAN_POINT('',(-74.33818,-7.62,-14.7556002785946));
#6144=CARTESIAN_POINT('',(-70.67042,-7.62,-14.7556002785946));
#6145=CARTESIAN_POINT('',(-70.67042,-7.62,-9.271));
#6146=CARTESIAN_POINT('',(-70.67042,-5.635625,-9.271));
#6147=CARTESIAN_POINT('',(-70.67042,-5.635625,-9.271));
#6148=CARTESIAN_POINT('',(-70.67042,-7.62,-9.271));
#6149=CARTESIAN_POINT('',(-72.5043,-7.62,-9.271));
#6150=CARTESIAN_POINT('',(-72.5043,-5.635625,-9.271));
#6151=CARTESIAN_POINT('',(-74.33818,-5.635625,-9.271));
#6152=CARTESIAN_POINT('',(-74.33818,-7.62,-9.271));
#6153=CARTESIAN_POINT('',(-74.33818,-7.62,-9.271));
#6154=CARTESIAN_POINT('',(-74.33818,-5.635625,-9.271));
#6155=CARTESIAN_POINT('',(-79.4893,-5.635625,-4.66344));
#6156=CARTESIAN_POINT('',(-79.4893,-5.635625,-4.66344));
#6157=CARTESIAN_POINT('',(-75.0443,-1.190625,-9.10844));
#6158=CARTESIAN_POINT('',(-75.0443,-1.190625,-4.66344));
#6159=CARTESIAN_POINT('',(-75.0443,-1.190625,-23.07844));
#6160=CARTESIAN_POINT('',(-71.8693,1.984375,-19.90344));
#6161=CARTESIAN_POINT('',(-79.4893,-5.635625,-4.66344));
#6162=CARTESIAN_POINT('',(-68.58,-5.219065,-5.08));
#6163=CARTESIAN_POINT('',(-65.5193,-5.635625,-4.66344));
#6164=CARTESIAN_POINT('',(-69.9643,-1.190625,-9.10844));
#6165=CARTESIAN_POINT('',(-79.4893,-1.190625,-9.10844));
#6166=CARTESIAN_POINT('',(-65.5193,-5.635625,-4.66344));
#6167=CARTESIAN_POINT('',(-70.1759666666667,-0.978958333333334,-22.8667733333333));
#6168=CARTESIAN_POINT('',(-69.9643,-1.190625,-23.07844));
#6169=CARTESIAN_POINT('',(-69.9643,-1.190625,-4.66344));
#6170=CARTESIAN_POINT('',(-79.4893,-5.635625,-27.52344));
#6171=CARTESIAN_POINT('',(-79.4893,-1.190625,-23.07844));
#6172=CARTESIAN_POINT('',(0.,-1.190625,-63.5));
#6173=CARTESIAN_POINT('',(-22.3393,-5.635625,-4.66344));
#6174=CARTESIAN_POINT('',(-22.3393,-5.635625,-4.66344));
#6175=CARTESIAN_POINT('',(-17.8943,-1.190625,-9.10844));
#6176=CARTESIAN_POINT('',(-17.8943,-1.190625,-4.66344));
#6177=CARTESIAN_POINT('',(-17.8943,-1.190625,-23.07844));
#6178=CARTESIAN_POINT('',(-14.7193,1.984375,-19.90344));
#6179=CARTESIAN_POINT('',(-22.3393,-5.635625,-4.66344));
#6180=CARTESIAN_POINT('',(-8.3693,-5.635625,-4.66344));
#6181=CARTESIAN_POINT('',(-12.8143,-1.190625,-9.10844));
#6182=CARTESIAN_POINT('',(-22.3393,-1.190625,-9.10844));
#6183=CARTESIAN_POINT('',(-8.3693,-5.635625,-4.66344));
#6184=CARTESIAN_POINT('',(-13.0259666666667,-0.978958333333339,-22.8667733333333));
#6185=CARTESIAN_POINT('',(-12.8143,-1.190625,-23.07844));
#6186=CARTESIAN_POINT('',(-12.8143,-1.190625,-4.66344));
#6187=CARTESIAN_POINT('',(-22.3393,-5.635625,-27.52344));
#6188=CARTESIAN_POINT('',(-22.3393,-1.190625,-23.07844));
#6189=CARTESIAN_POINT('',(0.,-1.190625,-63.5));
#6190=CARTESIAN_POINT('',(0.,-5.635625,-63.5));
#6191=CARTESIAN_POINT('',(-20.7518,-5.635625,-6.25094));
#6192=CARTESIAN_POINT('',(-20.7518,-5.635625,-6.25094));
#6193=CARTESIAN_POINT('',(-20.7518,-5.635625,-25.93594));
#6194=CARTESIAN_POINT('',(-9.9568,-5.635625,-6.25094));
#6195=CARTESIAN_POINT('',(-9.9568,-5.635625,-6.25094));
#6196=CARTESIAN_POINT('',(-9.9568,-5.635625,-25.93594));
#6197=CARTESIAN_POINT('',(-9.9568,-5.635625,-25.93594));
#6198=CARTESIAN_POINT('',(-20.7518,-5.635625,-25.93594));
#6199=CARTESIAN_POINT('',(-20.7518,-5.635625,-6.25094));
#6200=CARTESIAN_POINT('',(-14.1901333333333,0.926041666666663,-19.3742733333333));
#6201=CARTESIAN_POINT('',(-17.1958,-2.079625,-22.37994));
#6202=CARTESIAN_POINT('',(-17.1958,-2.079625,-6.25094));
#6203=CARTESIAN_POINT('',(-17.1958,-2.079625,-9.80694));
#6204=CARTESIAN_POINT('',(-17.1534666666667,-2.03729166666667,-9.84927333333333));
#6205=CARTESIAN_POINT('',(-9.9568,-5.635625,-6.25094));
#6206=CARTESIAN_POINT('',(-9.9568,-2.079625,-9.80694));
#6207=CARTESIAN_POINT('',(-13.5128,-2.079625,-9.80694));
#6208=CARTESIAN_POINT('',(-16.5184666666667,0.926041666666658,-12.8126066666667));
#6209=CARTESIAN_POINT('',(-9.9568,-5.635625,-25.93594));
#6210=CARTESIAN_POINT('',(-13.5128,-2.079625,-25.93594));
#6211=CARTESIAN_POINT('',(-13.5128,-2.079625,-22.37994));
#6212=CARTESIAN_POINT('',(-13.5551333333333,-2.03729166666667,-22.3376066666667));
#6213=CARTESIAN_POINT('',(-20.7518,-5.635625,-25.93594));
#6214=CARTESIAN_POINT('',(-20.7518,-2.079625,-22.37994));
#6215=CARTESIAN_POINT('',(0.,-2.079625,-63.5));
#6216=CARTESIAN_POINT('',(0.,-5.635625,-63.5));
#6217=CARTESIAN_POINT('',(-67.1068,-5.635625,-6.25094));
#6218=CARTESIAN_POINT('',(-67.1068,-5.635625,-6.25094));
#6219=CARTESIAN_POINT('',(-77.9018,-5.635625,-6.25094));
#6220=CARTESIAN_POINT('',(-67.1068,-5.635625,-25.93594));
#6221=CARTESIAN_POINT('',(-67.1068,-5.635625,-25.93594));
#6222=CARTESIAN_POINT('',(-77.9018,-5.635625,-25.93594));
#6223=CARTESIAN_POINT('',(-77.9018,-5.635625,-25.93594));
#6224=CARTESIAN_POINT('',(-77.9018,-5.635625,-6.25094));
#6225=CARTESIAN_POINT('',(-67.1068,-5.635625,-6.25094));
#6226=CARTESIAN_POINT('',(-74.3034666666666,-2.03729166666667,-9.84927333333333));
#6227=CARTESIAN_POINT('',(-74.3458,-2.079625,-9.80694));
#6228=CARTESIAN_POINT('',(-67.1068,-2.079625,-9.80694));
#6229=CARTESIAN_POINT('',(-70.6628,-2.079625,-9.80694));
#6230=CARTESIAN_POINT('',(-73.6684666666667,0.926041666666664,-12.8126066666667));
#6231=CARTESIAN_POINT('',(-67.1068,-5.635625,-25.93594));
#6232=CARTESIAN_POINT('',(-70.6628,-2.079625,-25.93594));
#6233=CARTESIAN_POINT('',(-70.6628,-2.079625,-22.37994));
#6234=CARTESIAN_POINT('',(-70.7051333333333,-2.03729166666667,-22.3376066666667));
#6235=CARTESIAN_POINT('',(-77.9018,-5.635625,-25.93594));
#6236=CARTESIAN_POINT('',(-77.9018,-2.079625,-22.37994));
#6237=CARTESIAN_POINT('',(-74.3458,-2.079625,-22.37994));
#6238=CARTESIAN_POINT('',(-71.3401333333333,0.926041666666659,-19.3742733333333));
#6239=CARTESIAN_POINT('',(-77.9018,-5.635625,-6.25094));
#6240=CARTESIAN_POINT('',(-74.3458,-2.079625,-6.25094));
#6241=CARTESIAN_POINT('',(0.,-2.079625,-63.5));
#6242=CARTESIAN_POINT('',(-100.7618,154.244439573512,2.667));
#6243=CARTESIAN_POINT('',(-101.5238,-6.096,1.905));
#6244=CARTESIAN_POINT('',(-102.2858,154.244439573512,-64.643));
#6245=CARTESIAN_POINT('',(-100.7618,-6.096,-66.167));
#6246=CARTESIAN_POINT('',(-102.2858,-6.096,2.667));
#6247=CARTESIAN_POINT('',(-100.7618,-7.62,1.14299999999999));
#6248=CARTESIAN_POINT('',(-101.5238,-6.858,-64.643));
#6249=CARTESIAN_POINT('',(-100.7618,-7.62,1.14299999999999));
#6250=CARTESIAN_POINT('',(-100.7618,-7.62,1.14299999999999));
#6251=CARTESIAN_POINT('',(-100.7618,-6.096,-66.167));
#6252=CARTESIAN_POINT('',(-100.7618,-6.096,-66.167));
#6253=CARTESIAN_POINT('',(-102.2858,-6.096,2.667));
#6254=CARTESIAN_POINT('',(12.9032,-7.62,1.14299999999999));
#6255=CARTESIAN_POINT('',(14.4272,154.244439573512,1.14299999999999));
#6256=CARTESIAN_POINT('',(13.6652,-6.096,1.905));
#6257=CARTESIAN_POINT('',(12.9032,154.244439573512,-66.167));
#6258=CARTESIAN_POINT('',(14.4272,-6.096,-64.643));
#6259=CARTESIAN_POINT('',(-102.2858,-6.096,-66.167));
#6260=CARTESIAN_POINT('',(12.9032,-6.858,-65.405));
#6261=CARTESIAN_POINT('',(12.9032,-7.62,1.14299999999999));
#6262=CARTESIAN_POINT('',(12.9032,-7.62,1.14299999999999));
#6263=CARTESIAN_POINT('',(14.4272,-6.096,-64.643));
#6264=CARTESIAN_POINT('',(14.4272,-6.096,-64.643));
#6265=CARTESIAN_POINT('',(14.4272,-6.096,2.667));
#6266=CARTESIAN_POINT('',(-35.5531423582013,14.9352,-3.6322));
#6267=CARTESIAN_POINT('',(-26.6192,14.9352,-3.6322));
#6268=CARTESIAN_POINT('',(-26.6192,14.9352,-3.6322));
#6269=CARTESIAN_POINT('',(-35.5531423582013,14.9352,-3.6322));
#6270=CARTESIAN_POINT('',(-35.5531423582013,14.9352,0.889));
#6271=CARTESIAN_POINT('',(-26.6192,14.9352,0.889));
#6272=CARTESIAN_POINT('',(-26.6192,5.6261,-33.02));
#6273=CARTESIAN_POINT('',(-46.9392,0.,0.));
#6274=CARTESIAN_POINT('',(-46.9392,24.97455,-13.6715499999998));
#6275=CARTESIAN_POINT('',(-46.9392,14.9352,-3.6322));
#6276=CARTESIAN_POINT('',(-46.9392,14.9352,-33.02));
#6277=CARTESIAN_POINT('',(-84.4439423582016,14.9352,-33.02));
#6278=CARTESIAN_POINT('',(-84.4439423582016,14.9352,-3.6322));
#6279=CARTESIAN_POINT('',(-75.51,14.9352,-3.6322));
#6280=CARTESIAN_POINT('',(-75.51,14.9352,-33.02));
#6281=CARTESIAN_POINT('',(-84.4439423582016,24.97455,-13.6715499999998));
#6282=CARTESIAN_POINT('',(-75.51,24.97455,-13.6715499999998));
#6283=CARTESIAN_POINT('',(-75.51,12.5875,-10.9));
#6284=CARTESIAN_POINT('',(-68.58,-7.62,-5.08));
#6285=MECHANICAL_DESIGN_GEOMETRIC_PRESENTATION_REPRESENTATION('',(#3525),
#6286);
#6286=(
GEOMETRIC_REPRESENTATION_CONTEXT(3)
GLOBAL_UNCERTAINTY_ASSIGNED_CONTEXT((#6287))
GLOBAL_UNIT_ASSIGNED_CONTEXT((#6290,#6289,#6288))
REPRESENTATION_CONTEXT('EnclosureBase','TOP_LEVEL_ASSEMBLY_PART')
);
#6287=UNCERTAINTY_MEASURE_WITH_UNIT(LENGTH_MEASURE(0.005),#6290,
'DISTANCE_ACCURACY_VALUE','Maximum Tolerance applied to model');
#6288=(
NAMED_UNIT(*)
SI_UNIT($,.STERADIAN.)
SOLID_ANGLE_UNIT()
);
#6289=(
NAMED_UNIT(*)
PLANE_ANGLE_UNIT()
SI_UNIT($,.RADIAN.)
);
#6290=(
LENGTH_UNIT()
NAMED_UNIT(*)
SI_UNIT(.MILLI.,.METRE.)
);
#6291=PRODUCT_DEFINITION_SHAPE('','',#6292);
#6292=PRODUCT_DEFINITION('','',#6294,#6293);
#6293=PRODUCT_DEFINITION_CONTEXT('',#6300,'design');
#6294=PRODUCT_DEFINITION_FORMATION_WITH_SPECIFIED_SOURCE('','',#6296,
 .NOT_KNOWN.);
#6295=PRODUCT_RELATED_PRODUCT_CATEGORY('','',(#6296));
#6296=PRODUCT('EnclosureBase','EnclosureBase','EnclosureBase',(#6298));
#6297=PRODUCT_CATEGORY('','');
#6298=PRODUCT_CONTEXT('',#6300,'mechanical');
#6299=APPLICATION_PROTOCOL_DEFINITION('international standard',
'automotive_design',2010,#6300);
#6300=APPLICATION_CONTEXT(
'core data for automotive mechanical design processes');
ENDSEC;
END-ISO-10303-21;
