ISO-10303-21;
HEADER;
/* Generated by software containing ST-Developer
 * from STEP Tools, Inc. (www.steptools.com) 
 */
/* OPTION: strings as raw bytes, not using required /X/ escapes */

FILE_DESCRIPTION(
/* description */ ('Unknown'),
/* implementation_level */ '2;1');

FILE_NAME(
/* name */ 'EnclosureTop',
/* time_stamp */ '2026-02-11T12:51:30-06:00',
/* author */ ('Unknown'),
/* organization */ ('Unknown'),
/* preprocessor_version */ 'ST-DEVELOPER v20',
/* originating_system */ 'Solid Edge',
/* authorisation */ 'Unknown');

FILE_SCHEMA (('AUTOMOTIVE_DESIGN {1 0 10303 214 3 1 1}'));
ENDSEC;

DATA;
#10=PROPERTY_DEFINITION_REPRESENTATION(#14,#12);
#11=PROPERTY_DEFINITION_REPRESENTATION(#15,#13);
#12=REPRESENTATION('',(#16),#6436);
#13=REPRESENTATION('',(#17),#6436);
#14=PROPERTY_DEFINITION('pmi validation property','',#6441);
#15=PROPERTY_DEFINITION('pmi validation property','',#6441);
#16=VALUE_REPRESENTATION_ITEM('number of annotations',COUNT_MEASURE(0.));
#17=VALUE_REPRESENTATION_ITEM('number of views',COUNT_MEASURE(0.));
#18=SHAPE_REPRESENTATION_RELATIONSHIP('','',#3966,#19);
#19=ADVANCED_BREP_SHAPE_REPRESENTATION('',(#3964),#6436);
#20=CYLINDRICAL_SURFACE('',#4005,1.016);
#21=CYLINDRICAL_SURFACE('',#4007,1.016);
#22=CYLINDRICAL_SURFACE('',#4009,1.016);
#23=CYLINDRICAL_SURFACE('',#4011,1.016);
#24=CYLINDRICAL_SURFACE('',#4027,2.18439999987301);
#25=CYLINDRICAL_SURFACE('',#4033,2.18439999987301);
#26=CYLINDRICAL_SURFACE('',#4040,2.184400000127);
#27=CYLINDRICAL_SURFACE('',#4046,2.1844);
#28=CYLINDRICAL_SURFACE('',#4054,2.1844);
#29=CYLINDRICAL_SURFACE('',#4062,2.1844);
#30=CYLINDRICAL_SURFACE('',#4116,1.524);
#31=CYLINDRICAL_SURFACE('',#4128,1.524);
#32=CYLINDRICAL_SURFACE('',#4140,1.524);
#33=CYLINDRICAL_SURFACE('',#4152,1.524);
#34=CYLINDRICAL_SURFACE('',#4164,1.524);
#35=CYLINDRICAL_SURFACE('',#4166,3.302);
#36=CYLINDRICAL_SURFACE('',#4173,3.302);
#37=CYLINDRICAL_SURFACE('',#4182,5.0038);
#38=CYLINDRICAL_SURFACE('',#4191,4.699);
#39=CYLINDRICAL_SURFACE('',#4225,1.524);
#40=CYLINDRICAL_SURFACE('',#4226,4.699);
#41=CYLINDRICAL_SURFACE('',#4228,1.524);
#42=CYLINDRICAL_SURFACE('',#4229,1.524);
#43=CYLINDRICAL_SURFACE('',#4230,5.0038);
#44=CIRCLE('',#3980,1.016);
#45=CIRCLE('',#3981,1.016);
#46=CIRCLE('',#4001,1.016);
#47=CIRCLE('',#4002,1.016);
#48=CIRCLE('',#4006,1.016);
#49=CIRCLE('',#4008,1.016);
#50=CIRCLE('',#4010,1.016);
#51=CIRCLE('',#4012,1.016);
#52=CIRCLE('',#4016,2.18439999987301);
#53=CIRCLE('',#4018,2.18439999987301);
#54=CIRCLE('',#4026,2.18439999987301);
#55=CIRCLE('',#4028,2.18439999987301);
#56=CIRCLE('',#4029,2.18439999987301);
#57=CIRCLE('',#4030,2.18439999987301);
#58=CIRCLE('',#4032,2.18439999987301);
#59=CIRCLE('',#4034,2.18439999987301);
#60=CIRCLE('',#4035,2.18439999987301);
#61=CIRCLE('',#4036,2.18439999987301);
#62=CIRCLE('',#4039,2.184400000127);
#63=CIRCLE('',#4041,2.184400000127);
#64=CIRCLE('',#4042,2.184400000127);
#65=CIRCLE('',#4043,2.184400000127);
#66=CIRCLE('',#4047,2.1844);
#67=CIRCLE('',#4048,2.1844);
#68=CIRCLE('',#4049,2.1844);
#69=CIRCLE('',#4050,2.1844);
#70=CIRCLE('',#4051,2.1844);
#71=CIRCLE('',#4052,2.1844);
#72=CIRCLE('',#4055,2.1844);
#73=CIRCLE('',#4056,2.1844);
#74=CIRCLE('',#4057,2.1844);
#75=CIRCLE('',#4058,2.1844);
#76=CIRCLE('',#4059,2.1844);
#77=CIRCLE('',#4060,2.1844);
#78=CIRCLE('',#4063,2.1844);
#79=CIRCLE('',#4064,2.1844);
#80=CIRCLE('',#4065,2.1844);
#81=CIRCLE('',#4066,2.1844);
#82=CIRCLE('',#4067,2.1844);
#83=CIRCLE('',#4068,2.1844);
#84=CIRCLE('',#4117,1.524);
#85=CIRCLE('',#4118,1.524);
#86=CIRCLE('',#4124,5.0038);
#87=CIRCLE('',#4126,5.0038);
#88=CIRCLE('',#4127,1.524);
#89=CIRCLE('',#4129,1.524);
#90=CIRCLE('',#4130,1.524);
#91=CIRCLE('',#4136,4.699);
#92=CIRCLE('',#4137,1.524);
#93=CIRCLE('',#4139,4.699);
#94=CIRCLE('',#4141,1.524);
#95=CIRCLE('',#4142,1.524);
#96=CIRCLE('',#4148,5.0038);
#97=CIRCLE('',#4150,5.0038);
#98=CIRCLE('',#4151,1.524);
#99=CIRCLE('',#4153,1.524);
#100=CIRCLE('',#4154,1.524);
#101=CIRCLE('',#4160,4.699);
#102=CIRCLE('',#4161,1.524);
#103=CIRCLE('',#4163,4.699);
#104=CIRCLE('',#4165,1.524);
#105=CIRCLE('',#4167,3.302);
#106=CIRCLE('',#4168,3.302);
#107=CIRCLE('',#4170,1.524);
#108=CIRCLE('',#4172,5.0038);
#109=CIRCLE('',#4174,3.302);
#110=CIRCLE('',#4175,3.302);
#111=CIRCLE('',#4177,1.524);
#112=CIRCLE('',#4179,5.0038);
#113=CIRCLE('',#4181,5.0038);
#114=CIRCLE('',#4183,5.0038);
#115=CIRCLE('',#4184,5.0038);
#116=CIRCLE('',#4185,5.0038);
#117=CIRCLE('',#4187,1.524);
#118=CIRCLE('',#4188,4.699);
#119=CIRCLE('',#4190,4.699);
#120=CIRCLE('',#4192,4.699);
#121=CIRCLE('',#4227,4.699);
#122=CIRCLE('',#4231,5.0038);
#123=CIRCLE('',#4232,5.0038);
#124=ORIENTED_EDGE('',*,*,#1210,.F.);
#125=ORIENTED_EDGE('',*,*,#1211,.T.);
#126=ORIENTED_EDGE('',*,*,#1212,.F.);
#127=ORIENTED_EDGE('',*,*,#1213,.F.);
#128=ORIENTED_EDGE('',*,*,#1214,.T.);
#129=ORIENTED_EDGE('',*,*,#1215,.T.);
#130=ORIENTED_EDGE('',*,*,#1216,.T.);
#131=ORIENTED_EDGE('',*,*,#1217,.T.);
#132=ORIENTED_EDGE('',*,*,#1218,.F.);
#133=ORIENTED_EDGE('',*,*,#1219,.F.);
#134=ORIENTED_EDGE('',*,*,#1220,.F.);
#135=ORIENTED_EDGE('',*,*,#1211,.F.);
#136=ORIENTED_EDGE('',*,*,#1221,.T.);
#137=ORIENTED_EDGE('',*,*,#1222,.T.);
#138=ORIENTED_EDGE('',*,*,#1223,.F.);
#139=ORIENTED_EDGE('',*,*,#1224,.F.);
#140=ORIENTED_EDGE('',*,*,#1225,.F.);
#141=ORIENTED_EDGE('',*,*,#1226,.F.);
#142=ORIENTED_EDGE('',*,*,#1221,.F.);
#143=ORIENTED_EDGE('',*,*,#1227,.F.);
#144=ORIENTED_EDGE('',*,*,#1212,.T.);
#145=ORIENTED_EDGE('',*,*,#1220,.T.);
#146=ORIENTED_EDGE('',*,*,#1228,.F.);
#147=ORIENTED_EDGE('',*,*,#1229,.F.);
#148=ORIENTED_EDGE('',*,*,#1230,.F.);
#149=ORIENTED_EDGE('',*,*,#1231,.T.);
#150=ORIENTED_EDGE('',*,*,#1228,.T.);
#151=ORIENTED_EDGE('',*,*,#1219,.T.);
#152=ORIENTED_EDGE('',*,*,#1232,.T.);
#153=ORIENTED_EDGE('',*,*,#1223,.T.);
#154=ORIENTED_EDGE('',*,*,#1233,.F.);
#155=ORIENTED_EDGE('',*,*,#1234,.F.);
#156=ORIENTED_EDGE('',*,*,#1235,.F.);
#157=ORIENTED_EDGE('',*,*,#1230,.T.);
#158=ORIENTED_EDGE('',*,*,#1236,.T.);
#159=ORIENTED_EDGE('',*,*,#1214,.F.);
#160=ORIENTED_EDGE('',*,*,#1237,.F.);
#161=ORIENTED_EDGE('',*,*,#1237,.T.);
#162=ORIENTED_EDGE('',*,*,#1213,.T.);
#163=ORIENTED_EDGE('',*,*,#1227,.T.);
#164=ORIENTED_EDGE('',*,*,#1224,.T.);
#165=ORIENTED_EDGE('',*,*,#1235,.T.);
#166=ORIENTED_EDGE('',*,*,#1238,.F.);
#167=ORIENTED_EDGE('',*,*,#1229,.T.);
#168=ORIENTED_EDGE('',*,*,#1231,.F.);
#169=ORIENTED_EDGE('',*,*,#1226,.T.);
#170=ORIENTED_EDGE('',*,*,#1239,.T.);
#171=ORIENTED_EDGE('',*,*,#1233,.T.);
#172=ORIENTED_EDGE('',*,*,#1222,.F.);
#173=ORIENTED_EDGE('',*,*,#1225,.T.);
#174=ORIENTED_EDGE('',*,*,#1238,.T.);
#175=ORIENTED_EDGE('',*,*,#1234,.T.);
#176=ORIENTED_EDGE('',*,*,#1239,.F.);
#177=ORIENTED_EDGE('',*,*,#1217,.F.);
#178=ORIENTED_EDGE('',*,*,#1240,.F.);
#179=ORIENTED_EDGE('',*,*,#1241,.F.);
#180=ORIENTED_EDGE('',*,*,#1242,.T.);
#181=ORIENTED_EDGE('',*,*,#1243,.T.);
#182=ORIENTED_EDGE('',*,*,#1244,.T.);
#183=ORIENTED_EDGE('',*,*,#1215,.F.);
#184=ORIENTED_EDGE('',*,*,#1236,.F.);
#185=ORIENTED_EDGE('',*,*,#1232,.F.);
#186=ORIENTED_EDGE('',*,*,#1245,.F.);
#187=ORIENTED_EDGE('',*,*,#1246,.F.);
#188=ORIENTED_EDGE('',*,*,#1247,.F.);
#189=ORIENTED_EDGE('',*,*,#1248,.F.);
#190=ORIENTED_EDGE('',*,*,#1249,.T.);
#191=ORIENTED_EDGE('',*,*,#1250,.T.);
#192=ORIENTED_EDGE('',*,*,#1251,.T.);
#193=ORIENTED_EDGE('',*,*,#1252,.F.);
#194=ORIENTED_EDGE('',*,*,#1253,.T.);
#195=ORIENTED_EDGE('',*,*,#1254,.T.);
#196=ORIENTED_EDGE('',*,*,#1255,.T.);
#197=ORIENTED_EDGE('',*,*,#1256,.T.);
#198=ORIENTED_EDGE('',*,*,#1257,.T.);
#199=ORIENTED_EDGE('',*,*,#1258,.F.);
#200=ORIENTED_EDGE('',*,*,#1259,.T.);
#201=ORIENTED_EDGE('',*,*,#1218,.T.);
#202=ORIENTED_EDGE('',*,*,#1210,.T.);
#203=ORIENTED_EDGE('',*,*,#1242,.F.);
#204=ORIENTED_EDGE('',*,*,#1260,.T.);
#205=ORIENTED_EDGE('',*,*,#1261,.T.);
#206=ORIENTED_EDGE('',*,*,#1262,.F.);
#207=ORIENTED_EDGE('',*,*,#1263,.F.);
#208=ORIENTED_EDGE('',*,*,#1264,.T.);
#209=ORIENTED_EDGE('',*,*,#1265,.T.);
#210=ORIENTED_EDGE('',*,*,#1245,.T.);
#211=ORIENTED_EDGE('',*,*,#1216,.F.);
#212=ORIENTED_EDGE('',*,*,#1259,.F.);
#213=ORIENTED_EDGE('',*,*,#1266,.F.);
#214=ORIENTED_EDGE('',*,*,#1240,.T.);
#215=ORIENTED_EDGE('',*,*,#1264,.F.);
#216=ORIENTED_EDGE('',*,*,#1267,.T.);
#217=ORIENTED_EDGE('',*,*,#1268,.T.);
#218=ORIENTED_EDGE('',*,*,#1248,.T.);
#219=ORIENTED_EDGE('',*,*,#1269,.F.);
#220=ORIENTED_EDGE('',*,*,#1270,.F.);
#221=ORIENTED_EDGE('',*,*,#1271,.T.);
#222=ORIENTED_EDGE('',*,*,#1272,.T.);
#223=ORIENTED_EDGE('',*,*,#1265,.F.);
#224=ORIENTED_EDGE('',*,*,#1272,.F.);
#225=ORIENTED_EDGE('',*,*,#1273,.F.);
#226=ORIENTED_EDGE('',*,*,#1274,.F.);
#227=ORIENTED_EDGE('',*,*,#1275,.F.);
#228=ORIENTED_EDGE('',*,*,#1276,.T.);
#229=ORIENTED_EDGE('',*,*,#1277,.T.);
#230=ORIENTED_EDGE('',*,*,#1246,.T.);
#231=ORIENTED_EDGE('',*,*,#1274,.T.);
#232=ORIENTED_EDGE('',*,*,#1278,.T.);
#233=ORIENTED_EDGE('',*,*,#1279,.F.);
#234=ORIENTED_EDGE('',*,*,#1280,.F.);
#235=ORIENTED_EDGE('',*,*,#1281,.F.);
#236=ORIENTED_EDGE('',*,*,#1282,.F.);
#237=ORIENTED_EDGE('',*,*,#1283,.F.);
#238=ORIENTED_EDGE('',*,*,#1275,.T.);
#239=ORIENTED_EDGE('',*,*,#1273,.T.);
#240=ORIENTED_EDGE('',*,*,#1271,.F.);
#241=ORIENTED_EDGE('',*,*,#1284,.F.);
#242=ORIENTED_EDGE('',*,*,#1280,.T.);
#243=ORIENTED_EDGE('',*,*,#1285,.F.);
#244=ORIENTED_EDGE('',*,*,#1277,.F.);
#245=ORIENTED_EDGE('',*,*,#1286,.F.);
#246=ORIENTED_EDGE('',*,*,#1287,.F.);
#247=ORIENTED_EDGE('',*,*,#1288,.F.);
#248=ORIENTED_EDGE('',*,*,#1278,.F.);
#249=ORIENTED_EDGE('',*,*,#1289,.F.);
#250=ORIENTED_EDGE('',*,*,#1269,.T.);
#251=ORIENTED_EDGE('',*,*,#1247,.T.);
#252=ORIENTED_EDGE('',*,*,#1289,.T.);
#253=ORIENTED_EDGE('',*,*,#1281,.T.);
#254=ORIENTED_EDGE('',*,*,#1284,.T.);
#255=ORIENTED_EDGE('',*,*,#1270,.T.);
#256=ORIENTED_EDGE('',*,*,#1283,.T.);
#257=ORIENTED_EDGE('',*,*,#1290,.T.);
#258=ORIENTED_EDGE('',*,*,#1286,.T.);
#259=ORIENTED_EDGE('',*,*,#1276,.F.);
#260=ORIENTED_EDGE('',*,*,#1282,.T.);
#261=ORIENTED_EDGE('',*,*,#1291,.T.);
#262=ORIENTED_EDGE('',*,*,#1287,.T.);
#263=ORIENTED_EDGE('',*,*,#1290,.F.);
#264=ORIENTED_EDGE('',*,*,#1285,.T.);
#265=ORIENTED_EDGE('',*,*,#1279,.T.);
#266=ORIENTED_EDGE('',*,*,#1288,.T.);
#267=ORIENTED_EDGE('',*,*,#1291,.F.);
#268=ORIENTED_EDGE('',*,*,#1267,.F.);
#269=ORIENTED_EDGE('',*,*,#1263,.T.);
#270=ORIENTED_EDGE('',*,*,#1292,.T.);
#271=ORIENTED_EDGE('',*,*,#1293,.T.);
#272=ORIENTED_EDGE('',*,*,#1294,.T.);
#273=ORIENTED_EDGE('',*,*,#1295,.T.);
#274=ORIENTED_EDGE('',*,*,#1296,.F.);
#275=ORIENTED_EDGE('',*,*,#1297,.F.);
#276=ORIENTED_EDGE('',*,*,#1298,.F.);
#277=ORIENTED_EDGE('',*,*,#1299,.F.);
#278=ORIENTED_EDGE('',*,*,#1268,.F.);
#279=ORIENTED_EDGE('',*,*,#1299,.T.);
#280=ORIENTED_EDGE('',*,*,#1300,.T.);
#281=ORIENTED_EDGE('',*,*,#1249,.F.);
#282=ORIENTED_EDGE('',*,*,#1301,.F.);
#283=ORIENTED_EDGE('',*,*,#1302,.F.);
#284=ORIENTED_EDGE('',*,*,#1303,.F.);
#285=ORIENTED_EDGE('',*,*,#1304,.F.);
#286=ORIENTED_EDGE('',*,*,#1305,.F.);
#287=ORIENTED_EDGE('',*,*,#1306,.F.);
#288=ORIENTED_EDGE('',*,*,#1307,.T.);
#289=ORIENTED_EDGE('',*,*,#1255,.F.);
#290=ORIENTED_EDGE('',*,*,#1308,.F.);
#291=ORIENTED_EDGE('',*,*,#1309,.F.);
#292=ORIENTED_EDGE('',*,*,#1310,.T.);
#293=ORIENTED_EDGE('',*,*,#1311,.F.);
#294=ORIENTED_EDGE('',*,*,#1312,.F.);
#295=ORIENTED_EDGE('',*,*,#1251,.F.);
#296=ORIENTED_EDGE('',*,*,#1313,.F.);
#297=ORIENTED_EDGE('',*,*,#1314,.F.);
#298=ORIENTED_EDGE('',*,*,#1315,.T.);
#299=ORIENTED_EDGE('',*,*,#1316,.T.);
#300=ORIENTED_EDGE('',*,*,#1317,.T.);
#301=ORIENTED_EDGE('',*,*,#1318,.F.);
#302=ORIENTED_EDGE('',*,*,#1311,.T.);
#303=ORIENTED_EDGE('',*,*,#1319,.T.);
#304=ORIENTED_EDGE('',*,*,#1320,.T.);
#305=ORIENTED_EDGE('',*,*,#1321,.T.);
#306=ORIENTED_EDGE('',*,*,#1302,.T.);
#307=ORIENTED_EDGE('',*,*,#1322,.T.);
#308=ORIENTED_EDGE('',*,*,#1253,.F.);
#309=ORIENTED_EDGE('',*,*,#1323,.F.);
#310=ORIENTED_EDGE('',*,*,#1324,.T.);
#311=ORIENTED_EDGE('',*,*,#1325,.T.);
#312=ORIENTED_EDGE('',*,*,#1326,.F.);
#313=ORIENTED_EDGE('',*,*,#1327,.F.);
#314=ORIENTED_EDGE('',*,*,#1317,.F.);
#315=ORIENTED_EDGE('',*,*,#1328,.T.);
#316=ORIENTED_EDGE('',*,*,#1329,.T.);
#317=ORIENTED_EDGE('',*,*,#1330,.T.);
#318=ORIENTED_EDGE('',*,*,#1331,.F.);
#319=ORIENTED_EDGE('',*,*,#1332,.T.);
#320=ORIENTED_EDGE('',*,*,#1315,.F.);
#321=ORIENTED_EDGE('',*,*,#1333,.T.);
#322=ORIENTED_EDGE('',*,*,#1243,.F.);
#323=ORIENTED_EDGE('',*,*,#1334,.T.);
#324=ORIENTED_EDGE('',*,*,#1244,.F.);
#325=ORIENTED_EDGE('',*,*,#1335,.T.);
#326=ORIENTED_EDGE('',*,*,#1316,.F.);
#327=ORIENTED_EDGE('',*,*,#1336,.T.);
#328=ORIENTED_EDGE('',*,*,#1292,.F.);
#329=ORIENTED_EDGE('',*,*,#1262,.T.);
#330=ORIENTED_EDGE('',*,*,#1337,.T.);
#331=ORIENTED_EDGE('',*,*,#1338,.F.);
#332=ORIENTED_EDGE('',*,*,#1293,.F.);
#333=ORIENTED_EDGE('',*,*,#1338,.T.);
#334=ORIENTED_EDGE('',*,*,#1339,.T.);
#335=ORIENTED_EDGE('',*,*,#1340,.F.);
#336=ORIENTED_EDGE('',*,*,#1341,.F.);
#337=ORIENTED_EDGE('',*,*,#1294,.F.);
#338=ORIENTED_EDGE('',*,*,#1340,.T.);
#339=ORIENTED_EDGE('',*,*,#1342,.T.);
#340=ORIENTED_EDGE('',*,*,#1343,.F.);
#341=ORIENTED_EDGE('',*,*,#1256,.F.);
#342=ORIENTED_EDGE('',*,*,#1307,.F.);
#343=ORIENTED_EDGE('',*,*,#1344,.F.);
#344=ORIENTED_EDGE('',*,*,#1303,.T.);
#345=ORIENTED_EDGE('',*,*,#1321,.F.);
#346=ORIENTED_EDGE('',*,*,#1345,.F.);
#347=ORIENTED_EDGE('',*,*,#1296,.T.);
#348=ORIENTED_EDGE('',*,*,#1298,.T.);
#349=ORIENTED_EDGE('',*,*,#1346,.T.);
#350=ORIENTED_EDGE('',*,*,#1319,.F.);
#351=ORIENTED_EDGE('',*,*,#1310,.F.);
#352=ORIENTED_EDGE('',*,*,#1347,.F.);
#353=ORIENTED_EDGE('',*,*,#1313,.T.);
#354=ORIENTED_EDGE('',*,*,#1250,.F.);
#355=ORIENTED_EDGE('',*,*,#1300,.F.);
#356=ORIENTED_EDGE('',*,*,#1320,.F.);
#357=ORIENTED_EDGE('',*,*,#1346,.F.);
#358=ORIENTED_EDGE('',*,*,#1297,.T.);
#359=ORIENTED_EDGE('',*,*,#1345,.T.);
#360=ORIENTED_EDGE('',*,*,#1305,.T.);
#361=ORIENTED_EDGE('',*,*,#1254,.F.);
#362=ORIENTED_EDGE('',*,*,#1327,.T.);
#363=ORIENTED_EDGE('',*,*,#1348,.T.);
#364=ORIENTED_EDGE('',*,*,#1312,.T.);
#365=ORIENTED_EDGE('',*,*,#1349,.F.);
#366=ORIENTED_EDGE('',*,*,#1323,.T.);
#367=ORIENTED_EDGE('',*,*,#1252,.T.);
#368=ORIENTED_EDGE('',*,*,#1301,.T.);
#369=ORIENTED_EDGE('',*,*,#1350,.T.);
#370=ORIENTED_EDGE('',*,*,#1328,.F.);
#371=ORIENTED_EDGE('',*,*,#1322,.F.);
#372=ORIENTED_EDGE('',*,*,#1308,.T.);
#373=ORIENTED_EDGE('',*,*,#1318,.T.);
#374=ORIENTED_EDGE('',*,*,#1332,.F.);
#375=ORIENTED_EDGE('',*,*,#1351,.F.);
#376=ORIENTED_EDGE('',*,*,#1260,.F.);
#377=ORIENTED_EDGE('',*,*,#1241,.T.);
#378=ORIENTED_EDGE('',*,*,#1266,.T.);
#379=ORIENTED_EDGE('',*,*,#1258,.T.);
#380=ORIENTED_EDGE('',*,*,#1352,.F.);
#381=ORIENTED_EDGE('',*,*,#1353,.F.);
#382=ORIENTED_EDGE('',*,*,#1341,.T.);
#383=ORIENTED_EDGE('',*,*,#1354,.T.);
#384=ORIENTED_EDGE('',*,*,#1355,.T.);
#385=ORIENTED_EDGE('',*,*,#1356,.T.);
#386=ORIENTED_EDGE('',*,*,#1357,.F.);
#387=ORIENTED_EDGE('',*,*,#1358,.T.);
#388=ORIENTED_EDGE('',*,*,#1359,.T.);
#389=ORIENTED_EDGE('',*,*,#1360,.T.);
#390=ORIENTED_EDGE('',*,*,#1352,.T.);
#391=ORIENTED_EDGE('',*,*,#1257,.F.);
#392=ORIENTED_EDGE('',*,*,#1343,.T.);
#393=ORIENTED_EDGE('',*,*,#1295,.F.);
#394=ORIENTED_EDGE('',*,*,#1361,.T.);
#395=ORIENTED_EDGE('',*,*,#1362,.T.);
#396=ORIENTED_EDGE('',*,*,#1363,.T.);
#397=ORIENTED_EDGE('',*,*,#1364,.T.);
#398=ORIENTED_EDGE('',*,*,#1365,.T.);
#399=ORIENTED_EDGE('',*,*,#1366,.T.);
#400=ORIENTED_EDGE('',*,*,#1367,.T.);
#401=ORIENTED_EDGE('',*,*,#1362,.F.);
#402=ORIENTED_EDGE('',*,*,#1368,.T.);
#403=ORIENTED_EDGE('',*,*,#1369,.T.);
#404=ORIENTED_EDGE('',*,*,#1364,.F.);
#405=ORIENTED_EDGE('',*,*,#1370,.F.);
#406=ORIENTED_EDGE('',*,*,#1371,.T.);
#407=ORIENTED_EDGE('',*,*,#1372,.T.);
#408=ORIENTED_EDGE('',*,*,#1373,.T.);
#409=ORIENTED_EDGE('',*,*,#1374,.T.);
#410=ORIENTED_EDGE('',*,*,#1375,.T.);
#411=ORIENTED_EDGE('',*,*,#1376,.T.);
#412=ORIENTED_EDGE('',*,*,#1377,.T.);
#413=ORIENTED_EDGE('',*,*,#1372,.F.);
#414=ORIENTED_EDGE('',*,*,#1378,.T.);
#415=ORIENTED_EDGE('',*,*,#1379,.T.);
#416=ORIENTED_EDGE('',*,*,#1374,.F.);
#417=ORIENTED_EDGE('',*,*,#1380,.F.);
#418=ORIENTED_EDGE('',*,*,#1381,.T.);
#419=ORIENTED_EDGE('',*,*,#1357,.T.);
#420=ORIENTED_EDGE('',*,*,#1382,.T.);
#421=ORIENTED_EDGE('',*,*,#1383,.T.);
#422=ORIENTED_EDGE('',*,*,#1384,.T.);
#423=ORIENTED_EDGE('',*,*,#1385,.T.);
#424=ORIENTED_EDGE('',*,*,#1386,.T.);
#425=ORIENTED_EDGE('',*,*,#1387,.T.);
#426=ORIENTED_EDGE('',*,*,#1388,.T.);
#427=ORIENTED_EDGE('',*,*,#1389,.T.);
#428=ORIENTED_EDGE('',*,*,#1390,.T.);
#429=ORIENTED_EDGE('',*,*,#1391,.T.);
#430=ORIENTED_EDGE('',*,*,#1384,.F.);
#431=ORIENTED_EDGE('',*,*,#1392,.F.);
#432=ORIENTED_EDGE('',*,*,#1393,.T.);
#433=ORIENTED_EDGE('',*,*,#1394,.T.);
#434=ORIENTED_EDGE('',*,*,#1395,.T.);
#435=ORIENTED_EDGE('',*,*,#1396,.T.);
#436=ORIENTED_EDGE('',*,*,#1397,.T.);
#437=ORIENTED_EDGE('',*,*,#1398,.T.);
#438=ORIENTED_EDGE('',*,*,#1399,.T.);
#439=ORIENTED_EDGE('',*,*,#1400,.T.);
#440=ORIENTED_EDGE('',*,*,#1401,.T.);
#441=ORIENTED_EDGE('',*,*,#1402,.T.);
#442=ORIENTED_EDGE('',*,*,#1395,.F.);
#443=ORIENTED_EDGE('',*,*,#1403,.F.);
#444=ORIENTED_EDGE('',*,*,#1404,.T.);
#445=ORIENTED_EDGE('',*,*,#1405,.T.);
#446=ORIENTED_EDGE('',*,*,#1406,.T.);
#447=ORIENTED_EDGE('',*,*,#1407,.T.);
#448=ORIENTED_EDGE('',*,*,#1408,.T.);
#449=ORIENTED_EDGE('',*,*,#1409,.T.);
#450=ORIENTED_EDGE('',*,*,#1410,.T.);
#451=ORIENTED_EDGE('',*,*,#1411,.T.);
#452=ORIENTED_EDGE('',*,*,#1412,.T.);
#453=ORIENTED_EDGE('',*,*,#1413,.T.);
#454=ORIENTED_EDGE('',*,*,#1406,.F.);
#455=ORIENTED_EDGE('',*,*,#1414,.F.);
#456=ORIENTED_EDGE('',*,*,#1415,.T.);
#457=ORIENTED_EDGE('',*,*,#1416,.T.);
#458=ORIENTED_EDGE('',*,*,#1417,.T.);
#459=ORIENTED_EDGE('',*,*,#1418,.T.);
#460=ORIENTED_EDGE('',*,*,#1419,.F.);
#461=ORIENTED_EDGE('',*,*,#1420,.F.);
#462=ORIENTED_EDGE('',*,*,#1421,.F.);
#463=ORIENTED_EDGE('',*,*,#1422,.F.);
#464=ORIENTED_EDGE('',*,*,#1415,.F.);
#465=ORIENTED_EDGE('',*,*,#1423,.T.);
#466=ORIENTED_EDGE('',*,*,#1421,.T.);
#467=ORIENTED_EDGE('',*,*,#1424,.F.);
#468=ORIENTED_EDGE('',*,*,#1425,.T.);
#469=ORIENTED_EDGE('',*,*,#1426,.T.);
#470=ORIENTED_EDGE('',*,*,#1427,.F.);
#471=ORIENTED_EDGE('',*,*,#1422,.T.);
#472=ORIENTED_EDGE('',*,*,#1423,.F.);
#473=ORIENTED_EDGE('',*,*,#1418,.F.);
#474=ORIENTED_EDGE('',*,*,#1428,.F.);
#475=ORIENTED_EDGE('',*,*,#1429,.T.);
#476=ORIENTED_EDGE('',*,*,#1430,.F.);
#477=ORIENTED_EDGE('',*,*,#1416,.F.);
#478=ORIENTED_EDGE('',*,*,#1424,.T.);
#479=ORIENTED_EDGE('',*,*,#1420,.T.);
#480=ORIENTED_EDGE('',*,*,#1430,.T.);
#481=ORIENTED_EDGE('',*,*,#1431,.T.);
#482=ORIENTED_EDGE('',*,*,#1425,.F.);
#483=ORIENTED_EDGE('',*,*,#1417,.F.);
#484=ORIENTED_EDGE('',*,*,#1432,.T.);
#485=ORIENTED_EDGE('',*,*,#1433,.T.);
#486=ORIENTED_EDGE('',*,*,#1434,.T.);
#487=ORIENTED_EDGE('',*,*,#1435,.T.);
#488=ORIENTED_EDGE('',*,*,#1436,.F.);
#489=ORIENTED_EDGE('',*,*,#1437,.F.);
#490=ORIENTED_EDGE('',*,*,#1438,.F.);
#491=ORIENTED_EDGE('',*,*,#1439,.F.);
#492=ORIENTED_EDGE('',*,*,#1432,.F.);
#493=ORIENTED_EDGE('',*,*,#1440,.T.);
#494=ORIENTED_EDGE('',*,*,#1438,.T.);
#495=ORIENTED_EDGE('',*,*,#1441,.F.);
#496=ORIENTED_EDGE('',*,*,#1442,.T.);
#497=ORIENTED_EDGE('',*,*,#1443,.T.);
#498=ORIENTED_EDGE('',*,*,#1444,.F.);
#499=ORIENTED_EDGE('',*,*,#1439,.T.);
#500=ORIENTED_EDGE('',*,*,#1440,.F.);
#501=ORIENTED_EDGE('',*,*,#1435,.F.);
#502=ORIENTED_EDGE('',*,*,#1445,.F.);
#503=ORIENTED_EDGE('',*,*,#1446,.T.);
#504=ORIENTED_EDGE('',*,*,#1447,.F.);
#505=ORIENTED_EDGE('',*,*,#1433,.F.);
#506=ORIENTED_EDGE('',*,*,#1441,.T.);
#507=ORIENTED_EDGE('',*,*,#1437,.T.);
#508=ORIENTED_EDGE('',*,*,#1447,.T.);
#509=ORIENTED_EDGE('',*,*,#1448,.T.);
#510=ORIENTED_EDGE('',*,*,#1442,.F.);
#511=ORIENTED_EDGE('',*,*,#1434,.F.);
#512=ORIENTED_EDGE('',*,*,#1449,.F.);
#513=ORIENTED_EDGE('',*,*,#1450,.F.);
#514=ORIENTED_EDGE('',*,*,#1451,.T.);
#515=ORIENTED_EDGE('',*,*,#1452,.F.);
#516=ORIENTED_EDGE('',*,*,#1453,.T.);
#517=ORIENTED_EDGE('',*,*,#1454,.F.);
#518=ORIENTED_EDGE('',*,*,#1451,.F.);
#519=ORIENTED_EDGE('',*,*,#1455,.F.);
#520=ORIENTED_EDGE('',*,*,#1456,.T.);
#521=ORIENTED_EDGE('',*,*,#1457,.T.);
#522=ORIENTED_EDGE('',*,*,#1453,.F.);
#523=ORIENTED_EDGE('',*,*,#1458,.T.);
#524=ORIENTED_EDGE('',*,*,#1459,.F.);
#525=ORIENTED_EDGE('',*,*,#1456,.F.);
#526=ORIENTED_EDGE('',*,*,#1460,.F.);
#527=ORIENTED_EDGE('',*,*,#1461,.F.);
#528=ORIENTED_EDGE('',*,*,#1462,.F.);
#529=ORIENTED_EDGE('',*,*,#1457,.F.);
#530=ORIENTED_EDGE('',*,*,#1463,.F.);
#531=ORIENTED_EDGE('',*,*,#1464,.T.);
#532=ORIENTED_EDGE('',*,*,#1465,.T.);
#533=ORIENTED_EDGE('',*,*,#1458,.F.);
#534=ORIENTED_EDGE('',*,*,#1466,.T.);
#535=ORIENTED_EDGE('',*,*,#1467,.F.);
#536=ORIENTED_EDGE('',*,*,#1464,.F.);
#537=ORIENTED_EDGE('',*,*,#1468,.F.);
#538=ORIENTED_EDGE('',*,*,#1469,.F.);
#539=ORIENTED_EDGE('',*,*,#1470,.F.);
#540=ORIENTED_EDGE('',*,*,#1465,.F.);
#541=ORIENTED_EDGE('',*,*,#1471,.F.);
#542=ORIENTED_EDGE('',*,*,#1472,.T.);
#543=ORIENTED_EDGE('',*,*,#1473,.T.);
#544=ORIENTED_EDGE('',*,*,#1466,.F.);
#545=ORIENTED_EDGE('',*,*,#1474,.T.);
#546=ORIENTED_EDGE('',*,*,#1475,.F.);
#547=ORIENTED_EDGE('',*,*,#1472,.F.);
#548=ORIENTED_EDGE('',*,*,#1476,.F.);
#549=ORIENTED_EDGE('',*,*,#1477,.F.);
#550=ORIENTED_EDGE('',*,*,#1478,.F.);
#551=ORIENTED_EDGE('',*,*,#1473,.F.);
#552=ORIENTED_EDGE('',*,*,#1479,.F.);
#553=ORIENTED_EDGE('',*,*,#1480,.T.);
#554=ORIENTED_EDGE('',*,*,#1481,.T.);
#555=ORIENTED_EDGE('',*,*,#1474,.F.);
#556=ORIENTED_EDGE('',*,*,#1482,.T.);
#557=ORIENTED_EDGE('',*,*,#1483,.F.);
#558=ORIENTED_EDGE('',*,*,#1480,.F.);
#559=ORIENTED_EDGE('',*,*,#1484,.F.);
#560=ORIENTED_EDGE('',*,*,#1485,.F.);
#561=ORIENTED_EDGE('',*,*,#1486,.F.);
#562=ORIENTED_EDGE('',*,*,#1481,.F.);
#563=ORIENTED_EDGE('',*,*,#1487,.F.);
#564=ORIENTED_EDGE('',*,*,#1488,.F.);
#565=ORIENTED_EDGE('',*,*,#1489,.F.);
#566=ORIENTED_EDGE('',*,*,#1482,.F.);
#567=ORIENTED_EDGE('',*,*,#1490,.F.);
#568=ORIENTED_EDGE('',*,*,#1491,.T.);
#569=ORIENTED_EDGE('',*,*,#1492,.T.);
#570=ORIENTED_EDGE('',*,*,#1493,.T.);
#571=ORIENTED_EDGE('',*,*,#1494,.F.);
#572=ORIENTED_EDGE('',*,*,#1495,.T.);
#573=ORIENTED_EDGE('',*,*,#1496,.T.);
#574=ORIENTED_EDGE('',*,*,#1497,.T.);
#575=ORIENTED_EDGE('',*,*,#1498,.F.);
#576=ORIENTED_EDGE('',*,*,#1499,.T.);
#577=ORIENTED_EDGE('',*,*,#1494,.T.);
#578=ORIENTED_EDGE('',*,*,#1500,.T.);
#579=ORIENTED_EDGE('',*,*,#1496,.F.);
#580=ORIENTED_EDGE('',*,*,#1499,.F.);
#581=ORIENTED_EDGE('',*,*,#1495,.F.);
#582=ORIENTED_EDGE('',*,*,#1501,.T.);
#583=ORIENTED_EDGE('',*,*,#1502,.F.);
#584=ORIENTED_EDGE('',*,*,#1503,.F.);
#585=ORIENTED_EDGE('',*,*,#1504,.T.);
#586=ORIENTED_EDGE('',*,*,#1505,.T.);
#587=ORIENTED_EDGE('',*,*,#1491,.F.);
#588=ORIENTED_EDGE('',*,*,#1506,.T.);
#589=ORIENTED_EDGE('',*,*,#1507,.T.);
#590=ORIENTED_EDGE('',*,*,#1504,.F.);
#591=ORIENTED_EDGE('',*,*,#1508,.F.);
#592=ORIENTED_EDGE('',*,*,#1502,.T.);
#593=ORIENTED_EDGE('',*,*,#1509,.T.);
#594=ORIENTED_EDGE('',*,*,#1510,.F.);
#595=ORIENTED_EDGE('',*,*,#1511,.F.);
#596=ORIENTED_EDGE('',*,*,#1503,.T.);
#597=ORIENTED_EDGE('',*,*,#1511,.T.);
#598=ORIENTED_EDGE('',*,*,#1512,.T.);
#599=ORIENTED_EDGE('',*,*,#1508,.T.);
#600=ORIENTED_EDGE('',*,*,#1513,.T.);
#601=ORIENTED_EDGE('',*,*,#1506,.F.);
#602=ORIENTED_EDGE('',*,*,#1512,.F.);
#603=ORIENTED_EDGE('',*,*,#1510,.T.);
#604=ORIENTED_EDGE('',*,*,#1514,.T.);
#605=ORIENTED_EDGE('',*,*,#1515,.F.);
#606=ORIENTED_EDGE('',*,*,#1516,.F.);
#607=ORIENTED_EDGE('',*,*,#1517,.F.);
#608=ORIENTED_EDGE('',*,*,#1518,.T.);
#609=ORIENTED_EDGE('',*,*,#1449,.T.);
#610=ORIENTED_EDGE('',*,*,#1519,.T.);
#611=ORIENTED_EDGE('',*,*,#1520,.T.);
#612=ORIENTED_EDGE('',*,*,#1497,.F.);
#613=ORIENTED_EDGE('',*,*,#1500,.F.);
#614=ORIENTED_EDGE('',*,*,#1493,.F.);
#615=ORIENTED_EDGE('',*,*,#1521,.T.);
#616=ORIENTED_EDGE('',*,*,#1522,.T.);
#617=ORIENTED_EDGE('',*,*,#1488,.T.);
#618=ORIENTED_EDGE('',*,*,#1519,.F.);
#619=ORIENTED_EDGE('',*,*,#1452,.T.);
#620=ORIENTED_EDGE('',*,*,#1523,.T.);
#621=ORIENTED_EDGE('',*,*,#1524,.F.);
#622=ORIENTED_EDGE('',*,*,#1525,.T.);
#623=ORIENTED_EDGE('',*,*,#1489,.T.);
#624=ORIENTED_EDGE('',*,*,#1522,.F.);
#625=ORIENTED_EDGE('',*,*,#1526,.T.);
#626=ORIENTED_EDGE('',*,*,#1527,.T.);
#627=ORIENTED_EDGE('',*,*,#1528,.F.);
#628=ORIENTED_EDGE('',*,*,#1529,.F.);
#629=ORIENTED_EDGE('',*,*,#1530,.F.);
#630=ORIENTED_EDGE('',*,*,#1531,.F.);
#631=ORIENTED_EDGE('',*,*,#1528,.T.);
#632=ORIENTED_EDGE('',*,*,#1532,.T.);
#633=ORIENTED_EDGE('',*,*,#1533,.F.);
#634=ORIENTED_EDGE('',*,*,#1534,.T.);
#635=ORIENTED_EDGE('',*,*,#1535,.F.);
#636=ORIENTED_EDGE('',*,*,#1536,.T.);
#637=ORIENTED_EDGE('',*,*,#1537,.T.);
#638=ORIENTED_EDGE('',*,*,#1538,.T.);
#639=ORIENTED_EDGE('',*,*,#1539,.T.);
#640=ORIENTED_EDGE('',*,*,#1536,.F.);
#641=ORIENTED_EDGE('',*,*,#1540,.F.);
#642=ORIENTED_EDGE('',*,*,#1541,.T.);
#643=ORIENTED_EDGE('',*,*,#1542,.T.);
#644=ORIENTED_EDGE('',*,*,#1543,.F.);
#645=ORIENTED_EDGE('',*,*,#1544,.F.);
#646=ORIENTED_EDGE('',*,*,#1545,.T.);
#647=ORIENTED_EDGE('',*,*,#1546,.F.);
#648=ORIENTED_EDGE('',*,*,#1543,.T.);
#649=ORIENTED_EDGE('',*,*,#1547,.T.);
#650=ORIENTED_EDGE('',*,*,#1548,.T.);
#651=ORIENTED_EDGE('',*,*,#1549,.T.);
#652=ORIENTED_EDGE('',*,*,#1550,.F.);
#653=ORIENTED_EDGE('',*,*,#1551,.F.);
#654=ORIENTED_EDGE('',*,*,#1552,.T.);
#655=ORIENTED_EDGE('',*,*,#1553,.F.);
#656=ORIENTED_EDGE('',*,*,#1550,.T.);
#657=ORIENTED_EDGE('',*,*,#1554,.T.);
#658=ORIENTED_EDGE('',*,*,#1555,.F.);
#659=ORIENTED_EDGE('',*,*,#1556,.F.);
#660=ORIENTED_EDGE('',*,*,#1555,.T.);
#661=ORIENTED_EDGE('',*,*,#1548,.F.);
#662=ORIENTED_EDGE('',*,*,#1557,.F.);
#663=ORIENTED_EDGE('',*,*,#1558,.F.);
#664=ORIENTED_EDGE('',*,*,#1559,.F.);
#665=ORIENTED_EDGE('',*,*,#1560,.F.);
#666=ORIENTED_EDGE('',*,*,#1561,.F.);
#667=ORIENTED_EDGE('',*,*,#1558,.T.);
#668=ORIENTED_EDGE('',*,*,#1562,.T.);
#669=ORIENTED_EDGE('',*,*,#1563,.T.);
#670=ORIENTED_EDGE('',*,*,#1564,.F.);
#671=ORIENTED_EDGE('',*,*,#1565,.F.);
#672=ORIENTED_EDGE('',*,*,#1566,.T.);
#673=ORIENTED_EDGE('',*,*,#1561,.T.);
#674=ORIENTED_EDGE('',*,*,#1567,.F.);
#675=ORIENTED_EDGE('',*,*,#1563,.F.);
#676=ORIENTED_EDGE('',*,*,#1568,.T.);
#677=ORIENTED_EDGE('',*,*,#1554,.F.);
#678=ORIENTED_EDGE('',*,*,#1549,.F.);
#679=ORIENTED_EDGE('',*,*,#1559,.T.);
#680=ORIENTED_EDGE('',*,*,#1556,.T.);
#681=ORIENTED_EDGE('',*,*,#1569,.F.);
#682=ORIENTED_EDGE('',*,*,#1562,.F.);
#683=ORIENTED_EDGE('',*,*,#1557,.T.);
#684=ORIENTED_EDGE('',*,*,#1551,.T.);
#685=ORIENTED_EDGE('',*,*,#1553,.T.);
#686=ORIENTED_EDGE('',*,*,#1570,.T.);
#687=ORIENTED_EDGE('',*,*,#1565,.T.);
#688=ORIENTED_EDGE('',*,*,#1571,.T.);
#689=ORIENTED_EDGE('',*,*,#1572,.T.);
#690=ORIENTED_EDGE('',*,*,#1573,.F.);
#691=ORIENTED_EDGE('',*,*,#1573,.T.);
#692=ORIENTED_EDGE('',*,*,#1541,.F.);
#693=ORIENTED_EDGE('',*,*,#1574,.T.);
#694=ORIENTED_EDGE('',*,*,#1575,.T.);
#695=ORIENTED_EDGE('',*,*,#1576,.T.);
#696=ORIENTED_EDGE('',*,*,#1577,.T.);
#697=ORIENTED_EDGE('',*,*,#1578,.T.);
#698=ORIENTED_EDGE('',*,*,#1579,.F.);
#699=ORIENTED_EDGE('',*,*,#1575,.F.);
#700=ORIENTED_EDGE('',*,*,#1580,.T.);
#701=ORIENTED_EDGE('',*,*,#1581,.T.);
#702=ORIENTED_EDGE('',*,*,#1582,.F.);
#703=ORIENTED_EDGE('',*,*,#1583,.F.);
#704=ORIENTED_EDGE('',*,*,#1574,.F.);
#705=ORIENTED_EDGE('',*,*,#1544,.T.);
#706=ORIENTED_EDGE('',*,*,#1546,.T.);
#707=ORIENTED_EDGE('',*,*,#1584,.F.);
#708=ORIENTED_EDGE('',*,*,#1582,.T.);
#709=ORIENTED_EDGE('',*,*,#1585,.T.);
#710=ORIENTED_EDGE('',*,*,#1577,.F.);
#711=ORIENTED_EDGE('',*,*,#1586,.F.);
#712=ORIENTED_EDGE('',*,*,#1579,.T.);
#713=ORIENTED_EDGE('',*,*,#1587,.T.);
#714=ORIENTED_EDGE('',*,*,#1580,.F.);
#715=ORIENTED_EDGE('',*,*,#1588,.F.);
#716=ORIENTED_EDGE('',*,*,#1547,.F.);
#717=ORIENTED_EDGE('',*,*,#1542,.F.);
#718=ORIENTED_EDGE('',*,*,#1576,.F.);
#719=ORIENTED_EDGE('',*,*,#1572,.F.);
#720=ORIENTED_EDGE('',*,*,#1589,.T.);
#721=ORIENTED_EDGE('',*,*,#1590,.F.);
#722=ORIENTED_EDGE('',*,*,#1590,.T.);
#723=ORIENTED_EDGE('',*,*,#1534,.F.);
#724=ORIENTED_EDGE('',*,*,#1591,.T.);
#725=ORIENTED_EDGE('',*,*,#1592,.T.);
#726=ORIENTED_EDGE('',*,*,#1593,.T.);
#727=ORIENTED_EDGE('',*,*,#1594,.T.);
#728=ORIENTED_EDGE('',*,*,#1595,.T.);
#729=ORIENTED_EDGE('',*,*,#1596,.F.);
#730=ORIENTED_EDGE('',*,*,#1592,.F.);
#731=ORIENTED_EDGE('',*,*,#1597,.T.);
#732=ORIENTED_EDGE('',*,*,#1598,.F.);
#733=ORIENTED_EDGE('',*,*,#1599,.F.);
#734=ORIENTED_EDGE('',*,*,#1600,.T.);
#735=ORIENTED_EDGE('',*,*,#1591,.F.);
#736=ORIENTED_EDGE('',*,*,#1537,.F.);
#737=ORIENTED_EDGE('',*,*,#1539,.F.);
#738=ORIENTED_EDGE('',*,*,#1601,.F.);
#739=ORIENTED_EDGE('',*,*,#1598,.T.);
#740=ORIENTED_EDGE('',*,*,#1602,.T.);
#741=ORIENTED_EDGE('',*,*,#1594,.F.);
#742=ORIENTED_EDGE('',*,*,#1589,.F.);
#743=ORIENTED_EDGE('',*,*,#1596,.T.);
#744=ORIENTED_EDGE('',*,*,#1603,.T.);
#745=ORIENTED_EDGE('',*,*,#1600,.F.);
#746=ORIENTED_EDGE('',*,*,#1604,.F.);
#747=ORIENTED_EDGE('',*,*,#1540,.T.);
#748=ORIENTED_EDGE('',*,*,#1535,.T.);
#749=ORIENTED_EDGE('',*,*,#1593,.F.);
#750=ORIENTED_EDGE('',*,*,#1605,.F.);
#751=ORIENTED_EDGE('',*,*,#1606,.F.);
#752=ORIENTED_EDGE('',*,*,#1607,.F.);
#753=ORIENTED_EDGE('',*,*,#1606,.T.);
#754=ORIENTED_EDGE('',*,*,#1608,.F.);
#755=ORIENTED_EDGE('',*,*,#1530,.T.);
#756=ORIENTED_EDGE('',*,*,#1609,.F.);
#757=ORIENTED_EDGE('',*,*,#1610,.F.);
#758=ORIENTED_EDGE('',*,*,#1611,.F.);
#759=ORIENTED_EDGE('',*,*,#1612,.F.);
#760=ORIENTED_EDGE('',*,*,#1610,.T.);
#761=ORIENTED_EDGE('',*,*,#1613,.T.);
#762=ORIENTED_EDGE('',*,*,#1614,.F.);
#763=ORIENTED_EDGE('',*,*,#1615,.F.);
#764=ORIENTED_EDGE('',*,*,#1616,.T.);
#765=ORIENTED_EDGE('',*,*,#1617,.T.);
#766=ORIENTED_EDGE('',*,*,#1618,.F.);
#767=ORIENTED_EDGE('',*,*,#1613,.F.);
#768=ORIENTED_EDGE('',*,*,#1609,.T.);
#769=ORIENTED_EDGE('',*,*,#1529,.T.);
#770=ORIENTED_EDGE('',*,*,#1531,.T.);
#771=ORIENTED_EDGE('',*,*,#1619,.T.);
#772=ORIENTED_EDGE('',*,*,#1615,.T.);
#773=ORIENTED_EDGE('',*,*,#1620,.T.);
#774=ORIENTED_EDGE('',*,*,#1612,.T.);
#775=ORIENTED_EDGE('',*,*,#1621,.F.);
#776=ORIENTED_EDGE('',*,*,#1617,.F.);
#777=ORIENTED_EDGE('',*,*,#1622,.T.);
#778=ORIENTED_EDGE('',*,*,#1532,.F.);
#779=ORIENTED_EDGE('',*,*,#1527,.F.);
#780=ORIENTED_EDGE('',*,*,#1608,.T.);
#781=ORIENTED_EDGE('',*,*,#1607,.T.);
#782=ORIENTED_EDGE('',*,*,#1586,.T.);
#783=ORIENTED_EDGE('',*,*,#1623,.T.);
#784=ORIENTED_EDGE('',*,*,#1624,.T.);
#785=ORIENTED_EDGE('',*,*,#1625,.F.);
#786=ORIENTED_EDGE('',*,*,#1626,.T.);
#787=ORIENTED_EDGE('',*,*,#1624,.F.);
#788=ORIENTED_EDGE('',*,*,#1627,.F.);
#789=ORIENTED_EDGE('',*,*,#1625,.T.);
#790=ORIENTED_EDGE('',*,*,#1628,.T.);
#791=ORIENTED_EDGE('',*,*,#1629,.F.);
#792=ORIENTED_EDGE('',*,*,#1630,.T.);
#793=ORIENTED_EDGE('',*,*,#1628,.F.);
#794=ORIENTED_EDGE('',*,*,#1631,.F.);
#795=ORIENTED_EDGE('',*,*,#1632,.T.);
#796=ORIENTED_EDGE('',*,*,#1633,.F.);
#797=ORIENTED_EDGE('',*,*,#1629,.T.);
#798=ORIENTED_EDGE('',*,*,#1602,.F.);
#799=ORIENTED_EDGE('',*,*,#1597,.F.);
#800=ORIENTED_EDGE('',*,*,#1603,.F.);
#801=ORIENTED_EDGE('',*,*,#1595,.F.);
#802=ORIENTED_EDGE('',*,*,#1634,.F.);
#803=ORIENTED_EDGE('',*,*,#1632,.F.);
#804=ORIENTED_EDGE('',*,*,#1635,.F.);
#805=ORIENTED_EDGE('',*,*,#1636,.T.);
#806=ORIENTED_EDGE('',*,*,#1637,.F.);
#807=ORIENTED_EDGE('',*,*,#1638,.T.);
#808=ORIENTED_EDGE('',*,*,#1633,.T.);
#809=ORIENTED_EDGE('',*,*,#1639,.F.);
#810=ORIENTED_EDGE('',*,*,#1640,.F.);
#811=ORIENTED_EDGE('',*,*,#1623,.F.);
#812=ORIENTED_EDGE('',*,*,#1641,.F.);
#813=ORIENTED_EDGE('',*,*,#1585,.F.);
#814=ORIENTED_EDGE('',*,*,#1581,.F.);
#815=ORIENTED_EDGE('',*,*,#1587,.F.);
#816=ORIENTED_EDGE('',*,*,#1578,.F.);
#817=ORIENTED_EDGE('',*,*,#1641,.T.);
#818=ORIENTED_EDGE('',*,*,#1642,.F.);
#819=ORIENTED_EDGE('',*,*,#1643,.T.);
#820=ORIENTED_EDGE('',*,*,#1644,.F.);
#821=ORIENTED_EDGE('',*,*,#1645,.F.);
#822=ORIENTED_EDGE('',*,*,#1646,.F.);
#823=ORIENTED_EDGE('',*,*,#1647,.T.);
#824=ORIENTED_EDGE('',*,*,#1648,.F.);
#825=ORIENTED_EDGE('',*,*,#1631,.T.);
#826=ORIENTED_EDGE('',*,*,#1649,.F.);
#827=ORIENTED_EDGE('',*,*,#1650,.F.);
#828=ORIENTED_EDGE('',*,*,#1651,.T.);
#829=ORIENTED_EDGE('',*,*,#1652,.T.);
#830=ORIENTED_EDGE('',*,*,#1653,.F.);
#831=ORIENTED_EDGE('',*,*,#1654,.F.);
#832=ORIENTED_EDGE('',*,*,#1655,.F.);
#833=ORIENTED_EDGE('',*,*,#1656,.T.);
#834=ORIENTED_EDGE('',*,*,#1657,.F.);
#835=ORIENTED_EDGE('',*,*,#1658,.F.);
#836=ORIENTED_EDGE('',*,*,#1659,.F.);
#837=ORIENTED_EDGE('',*,*,#1379,.F.);
#838=ORIENTED_EDGE('',*,*,#1660,.T.);
#839=ORIENTED_EDGE('',*,*,#1650,.T.);
#840=ORIENTED_EDGE('',*,*,#1661,.F.);
#841=ORIENTED_EDGE('',*,*,#1662,.F.);
#842=ORIENTED_EDGE('',*,*,#1663,.F.);
#843=ORIENTED_EDGE('',*,*,#1664,.F.);
#844=ORIENTED_EDGE('',*,*,#1665,.F.);
#845=ORIENTED_EDGE('',*,*,#1666,.F.);
#846=ORIENTED_EDGE('',*,*,#1665,.T.);
#847=ORIENTED_EDGE('',*,*,#1667,.T.);
#848=ORIENTED_EDGE('',*,*,#1668,.T.);
#849=ORIENTED_EDGE('',*,*,#1669,.F.);
#850=ORIENTED_EDGE('',*,*,#1662,.T.);
#851=ORIENTED_EDGE('',*,*,#1666,.T.);
#852=ORIENTED_EDGE('',*,*,#1670,.T.);
#853=ORIENTED_EDGE('',*,*,#1671,.F.);
#854=ORIENTED_EDGE('',*,*,#1663,.T.);
#855=ORIENTED_EDGE('',*,*,#1669,.T.);
#856=ORIENTED_EDGE('',*,*,#1672,.T.);
#857=ORIENTED_EDGE('',*,*,#1515,.T.);
#858=ORIENTED_EDGE('',*,*,#1673,.T.);
#859=ORIENTED_EDGE('',*,*,#1674,.F.);
#860=ORIENTED_EDGE('',*,*,#1675,.F.);
#861=ORIENTED_EDGE('',*,*,#1517,.T.);
#862=ORIENTED_EDGE('',*,*,#1676,.F.);
#863=ORIENTED_EDGE('',*,*,#1677,.T.);
#864=ORIENTED_EDGE('',*,*,#1678,.T.);
#865=ORIENTED_EDGE('',*,*,#1389,.F.);
#866=ORIENTED_EDGE('',*,*,#1679,.T.);
#867=ORIENTED_EDGE('',*,*,#1677,.F.);
#868=ORIENTED_EDGE('',*,*,#1680,.F.);
#869=ORIENTED_EDGE('',*,*,#1674,.T.);
#870=ORIENTED_EDGE('',*,*,#1681,.T.);
#871=ORIENTED_EDGE('',*,*,#1411,.F.);
#872=ORIENTED_EDGE('',*,*,#1682,.T.);
#873=ORIENTED_EDGE('',*,*,#1400,.F.);
#874=ORIENTED_EDGE('',*,*,#1683,.T.);
#875=ORIENTED_EDGE('',*,*,#1516,.T.);
#876=ORIENTED_EDGE('',*,*,#1675,.T.);
#877=ORIENTED_EDGE('',*,*,#1680,.T.);
#878=ORIENTED_EDGE('',*,*,#1676,.T.);
#879=ORIENTED_EDGE('',*,*,#1636,.F.);
#880=ORIENTED_EDGE('',*,*,#1684,.F.);
#881=ORIENTED_EDGE('',*,*,#1647,.F.);
#882=ORIENTED_EDGE('',*,*,#1685,.T.);
#883=ORIENTED_EDGE('',*,*,#1686,.F.);
#884=ORIENTED_EDGE('',*,*,#1687,.F.);
#885=ORIENTED_EDGE('',*,*,#1688,.T.);
#886=ORIENTED_EDGE('',*,*,#1689,.T.);
#887=ORIENTED_EDGE('',*,*,#1690,.F.);
#888=ORIENTED_EDGE('',*,*,#1405,.F.);
#889=ORIENTED_EDGE('',*,*,#1691,.T.);
#890=ORIENTED_EDGE('',*,*,#1687,.T.);
#891=ORIENTED_EDGE('',*,*,#1692,.T.);
#892=ORIENTED_EDGE('',*,*,#1693,.F.);
#893=ORIENTED_EDGE('',*,*,#1694,.F.);
#894=ORIENTED_EDGE('',*,*,#1695,.T.);
#895=ORIENTED_EDGE('',*,*,#1413,.F.);
#896=ORIENTED_EDGE('',*,*,#1696,.T.);
#897=ORIENTED_EDGE('',*,*,#1695,.F.);
#898=ORIENTED_EDGE('',*,*,#1697,.F.);
#899=ORIENTED_EDGE('',*,*,#1698,.T.);
#900=ORIENTED_EDGE('',*,*,#1699,.F.);
#901=ORIENTED_EDGE('',*,*,#1700,.F.);
#902=ORIENTED_EDGE('',*,*,#1701,.T.);
#903=ORIENTED_EDGE('',*,*,#1702,.F.);
#904=ORIENTED_EDGE('',*,*,#1645,.T.);
#905=ORIENTED_EDGE('',*,*,#1703,.T.);
#906=ORIENTED_EDGE('',*,*,#1701,.F.);
#907=ORIENTED_EDGE('',*,*,#1314,.T.);
#908=ORIENTED_EDGE('',*,*,#1347,.T.);
#909=ORIENTED_EDGE('',*,*,#1309,.T.);
#910=ORIENTED_EDGE('',*,*,#1704,.F.);
#911=ORIENTED_EDGE('',*,*,#1304,.T.);
#912=ORIENTED_EDGE('',*,*,#1344,.T.);
#913=ORIENTED_EDGE('',*,*,#1306,.T.);
#914=ORIENTED_EDGE('',*,*,#1705,.F.);
#915=ORIENTED_EDGE('',*,*,#1706,.F.);
#916=ORIENTED_EDGE('',*,*,#1325,.F.);
#917=ORIENTED_EDGE('',*,*,#1707,.F.);
#918=ORIENTED_EDGE('',*,*,#1330,.F.);
#919=ORIENTED_EDGE('',*,*,#1455,.T.);
#920=ORIENTED_EDGE('',*,*,#1450,.T.);
#921=ORIENTED_EDGE('',*,*,#1518,.F.);
#922=ORIENTED_EDGE('',*,*,#1490,.T.);
#923=ORIENTED_EDGE('',*,*,#1484,.T.);
#924=ORIENTED_EDGE('',*,*,#1476,.T.);
#925=ORIENTED_EDGE('',*,*,#1468,.T.);
#926=ORIENTED_EDGE('',*,*,#1460,.T.);
#927=ORIENTED_EDGE('',*,*,#1459,.T.);
#928=ORIENTED_EDGE('',*,*,#1470,.T.);
#929=ORIENTED_EDGE('',*,*,#1708,.F.);
#930=ORIENTED_EDGE('',*,*,#1463,.T.);
#931=ORIENTED_EDGE('',*,*,#1523,.F.);
#932=ORIENTED_EDGE('',*,*,#1454,.T.);
#933=ORIENTED_EDGE('',*,*,#1462,.T.);
#934=ORIENTED_EDGE('',*,*,#1709,.F.);
#935=ORIENTED_EDGE('',*,*,#1667,.F.);
#936=ORIENTED_EDGE('',*,*,#1664,.T.);
#937=ORIENTED_EDGE('',*,*,#1671,.T.);
#938=ORIENTED_EDGE('',*,*,#1710,.F.);
#939=ORIENTED_EDGE('',*,*,#1711,.F.);
#940=ORIENTED_EDGE('',*,*,#1479,.T.);
#941=ORIENTED_EDGE('',*,*,#1475,.T.);
#942=ORIENTED_EDGE('',*,*,#1486,.T.);
#943=ORIENTED_EDGE('',*,*,#1467,.T.);
#944=ORIENTED_EDGE('',*,*,#1478,.T.);
#945=ORIENTED_EDGE('',*,*,#1712,.F.);
#946=ORIENTED_EDGE('',*,*,#1643,.F.);
#947=ORIENTED_EDGE('',*,*,#1713,.F.);
#948=ORIENTED_EDGE('',*,*,#1652,.F.);
#949=ORIENTED_EDGE('',*,*,#1714,.F.);
#950=ORIENTED_EDGE('',*,*,#1471,.T.);
#951=ORIENTED_EDGE('',*,*,#1348,.F.);
#952=ORIENTED_EDGE('',*,*,#1326,.T.);
#953=ORIENTED_EDGE('',*,*,#1706,.T.);
#954=ORIENTED_EDGE('',*,*,#1329,.F.);
#955=ORIENTED_EDGE('',*,*,#1350,.F.);
#956=ORIENTED_EDGE('',*,*,#1705,.T.);
#957=ORIENTED_EDGE('',*,*,#1351,.T.);
#958=ORIENTED_EDGE('',*,*,#1331,.T.);
#959=ORIENTED_EDGE('',*,*,#1707,.T.);
#960=ORIENTED_EDGE('',*,*,#1324,.F.);
#961=ORIENTED_EDGE('',*,*,#1349,.T.);
#962=ORIENTED_EDGE('',*,*,#1704,.T.);
#963=ORIENTED_EDGE('',*,*,#1684,.T.);
#964=ORIENTED_EDGE('',*,*,#1635,.T.);
#965=ORIENTED_EDGE('',*,*,#1648,.T.);
#966=ORIENTED_EDGE('',*,*,#1715,.F.);
#967=ORIENTED_EDGE('',*,*,#1716,.F.);
#968=ORIENTED_EDGE('',*,*,#1689,.F.);
#969=ORIENTED_EDGE('',*,*,#1717,.T.);
#970=ORIENTED_EDGE('',*,*,#1718,.T.);
#971=ORIENTED_EDGE('',*,*,#1658,.T.);
#972=ORIENTED_EDGE('',*,*,#1719,.F.);
#973=ORIENTED_EDGE('',*,*,#1693,.T.);
#974=ORIENTED_EDGE('',*,*,#1638,.F.);
#975=ORIENTED_EDGE('',*,*,#1720,.T.);
#976=ORIENTED_EDGE('',*,*,#1721,.T.);
#977=ORIENTED_EDGE('',*,*,#1722,.F.);
#978=ORIENTED_EDGE('',*,*,#1723,.F.);
#979=ORIENTED_EDGE('',*,*,#1724,.T.);
#980=ORIENTED_EDGE('',*,*,#1656,.F.);
#981=ORIENTED_EDGE('',*,*,#1725,.F.);
#982=ORIENTED_EDGE('',*,*,#1639,.T.);
#983=ORIENTED_EDGE('',*,*,#1620,.F.);
#984=ORIENTED_EDGE('',*,*,#1640,.T.);
#985=ORIENTED_EDGE('',*,*,#1726,.F.);
#986=ORIENTED_EDGE('',*,*,#1621,.T.);
#987=ORIENTED_EDGE('',*,*,#1611,.T.);
#988=ORIENTED_EDGE('',*,*,#1618,.T.);
#989=ORIENTED_EDGE('',*,*,#1614,.T.);
#990=ORIENTED_EDGE('',*,*,#1605,.T.);
#991=ORIENTED_EDGE('',*,*,#1630,.F.);
#992=ORIENTED_EDGE('',*,*,#1626,.F.);
#993=ORIENTED_EDGE('',*,*,#1571,.F.);
#994=ORIENTED_EDGE('',*,*,#1727,.F.);
#995=ORIENTED_EDGE('',*,*,#1715,.T.);
#996=ORIENTED_EDGE('',*,*,#1728,.F.);
#997=ORIENTED_EDGE('',*,*,#1723,.T.);
#998=ORIENTED_EDGE('',*,*,#1627,.T.);
#999=ORIENTED_EDGE('',*,*,#1569,.T.);
#1000=ORIENTED_EDGE('',*,*,#1564,.T.);
#1001=ORIENTED_EDGE('',*,*,#1567,.T.);
#1002=ORIENTED_EDGE('',*,*,#1560,.T.);
#1003=ORIENTED_EDGE('',*,*,#1552,.F.);
#1004=ORIENTED_EDGE('',*,*,#1568,.F.);
#1005=ORIENTED_EDGE('',*,*,#1566,.F.);
#1006=ORIENTED_EDGE('',*,*,#1570,.F.);
#1007=ORIENTED_EDGE('',*,*,#1545,.F.);
#1008=ORIENTED_EDGE('',*,*,#1588,.T.);
#1009=ORIENTED_EDGE('',*,*,#1583,.T.);
#1010=ORIENTED_EDGE('',*,*,#1584,.T.);
#1011=ORIENTED_EDGE('',*,*,#1538,.F.);
#1012=ORIENTED_EDGE('',*,*,#1604,.T.);
#1013=ORIENTED_EDGE('',*,*,#1599,.T.);
#1014=ORIENTED_EDGE('',*,*,#1601,.T.);
#1015=ORIENTED_EDGE('',*,*,#1619,.F.);
#1016=ORIENTED_EDGE('',*,*,#1533,.T.);
#1017=ORIENTED_EDGE('',*,*,#1622,.F.);
#1018=ORIENTED_EDGE('',*,*,#1616,.F.);
#1019=ORIENTED_EDGE('',*,*,#1487,.T.);
#1020=ORIENTED_EDGE('',*,*,#1483,.T.);
#1021=ORIENTED_EDGE('',*,*,#1525,.F.);
#1022=ORIENTED_EDGE('',*,*,#1729,.F.);
#1023=ORIENTED_EDGE('',*,*,#1730,.T.);
#1024=ORIENTED_EDGE('',*,*,#1428,.T.);
#1025=ORIENTED_EDGE('',*,*,#1419,.T.);
#1026=ORIENTED_EDGE('',*,*,#1427,.T.);
#1027=ORIENTED_EDGE('',*,*,#1731,.T.);
#1028=ORIENTED_EDGE('',*,*,#1445,.T.);
#1029=ORIENTED_EDGE('',*,*,#1436,.T.);
#1030=ORIENTED_EDGE('',*,*,#1444,.T.);
#1031=ORIENTED_EDGE('',*,*,#1732,.T.);
#1032=ORIENTED_EDGE('',*,*,#1733,.T.);
#1033=ORIENTED_EDGE('',*,*,#1734,.F.);
#1034=ORIENTED_EDGE('',*,*,#1721,.F.);
#1035=ORIENTED_EDGE('',*,*,#1735,.F.);
#1036=ORIENTED_EDGE('',*,*,#1394,.F.);
#1037=ORIENTED_EDGE('',*,*,#1736,.T.);
#1038=ORIENTED_EDGE('',*,*,#1407,.F.);
#1039=ORIENTED_EDGE('',*,*,#1737,.F.);
#1040=ORIENTED_EDGE('',*,*,#1383,.F.);
#1041=ORIENTED_EDGE('',*,*,#1738,.T.);
#1042=ORIENTED_EDGE('',*,*,#1396,.F.);
#1043=ORIENTED_EDGE('',*,*,#1739,.T.);
#1044=ORIENTED_EDGE('',*,*,#1385,.F.);
#1045=ORIENTED_EDGE('',*,*,#1740,.F.);
#1046=ORIENTED_EDGE('',*,*,#1733,.F.);
#1047=ORIENTED_EDGE('',*,*,#1402,.F.);
#1048=ORIENTED_EDGE('',*,*,#1741,.T.);
#1049=ORIENTED_EDGE('',*,*,#1409,.F.);
#1050=ORIENTED_EDGE('',*,*,#1742,.F.);
#1051=ORIENTED_EDGE('',*,*,#1391,.F.);
#1052=ORIENTED_EDGE('',*,*,#1743,.T.);
#1053=ORIENTED_EDGE('',*,*,#1398,.F.);
#1054=ORIENTED_EDGE('',*,*,#1744,.F.);
#1055=ORIENTED_EDGE('',*,*,#1387,.F.);
#1056=ORIENTED_EDGE('',*,*,#1745,.F.);
#1057=ORIENTED_EDGE('',*,*,#1699,.T.);
#1058=ORIENTED_EDGE('',*,*,#1746,.T.);
#1059=ORIENTED_EDGE('',*,*,#1642,.T.);
#1060=ORIENTED_EDGE('',*,*,#1412,.F.);
#1061=ORIENTED_EDGE('',*,*,#1681,.F.);
#1062=ORIENTED_EDGE('',*,*,#1673,.F.);
#1063=ORIENTED_EDGE('',*,*,#1514,.F.);
#1064=ORIENTED_EDGE('',*,*,#1509,.F.);
#1065=ORIENTED_EDGE('',*,*,#1501,.F.);
#1066=ORIENTED_EDGE('',*,*,#1498,.T.);
#1067=ORIENTED_EDGE('',*,*,#1520,.F.);
#1068=ORIENTED_EDGE('',*,*,#1524,.T.);
#1069=ORIENTED_EDGE('',*,*,#1710,.T.);
#1070=ORIENTED_EDGE('',*,*,#1672,.F.);
#1071=ORIENTED_EDGE('',*,*,#1670,.F.);
#1072=ORIENTED_EDGE('',*,*,#1668,.F.);
#1073=ORIENTED_EDGE('',*,*,#1709,.T.);
#1074=ORIENTED_EDGE('',*,*,#1461,.T.);
#1075=ORIENTED_EDGE('',*,*,#1708,.T.);
#1076=ORIENTED_EDGE('',*,*,#1469,.T.);
#1077=ORIENTED_EDGE('',*,*,#1714,.T.);
#1078=ORIENTED_EDGE('',*,*,#1659,.T.);
#1079=ORIENTED_EDGE('',*,*,#1718,.F.);
#1080=ORIENTED_EDGE('',*,*,#1692,.F.);
#1081=ORIENTED_EDGE('',*,*,#1696,.F.);
#1082=ORIENTED_EDGE('',*,*,#1401,.F.);
#1083=ORIENTED_EDGE('',*,*,#1682,.F.);
#1084=ORIENTED_EDGE('',*,*,#1410,.F.);
#1085=ORIENTED_EDGE('',*,*,#1741,.F.);
#1086=ORIENTED_EDGE('',*,*,#1726,.T.);
#1087=ORIENTED_EDGE('',*,*,#1388,.F.);
#1088=ORIENTED_EDGE('',*,*,#1746,.F.);
#1089=ORIENTED_EDGE('',*,*,#1698,.F.);
#1090=ORIENTED_EDGE('',*,*,#1703,.F.);
#1091=ORIENTED_EDGE('',*,*,#1644,.T.);
#1092=ORIENTED_EDGE('',*,*,#1712,.T.);
#1093=ORIENTED_EDGE('',*,*,#1477,.T.);
#1094=ORIENTED_EDGE('',*,*,#1711,.T.);
#1095=ORIENTED_EDGE('',*,*,#1485,.T.);
#1096=ORIENTED_EDGE('',*,*,#1729,.T.);
#1097=ORIENTED_EDGE('',*,*,#1526,.F.);
#1098=ORIENTED_EDGE('',*,*,#1521,.F.);
#1099=ORIENTED_EDGE('',*,*,#1492,.F.);
#1100=ORIENTED_EDGE('',*,*,#1505,.F.);
#1101=ORIENTED_EDGE('',*,*,#1507,.F.);
#1102=ORIENTED_EDGE('',*,*,#1513,.F.);
#1103=ORIENTED_EDGE('',*,*,#1678,.F.);
#1104=ORIENTED_EDGE('',*,*,#1679,.F.);
#1105=ORIENTED_EDGE('',*,*,#1390,.F.);
#1106=ORIENTED_EDGE('',*,*,#1683,.F.);
#1107=ORIENTED_EDGE('',*,*,#1399,.F.);
#1108=ORIENTED_EDGE('',*,*,#1743,.F.);
#1109=ORIENTED_EDGE('',*,*,#1404,.F.);
#1110=ORIENTED_EDGE('',*,*,#1697,.T.);
#1111=ORIENTED_EDGE('',*,*,#1694,.T.);
#1112=ORIENTED_EDGE('',*,*,#1719,.T.);
#1113=ORIENTED_EDGE('',*,*,#1657,.T.);
#1114=ORIENTED_EDGE('',*,*,#1724,.F.);
#1115=ORIENTED_EDGE('',*,*,#1728,.T.);
#1116=ORIENTED_EDGE('',*,*,#1717,.F.);
#1117=ORIENTED_EDGE('',*,*,#1688,.F.);
#1118=ORIENTED_EDGE('',*,*,#1691,.F.);
#1119=ORIENTED_EDGE('',*,*,#1393,.F.);
#1120=ORIENTED_EDGE('',*,*,#1742,.T.);
#1121=ORIENTED_EDGE('',*,*,#1408,.F.);
#1122=ORIENTED_EDGE('',*,*,#1736,.F.);
#1123=ORIENTED_EDGE('',*,*,#1386,.F.);
#1124=ORIENTED_EDGE('',*,*,#1739,.F.);
#1125=ORIENTED_EDGE('',*,*,#1732,.F.);
#1126=ORIENTED_EDGE('',*,*,#1443,.F.);
#1127=ORIENTED_EDGE('',*,*,#1448,.F.);
#1128=ORIENTED_EDGE('',*,*,#1446,.F.);
#1129=ORIENTED_EDGE('',*,*,#1731,.F.);
#1130=ORIENTED_EDGE('',*,*,#1426,.F.);
#1131=ORIENTED_EDGE('',*,*,#1431,.F.);
#1132=ORIENTED_EDGE('',*,*,#1429,.F.);
#1133=ORIENTED_EDGE('',*,*,#1730,.F.);
#1134=ORIENTED_EDGE('',*,*,#1720,.F.);
#1135=ORIENTED_EDGE('',*,*,#1637,.T.);
#1136=ORIENTED_EDGE('',*,*,#1685,.F.);
#1137=ORIENTED_EDGE('',*,*,#1646,.T.);
#1138=ORIENTED_EDGE('',*,*,#1702,.T.);
#1139=ORIENTED_EDGE('',*,*,#1700,.T.);
#1140=ORIENTED_EDGE('',*,*,#1745,.T.);
#1141=ORIENTED_EDGE('',*,*,#1382,.F.);
#1142=ORIENTED_EDGE('',*,*,#1744,.T.);
#1143=ORIENTED_EDGE('',*,*,#1397,.F.);
#1144=ORIENTED_EDGE('',*,*,#1738,.F.);
#1145=ORIENTED_EDGE('',*,*,#1368,.F.);
#1146=ORIENTED_EDGE('',*,*,#1361,.F.);
#1147=ORIENTED_EDGE('',*,*,#1367,.F.);
#1148=ORIENTED_EDGE('',*,*,#1747,.F.);
#1149=ORIENTED_EDGE('',*,*,#1358,.F.);
#1150=ORIENTED_EDGE('',*,*,#1381,.F.);
#1151=ORIENTED_EDGE('',*,*,#1356,.F.);
#1152=ORIENTED_EDGE('',*,*,#1748,.F.);
#1153=ORIENTED_EDGE('',*,*,#1653,.T.);
#1154=ORIENTED_EDGE('',*,*,#1713,.T.);
#1155=ORIENTED_EDGE('',*,*,#1651,.F.);
#1156=ORIENTED_EDGE('',*,*,#1660,.F.);
#1157=ORIENTED_EDGE('',*,*,#1378,.F.);
#1158=ORIENTED_EDGE('',*,*,#1371,.F.);
#1159=ORIENTED_EDGE('',*,*,#1377,.F.);
#1160=ORIENTED_EDGE('',*,*,#1749,.F.);
#1161=ORIENTED_EDGE('',*,*,#1355,.F.);
#1162=ORIENTED_EDGE('',*,*,#1750,.F.);
#1163=ORIENTED_EDGE('',*,*,#1654,.T.);
#1164=ORIENTED_EDGE('',*,*,#1748,.T.);
#1165=ORIENTED_EDGE('',*,*,#1369,.F.);
#1166=ORIENTED_EDGE('',*,*,#1749,.T.);
#1167=ORIENTED_EDGE('',*,*,#1376,.F.);
#1168=ORIENTED_EDGE('',*,*,#1751,.F.);
#1169=ORIENTED_EDGE('',*,*,#1366,.F.);
#1170=ORIENTED_EDGE('',*,*,#1752,.F.);
#1171=ORIENTED_EDGE('',*,*,#1359,.F.);
#1172=ORIENTED_EDGE('',*,*,#1747,.T.);
#1173=ORIENTED_EDGE('',*,*,#1337,.F.);
#1174=ORIENTED_EDGE('',*,*,#1261,.F.);
#1175=ORIENTED_EDGE('',*,*,#1353,.T.);
#1176=ORIENTED_EDGE('',*,*,#1360,.F.);
#1177=ORIENTED_EDGE('',*,*,#1752,.T.);
#1178=ORIENTED_EDGE('',*,*,#1365,.F.);
#1179=ORIENTED_EDGE('',*,*,#1370,.T.);
#1180=ORIENTED_EDGE('',*,*,#1363,.F.);
#1181=ORIENTED_EDGE('',*,*,#1751,.T.);
#1182=ORIENTED_EDGE('',*,*,#1375,.F.);
#1183=ORIENTED_EDGE('',*,*,#1380,.T.);
#1184=ORIENTED_EDGE('',*,*,#1373,.F.);
#1185=ORIENTED_EDGE('',*,*,#1661,.T.);
#1186=ORIENTED_EDGE('',*,*,#1649,.T.);
#1187=ORIENTED_EDGE('',*,*,#1634,.T.);
#1188=ORIENTED_EDGE('',*,*,#1722,.T.);
#1189=ORIENTED_EDGE('',*,*,#1734,.T.);
#1190=ORIENTED_EDGE('',*,*,#1740,.T.);
#1191=ORIENTED_EDGE('',*,*,#1392,.T.);
#1192=ORIENTED_EDGE('',*,*,#1737,.T.);
#1193=ORIENTED_EDGE('',*,*,#1403,.T.);
#1194=ORIENTED_EDGE('',*,*,#1735,.T.);
#1195=ORIENTED_EDGE('',*,*,#1414,.T.);
#1196=ORIENTED_EDGE('',*,*,#1690,.T.);
#1197=ORIENTED_EDGE('',*,*,#1686,.T.);
#1198=ORIENTED_EDGE('',*,*,#1716,.T.);
#1199=ORIENTED_EDGE('',*,*,#1727,.T.);
#1200=ORIENTED_EDGE('',*,*,#1725,.T.);
#1201=ORIENTED_EDGE('',*,*,#1655,.T.);
#1202=ORIENTED_EDGE('',*,*,#1750,.T.);
#1203=ORIENTED_EDGE('',*,*,#1354,.F.);
#1204=ORIENTED_EDGE('',*,*,#1342,.F.);
#1205=ORIENTED_EDGE('',*,*,#1339,.F.);
#1206=ORIENTED_EDGE('',*,*,#1336,.F.);
#1207=ORIENTED_EDGE('',*,*,#1335,.F.);
#1208=ORIENTED_EDGE('',*,*,#1334,.F.);
#1209=ORIENTED_EDGE('',*,*,#1333,.F.);
#1210=EDGE_CURVE('',#1753,#1754,#2115,.T.);
#1211=EDGE_CURVE('',#1753,#1755,#2116,.T.);
#1212=EDGE_CURVE('',#1756,#1755,#2117,.T.);
#1213=EDGE_CURVE('',#1757,#1756,#2118,.T.);
#1214=EDGE_CURVE('',#1757,#1758,#2119,.T.);
#1215=EDGE_CURVE('',#1758,#1759,#2120,.T.);
#1216=EDGE_CURVE('',#1759,#1760,#2121,.T.);
#1217=EDGE_CURVE('',#1760,#1754,#2122,.T.);
#1218=EDGE_CURVE('',#1761,#1753,#2123,.T.);
#1219=EDGE_CURVE('',#1762,#1761,#2124,.T.);
#1220=EDGE_CURVE('',#1755,#1762,#2125,.T.);
#1221=EDGE_CURVE('',#1763,#1764,#2126,.T.);
#1222=EDGE_CURVE('',#1764,#1765,#2127,.T.);
#1223=EDGE_CURVE('',#1766,#1765,#2128,.T.);
#1224=EDGE_CURVE('',#1763,#1766,#2129,.T.);
#1225=EDGE_CURVE('',#1767,#1768,#2130,.T.);
#1226=EDGE_CURVE('',#1764,#1767,#2131,.T.);
#1227=EDGE_CURVE('',#1756,#1763,#2132,.T.);
#1228=EDGE_CURVE('',#1769,#1762,#2133,.T.);
#1229=EDGE_CURVE('',#1768,#1769,#2134,.T.);
#1230=EDGE_CURVE('',#1770,#1771,#2135,.T.);
#1231=EDGE_CURVE('',#1770,#1769,#2136,.T.);
#1232=EDGE_CURVE('',#1761,#1771,#2137,.T.);
#1233=EDGE_CURVE('',#1772,#1765,#2138,.T.);
#1234=EDGE_CURVE('',#1773,#1772,#2139,.T.);
#1235=EDGE_CURVE('',#1770,#1773,#2140,.T.);
#1236=EDGE_CURVE('',#1771,#1758,#2141,.T.);
#1237=EDGE_CURVE('',#1766,#1757,#2142,.T.);
#1238=EDGE_CURVE('',#1768,#1773,#2143,.T.);
#1239=EDGE_CURVE('',#1767,#1772,#2144,.T.);
#1240=EDGE_CURVE('',#1774,#1760,#2145,.T.);
#1241=EDGE_CURVE('',#1775,#1774,#2146,.T.);
#1242=EDGE_CURVE('',#1775,#1754,#2147,.T.);
#1243=EDGE_CURVE('',#1776,#1776,#44,.F.);
#1244=EDGE_CURVE('',#1777,#1777,#45,.F.);
#1245=EDGE_CURVE('',#1778,#1761,#2148,.T.);
#1246=EDGE_CURVE('',#1779,#1778,#2149,.T.);
#1247=EDGE_CURVE('',#1780,#1779,#2150,.T.);
#1248=EDGE_CURVE('',#1781,#1780,#2151,.T.);
#1249=EDGE_CURVE('',#1781,#1782,#2152,.T.);
#1250=EDGE_CURVE('',#1782,#1783,#2153,.T.);
#1251=EDGE_CURVE('',#1783,#1784,#2154,.T.);
#1252=EDGE_CURVE('',#1785,#1784,#2155,.T.);
#1253=EDGE_CURVE('',#1785,#1786,#2156,.T.);
#1254=EDGE_CURVE('',#1786,#1787,#2157,.T.);
#1255=EDGE_CURVE('',#1787,#1788,#2158,.T.);
#1256=EDGE_CURVE('',#1788,#1789,#2159,.T.);
#1257=EDGE_CURVE('',#1789,#1790,#2160,.F.);
#1258=EDGE_CURVE('',#1791,#1790,#2161,.T.);
#1259=EDGE_CURVE('',#1791,#1759,#2162,.T.);
#1260=EDGE_CURVE('',#1775,#1792,#2163,.T.);
#1261=EDGE_CURVE('',#1792,#1793,#2164,.T.);
#1262=EDGE_CURVE('',#1794,#1793,#2165,.T.);
#1263=EDGE_CURVE('',#1795,#1794,#2166,.T.);
#1264=EDGE_CURVE('',#1795,#1796,#2167,.T.);
#1265=EDGE_CURVE('',#1796,#1778,#2168,.T.);
#1266=EDGE_CURVE('',#1774,#1791,#2169,.T.);
#1267=EDGE_CURVE('',#1795,#1797,#2170,.T.);
#1268=EDGE_CURVE('',#1797,#1781,#2171,.T.);
#1269=EDGE_CURVE('',#1798,#1780,#2172,.T.);
#1270=EDGE_CURVE('',#1799,#1798,#2173,.T.);
#1271=EDGE_CURVE('',#1799,#1800,#2174,.T.);
#1272=EDGE_CURVE('',#1800,#1796,#2175,.T.);
#1273=EDGE_CURVE('',#1801,#1800,#2176,.T.);
#1274=EDGE_CURVE('',#1778,#1801,#2177,.T.);
#1275=EDGE_CURVE('',#1802,#1801,#2178,.T.);
#1276=EDGE_CURVE('',#1802,#1803,#2179,.T.);
#1277=EDGE_CURVE('',#1803,#1779,#2180,.T.);
#1278=EDGE_CURVE('',#1804,#1805,#2181,.T.);
#1279=EDGE_CURVE('',#1806,#1805,#2182,.T.);
#1280=EDGE_CURVE('',#1807,#1806,#2183,.T.);
#1281=EDGE_CURVE('',#1804,#1807,#2184,.T.);
#1282=EDGE_CURVE('',#1808,#1809,#2185,.T.);
#1283=EDGE_CURVE('',#1802,#1808,#2186,.T.);
#1284=EDGE_CURVE('',#1807,#1799,#2187,.T.);
#1285=EDGE_CURVE('',#1809,#1806,#2188,.T.);
#1286=EDGE_CURVE('',#1810,#1803,#2189,.T.);
#1287=EDGE_CURVE('',#1811,#1810,#2190,.T.);
#1288=EDGE_CURVE('',#1805,#1811,#2191,.T.);
#1289=EDGE_CURVE('',#1798,#1804,#2192,.T.);
#1290=EDGE_CURVE('',#1808,#1810,#2193,.T.);
#1291=EDGE_CURVE('',#1809,#1811,#2194,.T.);
#1292=EDGE_CURVE('',#1794,#1812,#2195,.T.);
#1293=EDGE_CURVE('',#1812,#1813,#2196,.T.);
#1294=EDGE_CURVE('',#1813,#1814,#2197,.T.);
#1295=EDGE_CURVE('',#1814,#1815,#2198,.F.);
#1296=EDGE_CURVE('',#1816,#1815,#2199,.T.);
#1297=EDGE_CURVE('',#1817,#1816,#2200,.T.);
#1298=EDGE_CURVE('',#1818,#1817,#2201,.T.);
#1299=EDGE_CURVE('',#1797,#1818,#2202,.T.);
#1300=EDGE_CURVE('',#1818,#1782,#2203,.T.);
#1301=EDGE_CURVE('',#1819,#1820,#2204,.T.);
#1302=EDGE_CURVE('',#1821,#1819,#2205,.T.);
#1303=EDGE_CURVE('',#1822,#1821,#2206,.T.);
#1304=EDGE_CURVE('',#1820,#1822,#2207,.T.);
#1305=EDGE_CURVE('',#1823,#1787,#2208,.T.);
#1306=EDGE_CURVE('',#1824,#1823,#2209,.T.);
#1307=EDGE_CURVE('',#1824,#1788,#2210,.T.);
#1308=EDGE_CURVE('',#1825,#1826,#2211,.T.);
#1309=EDGE_CURVE('',#1827,#1825,#2212,.T.);
#1310=EDGE_CURVE('',#1827,#1828,#2213,.T.);
#1311=EDGE_CURVE('',#1826,#1828,#2214,.T.);
#1312=EDGE_CURVE('',#1784,#1829,#2215,.T.);
#1313=EDGE_CURVE('',#1830,#1783,#2216,.T.);
#1314=EDGE_CURVE('',#1829,#1830,#2217,.T.);
#1315=EDGE_CURVE('',#1831,#1831,#46,.F.);
#1316=EDGE_CURVE('',#1832,#1832,#47,.F.);
#1317=EDGE_CURVE('',#1833,#1834,#2218,.T.);
#1318=EDGE_CURVE('',#1826,#1834,#2219,.T.);
#1319=EDGE_CURVE('',#1828,#1835,#2220,.T.);
#1320=EDGE_CURVE('',#1835,#1836,#2221,.T.);
#1321=EDGE_CURVE('',#1836,#1821,#2222,.T.);
#1322=EDGE_CURVE('',#1819,#1833,#2223,.T.);
#1323=EDGE_CURVE('',#1837,#1785,#2224,.T.);
#1324=EDGE_CURVE('',#1837,#1838,#2225,.T.);
#1325=EDGE_CURVE('',#1838,#1839,#2226,.T.);
#1326=EDGE_CURVE('',#1840,#1839,#2227,.T.);
#1327=EDGE_CURVE('',#1786,#1840,#2228,.T.);
#1328=EDGE_CURVE('',#1833,#1841,#2229,.T.);
#1329=EDGE_CURVE('',#1841,#1842,#2230,.T.);
#1330=EDGE_CURVE('',#1842,#1843,#2231,.T.);
#1331=EDGE_CURVE('',#1844,#1843,#2232,.T.);
#1332=EDGE_CURVE('',#1844,#1834,#2233,.T.);
#1333=EDGE_CURVE('',#1845,#1845,#48,.F.);
#1334=EDGE_CURVE('',#1846,#1846,#49,.F.);
#1335=EDGE_CURVE('',#1847,#1847,#50,.F.);
#1336=EDGE_CURVE('',#1848,#1848,#51,.F.);
#1337=EDGE_CURVE('',#1793,#1849,#2234,.T.);
#1338=EDGE_CURVE('',#1812,#1849,#2235,.T.);
#1339=EDGE_CURVE('',#1849,#1850,#2236,.T.);
#1340=EDGE_CURVE('',#1813,#1850,#2237,.T.);
#1341=EDGE_CURVE('',#1814,#1851,#52,.F.);
#1342=EDGE_CURVE('',#1850,#1851,#2238,.T.);
#1343=EDGE_CURVE('',#1789,#1815,#53,.F.);
#1344=EDGE_CURVE('',#1822,#1824,#2239,.T.);
#1345=EDGE_CURVE('',#1816,#1836,#2240,.T.);
#1346=EDGE_CURVE('',#1817,#1835,#2241,.T.);
#1347=EDGE_CURVE('',#1830,#1827,#2242,.T.);
#1348=EDGE_CURVE('',#1840,#1823,#2243,.T.);
#1349=EDGE_CURVE('',#1837,#1829,#2244,.T.);
#1350=EDGE_CURVE('',#1820,#1841,#2245,.T.);
#1351=EDGE_CURVE('',#1825,#1844,#2246,.T.);
#1352=EDGE_CURVE('',#1852,#1790,#54,.T.);
#1353=EDGE_CURVE('',#1792,#1852,#2247,.T.);
#1354=EDGE_CURVE('',#1851,#1853,#2248,.T.);
#1355=EDGE_CURVE('',#1853,#1854,#55,.F.);
#1356=EDGE_CURVE('',#1854,#1855,#2249,.T.);
#1357=EDGE_CURVE('',#1856,#1855,#56,.T.);
#1358=EDGE_CURVE('',#1856,#1857,#2250,.F.);
#1359=EDGE_CURVE('',#1857,#1858,#57,.F.);
#1360=EDGE_CURVE('',#1858,#1852,#2251,.F.);
#1361=EDGE_CURVE('',#1859,#1860,#2252,.T.);
#1362=EDGE_CURVE('',#1860,#1859,#58,.T.);
#1363=EDGE_CURVE('',#1861,#1862,#2253,.F.);
#1364=EDGE_CURVE('',#1862,#1863,#59,.T.);
#1365=EDGE_CURVE('',#1863,#1864,#2254,.T.);
#1366=EDGE_CURVE('',#1864,#1865,#60,.F.);
#1367=EDGE_CURVE('',#1865,#1859,#2255,.T.);
#1368=EDGE_CURVE('',#1860,#1866,#2256,.F.);
#1369=EDGE_CURVE('',#1866,#1861,#61,.F.);
#1370=EDGE_CURVE('',#1863,#1862,#2257,.T.);
#1371=EDGE_CURVE('',#1867,#1868,#2258,.T.);
#1372=EDGE_CURVE('',#1868,#1867,#62,.T.);
#1373=EDGE_CURVE('',#1869,#1870,#2259,.F.);
#1374=EDGE_CURVE('',#1870,#1871,#63,.T.);
#1375=EDGE_CURVE('',#1871,#1872,#2260,.T.);
#1376=EDGE_CURVE('',#1872,#1873,#64,.F.);
#1377=EDGE_CURVE('',#1873,#1867,#2261,.T.);
#1378=EDGE_CURVE('',#1868,#1874,#2262,.F.);
#1379=EDGE_CURVE('',#1874,#1869,#65,.F.);
#1380=EDGE_CURVE('',#1871,#1870,#2263,.T.);
#1381=EDGE_CURVE('',#1855,#1856,#2264,.T.);
#1382=EDGE_CURVE('',#1875,#1876,#2265,.F.);
#1383=EDGE_CURVE('',#1876,#1877,#66,.T.);
#1384=EDGE_CURVE('',#1877,#1878,#67,.T.);
#1385=EDGE_CURVE('',#1878,#1879,#68,.T.);
#1386=EDGE_CURVE('',#1879,#1880,#2266,.T.);
#1387=EDGE_CURVE('',#1880,#1881,#69,.F.);
#1388=EDGE_CURVE('',#1881,#1882,#2267,.T.);
#1389=EDGE_CURVE('',#1882,#1883,#70,.F.);
#1390=EDGE_CURVE('',#1883,#1884,#2268,.F.);
#1391=EDGE_CURVE('',#1884,#1875,#71,.F.);
#1392=EDGE_CURVE('',#1878,#1877,#2269,.T.);
#1393=EDGE_CURVE('',#1885,#1886,#2270,.F.);
#1394=EDGE_CURVE('',#1886,#1887,#72,.T.);
#1395=EDGE_CURVE('',#1887,#1888,#73,.T.);
#1396=EDGE_CURVE('',#1888,#1889,#74,.T.);
#1397=EDGE_CURVE('',#1889,#1890,#2271,.T.);
#1398=EDGE_CURVE('',#1890,#1891,#75,.F.);
#1399=EDGE_CURVE('',#1891,#1892,#2272,.T.);
#1400=EDGE_CURVE('',#1892,#1893,#76,.F.);
#1401=EDGE_CURVE('',#1893,#1894,#2273,.F.);
#1402=EDGE_CURVE('',#1894,#1885,#77,.F.);
#1403=EDGE_CURVE('',#1888,#1887,#2274,.T.);
#1404=EDGE_CURVE('',#1895,#1896,#2275,.F.);
#1405=EDGE_CURVE('',#1896,#1897,#78,.T.);
#1406=EDGE_CURVE('',#1897,#1898,#79,.T.);
#1407=EDGE_CURVE('',#1898,#1899,#80,.T.);
#1408=EDGE_CURVE('',#1899,#1900,#2276,.T.);
#1409=EDGE_CURVE('',#1900,#1901,#81,.F.);
#1410=EDGE_CURVE('',#1901,#1902,#2277,.T.);
#1411=EDGE_CURVE('',#1902,#1903,#82,.F.);
#1412=EDGE_CURVE('',#1903,#1904,#2278,.F.);
#1413=EDGE_CURVE('',#1904,#1895,#83,.F.);
#1414=EDGE_CURVE('',#1898,#1897,#2279,.T.);
#1415=EDGE_CURVE('',#1905,#1906,#2280,.T.);
#1416=EDGE_CURVE('',#1906,#1907,#2281,.T.);
#1417=EDGE_CURVE('',#1907,#1908,#2282,.T.);
#1418=EDGE_CURVE('',#1908,#1905,#2283,.T.);
#1419=EDGE_CURVE('',#1909,#1910,#2284,.T.);
#1420=EDGE_CURVE('',#1911,#1909,#2285,.T.);
#1421=EDGE_CURVE('',#1912,#1911,#2286,.T.);
#1422=EDGE_CURVE('',#1910,#1912,#2287,.T.);
#1423=EDGE_CURVE('',#1905,#1912,#2288,.T.);
#1424=EDGE_CURVE('',#1906,#1911,#2289,.T.);
#1425=EDGE_CURVE('',#1908,#1913,#2290,.T.);
#1426=EDGE_CURVE('',#1913,#1914,#2291,.T.);
#1427=EDGE_CURVE('',#1910,#1914,#2292,.T.);
#1428=EDGE_CURVE('',#1915,#1909,#2293,.T.);
#1429=EDGE_CURVE('',#1915,#1916,#2294,.T.);
#1430=EDGE_CURVE('',#1907,#1916,#2295,.T.);
#1431=EDGE_CURVE('',#1916,#1913,#2296,.T.);
#1432=EDGE_CURVE('',#1917,#1918,#2297,.T.);
#1433=EDGE_CURVE('',#1918,#1919,#2298,.T.);
#1434=EDGE_CURVE('',#1919,#1920,#2299,.T.);
#1435=EDGE_CURVE('',#1920,#1917,#2300,.T.);
#1436=EDGE_CURVE('',#1921,#1922,#2301,.T.);
#1437=EDGE_CURVE('',#1923,#1921,#2302,.T.);
#1438=EDGE_CURVE('',#1924,#1923,#2303,.T.);
#1439=EDGE_CURVE('',#1922,#1924,#2304,.T.);
#1440=EDGE_CURVE('',#1917,#1924,#2305,.T.);
#1441=EDGE_CURVE('',#1918,#1923,#2306,.T.);
#1442=EDGE_CURVE('',#1920,#1925,#2307,.T.);
#1443=EDGE_CURVE('',#1925,#1926,#2308,.T.);
#1444=EDGE_CURVE('',#1922,#1926,#2309,.T.);
#1445=EDGE_CURVE('',#1927,#1921,#2310,.T.);
#1446=EDGE_CURVE('',#1927,#1928,#2311,.T.);
#1447=EDGE_CURVE('',#1919,#1928,#2312,.T.);
#1448=EDGE_CURVE('',#1928,#1925,#2313,.T.);
#1449=EDGE_CURVE('',#1929,#1930,#2314,.F.);
#1450=EDGE_CURVE('',#1931,#1929,#2315,.T.);
#1451=EDGE_CURVE('',#1931,#1932,#2316,.T.);
#1452=EDGE_CURVE('',#1930,#1932,#2317,.T.);
#1453=EDGE_CURVE('',#1933,#1934,#2318,.F.);
#1454=EDGE_CURVE('',#1932,#1934,#2319,.T.);
#1455=EDGE_CURVE('',#1933,#1931,#2320,.T.);
#1456=EDGE_CURVE('',#1933,#1935,#2321,.T.);
#1457=EDGE_CURVE('',#1935,#1934,#2322,.F.);
#1458=EDGE_CURVE('',#1936,#1937,#2323,.F.);
#1459=EDGE_CURVE('',#1935,#1937,#2324,.T.);
#1460=EDGE_CURVE('',#1936,#1933,#2325,.T.);
#1461=EDGE_CURVE('',#1938,#1939,#2326,.F.);
#1462=EDGE_CURVE('',#1934,#1938,#2327,.T.);
#1463=EDGE_CURVE('',#1939,#1935,#2328,.T.);
#1464=EDGE_CURVE('',#1936,#1940,#2329,.T.);
#1465=EDGE_CURVE('',#1940,#1937,#2330,.F.);
#1466=EDGE_CURVE('',#1941,#1942,#2331,.F.);
#1467=EDGE_CURVE('',#1940,#1942,#2332,.T.);
#1468=EDGE_CURVE('',#1941,#1936,#2333,.T.);
#1469=EDGE_CURVE('',#1943,#1944,#2334,.F.);
#1470=EDGE_CURVE('',#1937,#1943,#2335,.T.);
#1471=EDGE_CURVE('',#1944,#1940,#2336,.T.);
#1472=EDGE_CURVE('',#1941,#1945,#2337,.T.);
#1473=EDGE_CURVE('',#1945,#1942,#2338,.F.);
#1474=EDGE_CURVE('',#1946,#1947,#2339,.F.);
#1475=EDGE_CURVE('',#1945,#1947,#2340,.T.);
#1476=EDGE_CURVE('',#1946,#1941,#2341,.T.);
#1477=EDGE_CURVE('',#1948,#1949,#2342,.F.);
#1478=EDGE_CURVE('',#1942,#1948,#2343,.T.);
#1479=EDGE_CURVE('',#1949,#1945,#2344,.T.);
#1480=EDGE_CURVE('',#1946,#1950,#2345,.T.);
#1481=EDGE_CURVE('',#1950,#1947,#2346,.F.);
#1482=EDGE_CURVE('',#1951,#1952,#2347,.F.);
#1483=EDGE_CURVE('',#1950,#1952,#2348,.T.);
#1484=EDGE_CURVE('',#1951,#1946,#2349,.T.);
#1485=EDGE_CURVE('',#1953,#1954,#2350,.F.);
#1486=EDGE_CURVE('',#1947,#1953,#2351,.T.);
#1487=EDGE_CURVE('',#1954,#1950,#2352,.T.);
#1488=EDGE_CURVE('',#1955,#1956,#2353,.F.);
#1489=EDGE_CURVE('',#1952,#1955,#2354,.T.);
#1490=EDGE_CURVE('',#1956,#1951,#2355,.T.);
#1491=EDGE_CURVE('',#1957,#1958,#2356,.T.);
#1492=EDGE_CURVE('',#1958,#1959,#2357,.T.);
#1493=EDGE_CURVE('',#1959,#1960,#2358,.T.);
#1494=EDGE_CURVE('',#1957,#1960,#2359,.T.);
#1495=EDGE_CURVE('',#1961,#1962,#2360,.T.);
#1496=EDGE_CURVE('',#1962,#1963,#2361,.T.);
#1497=EDGE_CURVE('',#1963,#1964,#2362,.T.);
#1498=EDGE_CURVE('',#1961,#1964,#2363,.T.);
#1499=EDGE_CURVE('',#1962,#1957,#2364,.T.);
#1500=EDGE_CURVE('',#1960,#1963,#2365,.T.);
#1501=EDGE_CURVE('',#1961,#1965,#2366,.T.);
#1502=EDGE_CURVE('',#1966,#1965,#2367,.T.);
#1503=EDGE_CURVE('',#1967,#1966,#2368,.T.);
#1504=EDGE_CURVE('',#1967,#1968,#2369,.T.);
#1505=EDGE_CURVE('',#1968,#1958,#2370,.T.);
#1506=EDGE_CURVE('',#1969,#1970,#2371,.T.);
#1507=EDGE_CURVE('',#1970,#1968,#2372,.T.);
#1508=EDGE_CURVE('',#1969,#1967,#2373,.T.);
#1509=EDGE_CURVE('',#1965,#1971,#2374,.T.);
#1510=EDGE_CURVE('',#1972,#1971,#2375,.T.);
#1511=EDGE_CURVE('',#1966,#1972,#2376,.T.);
#1512=EDGE_CURVE('',#1972,#1969,#2377,.T.);
#1513=EDGE_CURVE('',#1973,#1970,#2378,.T.);
#1514=EDGE_CURVE('',#1971,#1974,#2379,.T.);
#1515=EDGE_CURVE('',#1975,#1974,#2380,.T.);
#1516=EDGE_CURVE('',#1976,#1975,#2381,.T.);
#1517=EDGE_CURVE('',#1973,#1976,#2382,.T.);
#1518=EDGE_CURVE('',#1956,#1929,#2383,.T.);
#1519=EDGE_CURVE('',#1930,#1977,#2384,.T.);
#1520=EDGE_CURVE('',#1977,#1964,#2385,.T.);
#1521=EDGE_CURVE('',#1959,#1978,#2386,.T.);
#1522=EDGE_CURVE('',#1978,#1955,#2387,.T.);
#1523=EDGE_CURVE('',#1932,#1979,#2388,.T.);
#1524=EDGE_CURVE('',#1977,#1979,#2389,.T.);
#1525=EDGE_CURVE('',#1980,#1952,#2390,.T.);
#1526=EDGE_CURVE('',#1978,#1980,#2391,.T.);
#1527=EDGE_CURVE('',#1981,#1982,#2392,.T.);
#1528=EDGE_CURVE('',#1983,#1982,#2393,.T.);
#1529=EDGE_CURVE('',#1984,#1983,#2394,.T.);
#1530=EDGE_CURVE('',#1981,#1984,#2395,.T.);
#1531=EDGE_CURVE('',#1983,#1985,#2396,.T.);
#1532=EDGE_CURVE('',#1982,#1986,#2397,.T.);
#1533=EDGE_CURVE('',#1985,#1986,#2398,.T.);
#1534=EDGE_CURVE('',#1987,#1988,#2399,.T.);
#1535=EDGE_CURVE('',#1989,#1988,#2400,.T.);
#1536=EDGE_CURVE('',#1989,#1990,#2401,.T.);
#1537=EDGE_CURVE('',#1990,#1987,#2402,.T.);
#1538=EDGE_CURVE('',#1991,#1992,#2403,.T.);
#1539=EDGE_CURVE('',#1992,#1990,#2404,.T.);
#1540=EDGE_CURVE('',#1991,#1989,#2405,.T.);
#1541=EDGE_CURVE('',#1993,#1994,#2406,.T.);
#1542=EDGE_CURVE('',#1994,#1995,#2407,.T.);
#1543=EDGE_CURVE('',#1996,#1995,#2408,.T.);
#1544=EDGE_CURVE('',#1993,#1996,#2409,.T.);
#1545=EDGE_CURVE('',#1997,#1998,#2410,.T.);
#1546=EDGE_CURVE('',#1996,#1998,#2411,.T.);
#1547=EDGE_CURVE('',#1995,#1997,#2412,.T.);
#1548=EDGE_CURVE('',#1999,#2000,#2413,.T.);
#1549=EDGE_CURVE('',#2000,#2001,#2414,.T.);
#1550=EDGE_CURVE('',#2002,#2001,#2415,.T.);
#1551=EDGE_CURVE('',#1999,#2002,#2416,.T.);
#1552=EDGE_CURVE('',#2003,#2004,#2417,.T.);
#1553=EDGE_CURVE('',#2002,#2004,#2418,.T.);
#1554=EDGE_CURVE('',#2001,#2003,#2419,.T.);
#1555=EDGE_CURVE('',#2005,#2005,#84,.F.);
#1556=EDGE_CURVE('',#2006,#2006,#85,.F.);
#1557=EDGE_CURVE('',#2007,#1999,#2420,.T.);
#1558=EDGE_CURVE('',#2008,#2007,#2421,.T.);
#1559=EDGE_CURVE('',#2000,#2008,#2422,.T.);
#1560=EDGE_CURVE('',#2009,#2010,#2423,.F.);
#1561=EDGE_CURVE('',#2008,#2009,#2424,.T.);
#1562=EDGE_CURVE('',#2007,#2010,#2425,.T.);
#1563=EDGE_CURVE('',#2011,#2012,#2426,.T.);
#1564=EDGE_CURVE('',#2013,#2012,#2427,.T.);
#1565=EDGE_CURVE('',#2014,#2013,#2428,.T.);
#1566=EDGE_CURVE('',#2014,#2011,#2429,.T.);
#1567=EDGE_CURVE('',#2012,#2009,#86,.F.);
#1568=EDGE_CURVE('',#2011,#2003,#2430,.T.);
#1569=EDGE_CURVE('',#2010,#2013,#87,.F.);
#1570=EDGE_CURVE('',#2004,#2014,#2431,.T.);
#1571=EDGE_CURVE('',#2015,#2015,#88,.F.);
#1572=EDGE_CURVE('',#2016,#2016,#89,.F.);
#1573=EDGE_CURVE('',#2017,#2017,#90,.F.);
#1574=EDGE_CURVE('',#1993,#2018,#2432,.T.);
#1575=EDGE_CURVE('',#2018,#2019,#2433,.T.);
#1576=EDGE_CURVE('',#2019,#1994,#2434,.T.);
#1577=EDGE_CURVE('',#2018,#2020,#2435,.T.);
#1578=EDGE_CURVE('',#2020,#2021,#2436,.T.);
#1579=EDGE_CURVE('',#2019,#2021,#2437,.T.);
#1580=EDGE_CURVE('',#2022,#2023,#2438,.T.);
#1581=EDGE_CURVE('',#2023,#2024,#2439,.F.);
#1582=EDGE_CURVE('',#2025,#2024,#2440,.T.);
#1583=EDGE_CURVE('',#2022,#2025,#2441,.T.);
#1584=EDGE_CURVE('',#2025,#1998,#2442,.T.);
#1585=EDGE_CURVE('',#2024,#2020,#91,.F.);
#1586=EDGE_CURVE('',#2026,#2026,#92,.F.);
#1587=EDGE_CURVE('',#2021,#2023,#93,.F.);
#1588=EDGE_CURVE('',#1997,#2022,#2443,.T.);
#1589=EDGE_CURVE('',#2027,#2027,#94,.F.);
#1590=EDGE_CURVE('',#2028,#2028,#95,.F.);
#1591=EDGE_CURVE('',#1987,#2029,#2444,.T.);
#1592=EDGE_CURVE('',#2029,#2030,#2445,.T.);
#1593=EDGE_CURVE('',#2030,#1988,#2446,.T.);
#1594=EDGE_CURVE('',#2029,#2031,#2447,.T.);
#1595=EDGE_CURVE('',#2031,#2032,#2448,.F.);
#1596=EDGE_CURVE('',#2030,#2032,#2449,.T.);
#1597=EDGE_CURVE('',#2033,#2034,#2450,.T.);
#1598=EDGE_CURVE('',#2035,#2034,#2451,.T.);
#1599=EDGE_CURVE('',#2036,#2035,#2452,.T.);
#1600=EDGE_CURVE('',#2036,#2033,#2453,.T.);
#1601=EDGE_CURVE('',#2035,#1992,#2454,.T.);
#1602=EDGE_CURVE('',#2034,#2031,#96,.F.);
#1603=EDGE_CURVE('',#2032,#2033,#97,.F.);
#1604=EDGE_CURVE('',#1991,#2036,#2455,.T.);
#1605=EDGE_CURVE('',#2037,#2037,#98,.F.);
#1606=EDGE_CURVE('',#2038,#2038,#99,.F.);
#1607=EDGE_CURVE('',#2039,#2039,#100,.F.);
#1608=EDGE_CURVE('',#1981,#2040,#2456,.T.);
#1609=EDGE_CURVE('',#2041,#1984,#2457,.T.);
#1610=EDGE_CURVE('',#2040,#2041,#2458,.T.);
#1611=EDGE_CURVE('',#2042,#2043,#2459,.F.);
#1612=EDGE_CURVE('',#2040,#2042,#2460,.T.);
#1613=EDGE_CURVE('',#2041,#2043,#2461,.T.);
#1614=EDGE_CURVE('',#2044,#2045,#2462,.T.);
#1615=EDGE_CURVE('',#2046,#2044,#2463,.T.);
#1616=EDGE_CURVE('',#2046,#2047,#2464,.T.);
#1617=EDGE_CURVE('',#2047,#2045,#2465,.T.);
#1618=EDGE_CURVE('',#2043,#2044,#101,.F.);
#1619=EDGE_CURVE('',#1985,#2046,#2466,.T.);
#1620=EDGE_CURVE('',#2048,#2048,#102,.F.);
#1621=EDGE_CURVE('',#2045,#2042,#103,.F.);
#1622=EDGE_CURVE('',#2047,#1986,#2467,.T.);
#1623=EDGE_CURVE('',#2049,#2049,#104,.T.);
#1624=EDGE_CURVE('',#2050,#2050,#105,.T.);
#1625=EDGE_CURVE('',#2051,#2051,#106,.T.);
#1626=EDGE_CURVE('',#2052,#2052,#107,.T.);
#1627=EDGE_CURVE('',#2051,#2051,#108,.T.);
#1628=EDGE_CURVE('',#2053,#2053,#109,.T.);
#1629=EDGE_CURVE('',#2054,#2054,#110,.T.);
#1630=EDGE_CURVE('',#2055,#2055,#111,.T.);
#1631=EDGE_CURVE('',#2056,#2057,#2468,.T.);
#1632=EDGE_CURVE('',#2056,#2057,#112,.T.);
#1633=EDGE_CURVE('',#2054,#2054,#113,.T.);
#1634=EDGE_CURVE('',#2057,#2058,#114,.T.);
#1635=EDGE_CURVE('',#2059,#2056,#115,.T.);
#1636=EDGE_CURVE('',#2059,#2060,#2469,.F.);
#1637=EDGE_CURVE('',#2061,#2060,#116,.T.);
#1638=EDGE_CURVE('',#2061,#2058,#2470,.T.);
#1639=EDGE_CURVE('',#2062,#2062,#117,.T.);
#1640=EDGE_CURVE('',#2063,#2063,#118,.F.);
#1641=EDGE_CURVE('',#2064,#2064,#119,.F.);
#1642=EDGE_CURVE('',#2065,#2065,#120,.T.);
#1643=EDGE_CURVE('',#2066,#2067,#2471,.T.);
#1644=EDGE_CURVE('',#2068,#2067,#2472,.T.);
#1645=EDGE_CURVE('',#2069,#2068,#2473,.T.);
#1646=EDGE_CURVE('',#2070,#2069,#2474,.T.);
#1647=EDGE_CURVE('',#2070,#2071,#2475,.T.);
#1648=EDGE_CURVE('',#2056,#2071,#2476,.T.);
#1649=EDGE_CURVE('',#2072,#2057,#2477,.T.);
#1650=EDGE_CURVE('',#2073,#2072,#2478,.T.);
#1651=EDGE_CURVE('',#2073,#2066,#2479,.T.);
#1652=EDGE_CURVE('',#2074,#2075,#2480,.T.);
#1653=EDGE_CURVE('',#2076,#2075,#2481,.T.);
#1654=EDGE_CURVE('',#2077,#2076,#2482,.T.);
#1655=EDGE_CURVE('',#2078,#2077,#2483,.T.);
#1656=EDGE_CURVE('',#2078,#2079,#2484,.T.);
#1657=EDGE_CURVE('',#2080,#2079,#2485,.T.);
#1658=EDGE_CURVE('',#2081,#2080,#2486,.T.);
#1659=EDGE_CURVE('',#2074,#2081,#2487,.T.);
#1660=EDGE_CURVE('',#1874,#2073,#2488,.T.);
#1661=EDGE_CURVE('',#1869,#2072,#2489,.T.);
#1662=EDGE_CURVE('',#2082,#2083,#2490,.T.);
#1663=EDGE_CURVE('',#2084,#2082,#2491,.T.);
#1664=EDGE_CURVE('',#2085,#2084,#2492,.T.);
#1665=EDGE_CURVE('',#2083,#2085,#2493,.T.);
#1666=EDGE_CURVE('',#2083,#2086,#2494,.T.);
#1667=EDGE_CURVE('',#2085,#2087,#2495,.T.);
#1668=EDGE_CURVE('',#2087,#2086,#2496,.T.);
#1669=EDGE_CURVE('',#2082,#2088,#2497,.T.);
#1670=EDGE_CURVE('',#2086,#2088,#2498,.T.);
#1671=EDGE_CURVE('',#2084,#2089,#2499,.T.);
#1672=EDGE_CURVE('',#2088,#2089,#2500,.T.);
#1673=EDGE_CURVE('',#1974,#2090,#2501,.T.);
#1674=EDGE_CURVE('',#2091,#2090,#2502,.T.);
#1675=EDGE_CURVE('',#1975,#2091,#2503,.T.);
#1676=EDGE_CURVE('',#2092,#1976,#2504,.T.);
#1677=EDGE_CURVE('',#2092,#2093,#2505,.T.);
#1678=EDGE_CURVE('',#2093,#1973,#2506,.T.);
#1679=EDGE_CURVE('',#1882,#2093,#2507,.T.);
#1680=EDGE_CURVE('',#2091,#2092,#2508,.T.);
#1681=EDGE_CURVE('',#2090,#1903,#2509,.T.);
#1682=EDGE_CURVE('',#1902,#1893,#2510,.T.);
#1683=EDGE_CURVE('',#1892,#1883,#2511,.T.);
#1684=EDGE_CURVE('',#2071,#2059,#2512,.T.);
#1685=EDGE_CURVE('',#2070,#2060,#2513,.T.);
#1686=EDGE_CURVE('',#2094,#2095,#2514,.T.);
#1687=EDGE_CURVE('',#2096,#2094,#2515,.T.);
#1688=EDGE_CURVE('',#2096,#2097,#2516,.T.);
#1689=EDGE_CURVE('',#2097,#2095,#2517,.T.);
#1690=EDGE_CURVE('',#1897,#2094,#2518,.T.);
#1691=EDGE_CURVE('',#1896,#2096,#2519,.T.);
#1692=EDGE_CURVE('',#2098,#2099,#2520,.T.);
#1693=EDGE_CURVE('',#2100,#2099,#2521,.T.);
#1694=EDGE_CURVE('',#2101,#2100,#2522,.T.);
#1695=EDGE_CURVE('',#2101,#2098,#2523,.T.);
#1696=EDGE_CURVE('',#1904,#2098,#2524,.T.);
#1697=EDGE_CURVE('',#1895,#2101,#2525,.T.);
#1698=EDGE_CURVE('',#2102,#2103,#2526,.T.);
#1699=EDGE_CURVE('',#2104,#2103,#2527,.T.);
#1700=EDGE_CURVE('',#2105,#2104,#2528,.T.);
#1701=EDGE_CURVE('',#2105,#2102,#2529,.T.);
#1702=EDGE_CURVE('',#2069,#2105,#2530,.T.);
#1703=EDGE_CURVE('',#2068,#2102,#2531,.T.);
#1704=EDGE_CURVE('',#1829,#1825,#2532,.T.);
#1705=EDGE_CURVE('',#1820,#1823,#2533,.T.);
#1706=EDGE_CURVE('',#1839,#1842,#2534,.T.);
#1707=EDGE_CURVE('',#1843,#1838,#2535,.T.);
#1708=EDGE_CURVE('',#1939,#1943,#2536,.T.);
#1709=EDGE_CURVE('',#2087,#1938,#2537,.T.);
#1710=EDGE_CURVE('',#1979,#2089,#2538,.T.);
#1711=EDGE_CURVE('',#1949,#1953,#2539,.T.);
#1712=EDGE_CURVE('',#2067,#1948,#2540,.T.);
#1713=EDGE_CURVE('',#2075,#2066,#2541,.T.);
#1714=EDGE_CURVE('',#1944,#2074,#2542,.T.);
#1715=EDGE_CURVE('',#2106,#2107,#2543,.F.);
#1716=EDGE_CURVE('',#2095,#2106,#2544,.T.);
#1717=EDGE_CURVE('',#2097,#2107,#2545,.T.);
#1718=EDGE_CURVE('',#2099,#2081,#2546,.T.);
#1719=EDGE_CURVE('',#2100,#2080,#2547,.T.);
#1720=EDGE_CURVE('',#2061,#2108,#2548,.T.);
#1721=EDGE_CURVE('',#2108,#2109,#2549,.T.);
#1722=EDGE_CURVE('',#2058,#2109,#2550,.T.);
#1723=EDGE_CURVE('',#2110,#2111,#2551,.T.);
#1724=EDGE_CURVE('',#2110,#2079,#2552,.T.);
#1725=EDGE_CURVE('',#2111,#2078,#2553,.T.);
#1726=EDGE_CURVE('',#2112,#2112,#121,.T.);
#1727=EDGE_CURVE('',#2106,#2111,#122,.T.);
#1728=EDGE_CURVE('',#2110,#2107,#123,.T.);
#1729=EDGE_CURVE('',#1954,#1980,#2554,.T.);
#1730=EDGE_CURVE('',#2108,#1915,#2555,.T.);
#1731=EDGE_CURVE('',#1914,#1927,#2556,.T.);
#1732=EDGE_CURVE('',#1926,#2113,#2557,.T.);
#1733=EDGE_CURVE('',#2113,#2114,#2558,.T.);
#1734=EDGE_CURVE('',#2109,#2114,#2559,.T.);
#1735=EDGE_CURVE('',#1887,#1898,#2560,.T.);
#1736=EDGE_CURVE('',#1886,#1899,#2561,.T.);
#1737=EDGE_CURVE('',#1877,#1888,#2562,.T.);
#1738=EDGE_CURVE('',#1876,#1889,#2563,.T.);
#1739=EDGE_CURVE('',#2113,#1879,#2564,.T.);
#1740=EDGE_CURVE('',#2114,#1878,#2565,.T.);
#1741=EDGE_CURVE('',#1894,#1901,#2566,.T.);
#1742=EDGE_CURVE('',#1885,#1900,#2567,.T.);
#1743=EDGE_CURVE('',#1884,#1891,#2568,.T.);
#1744=EDGE_CURVE('',#1875,#1890,#2569,.T.);
#1745=EDGE_CURVE('',#2104,#1880,#2570,.T.);
#1746=EDGE_CURVE('',#2103,#1881,#2571,.T.);
#1747=EDGE_CURVE('',#1857,#1865,#2572,.T.);
#1748=EDGE_CURVE('',#2076,#1854,#2573,.T.);
#1749=EDGE_CURVE('',#1866,#1873,#2574,.T.);
#1750=EDGE_CURVE('',#2077,#1853,#2575,.T.);
#1751=EDGE_CURVE('',#1861,#1872,#2576,.T.);
#1752=EDGE_CURVE('',#1858,#1864,#2577,.T.);
#1753=VERTEX_POINT('',#5318);
#1754=VERTEX_POINT('',#5319);
#1755=VERTEX_POINT('',#5321);
#1756=VERTEX_POINT('',#5323);
#1757=VERTEX_POINT('',#5325);
#1758=VERTEX_POINT('',#5327);
#1759=VERTEX_POINT('',#5329);
#1760=VERTEX_POINT('',#5331);
#1761=VERTEX_POINT('',#5335);
#1762=VERTEX_POINT('',#5337);
#1763=VERTEX_POINT('',#5341);
#1764=VERTEX_POINT('',#5342);
#1765=VERTEX_POINT('',#5344);
#1766=VERTEX_POINT('',#5346);
#1767=VERTEX_POINT('',#5350);
#1768=VERTEX_POINT('',#5351);
#1769=VERTEX_POINT('',#5355);
#1770=VERTEX_POINT('',#5359);
#1771=VERTEX_POINT('',#5360);
#1772=VERTEX_POINT('',#5365);
#1773=VERTEX_POINT('',#5367);
#1774=VERTEX_POINT('',#5379);
#1775=VERTEX_POINT('',#5381);
#1776=VERTEX_POINT('',#5385);
#1777=VERTEX_POINT('',#5387);
#1778=VERTEX_POINT('',#5389);
#1779=VERTEX_POINT('',#5391);
#1780=VERTEX_POINT('',#5393);
#1781=VERTEX_POINT('',#5395);
#1782=VERTEX_POINT('',#5397);
#1783=VERTEX_POINT('',#5399);
#1784=VERTEX_POINT('',#5401);
#1785=VERTEX_POINT('',#5403);
#1786=VERTEX_POINT('',#5405);
#1787=VERTEX_POINT('',#5407);
#1788=VERTEX_POINT('',#5409);
#1789=VERTEX_POINT('',#5411);
#1790=VERTEX_POINT('',#5413);
#1791=VERTEX_POINT('',#5415);
#1792=VERTEX_POINT('',#5419);
#1793=VERTEX_POINT('',#5421);
#1794=VERTEX_POINT('',#5423);
#1795=VERTEX_POINT('',#5425);
#1796=VERTEX_POINT('',#5427);
#1797=VERTEX_POINT('',#5433);
#1798=VERTEX_POINT('',#5436);
#1799=VERTEX_POINT('',#5438);
#1800=VERTEX_POINT('',#5440);
#1801=VERTEX_POINT('',#5444);
#1802=VERTEX_POINT('',#5448);
#1803=VERTEX_POINT('',#5450);
#1804=VERTEX_POINT('',#5454);
#1805=VERTEX_POINT('',#5455);
#1806=VERTEX_POINT('',#5457);
#1807=VERTEX_POINT('',#5459);
#1808=VERTEX_POINT('',#5463);
#1809=VERTEX_POINT('',#5464);
#1810=VERTEX_POINT('',#5470);
#1811=VERTEX_POINT('',#5472);
#1812=VERTEX_POINT('',#5483);
#1813=VERTEX_POINT('',#5485);
#1814=VERTEX_POINT('',#5487);
#1815=VERTEX_POINT('',#5489);
#1816=VERTEX_POINT('',#5491);
#1817=VERTEX_POINT('',#5493);
#1818=VERTEX_POINT('',#5495);
#1819=VERTEX_POINT('',#5501);
#1820=VERTEX_POINT('',#5502);
#1821=VERTEX_POINT('',#5504);
#1822=VERTEX_POINT('',#5506);
#1823=VERTEX_POINT('',#5510);
#1824=VERTEX_POINT('',#5512);
#1825=VERTEX_POINT('',#5516);
#1826=VERTEX_POINT('',#5517);
#1827=VERTEX_POINT('',#5519);
#1828=VERTEX_POINT('',#5521);
#1829=VERTEX_POINT('',#5525);
#1830=VERTEX_POINT('',#5527);
#1831=VERTEX_POINT('',#5531);
#1832=VERTEX_POINT('',#5533);
#1833=VERTEX_POINT('',#5535);
#1834=VERTEX_POINT('',#5536);
#1835=VERTEX_POINT('',#5539);
#1836=VERTEX_POINT('',#5541);
#1837=VERTEX_POINT('',#5546);
#1838=VERTEX_POINT('',#5548);
#1839=VERTEX_POINT('',#5550);
#1840=VERTEX_POINT('',#5552);
#1841=VERTEX_POINT('',#5556);
#1842=VERTEX_POINT('',#5558);
#1843=VERTEX_POINT('',#5560);
#1844=VERTEX_POINT('',#5562);
#1845=VERTEX_POINT('',#5566);
#1846=VERTEX_POINT('',#5569);
#1847=VERTEX_POINT('',#5572);
#1848=VERTEX_POINT('',#5575);
#1849=VERTEX_POINT('',#5578);
#1850=VERTEX_POINT('',#5582);
#1851=VERTEX_POINT('',#5586);
#1852=VERTEX_POINT('',#5606);
#1853=VERTEX_POINT('',#5610);
#1854=VERTEX_POINT('',#5612);
#1855=VERTEX_POINT('',#5614);
#1856=VERTEX_POINT('',#5616);
#1857=VERTEX_POINT('',#5618);
#1858=VERTEX_POINT('',#5620);
#1859=VERTEX_POINT('',#5624);
#1860=VERTEX_POINT('',#5625);
#1861=VERTEX_POINT('',#5629);
#1862=VERTEX_POINT('',#5630);
#1863=VERTEX_POINT('',#5632);
#1864=VERTEX_POINT('',#5634);
#1865=VERTEX_POINT('',#5636);
#1866=VERTEX_POINT('',#5639);
#1867=VERTEX_POINT('',#5645);
#1868=VERTEX_POINT('',#5646);
#1869=VERTEX_POINT('',#5650);
#1870=VERTEX_POINT('',#5651);
#1871=VERTEX_POINT('',#5653);
#1872=VERTEX_POINT('',#5655);
#1873=VERTEX_POINT('',#5657);
#1874=VERTEX_POINT('',#5660);
#1875=VERTEX_POINT('',#5668);
#1876=VERTEX_POINT('',#5669);
#1877=VERTEX_POINT('',#5671);
#1878=VERTEX_POINT('',#5673);
#1879=VERTEX_POINT('',#5675);
#1880=VERTEX_POINT('',#5677);
#1881=VERTEX_POINT('',#5679);
#1882=VERTEX_POINT('',#5681);
#1883=VERTEX_POINT('',#5683);
#1884=VERTEX_POINT('',#5685);
#1885=VERTEX_POINT('',#5691);
#1886=VERTEX_POINT('',#5692);
#1887=VERTEX_POINT('',#5694);
#1888=VERTEX_POINT('',#5696);
#1889=VERTEX_POINT('',#5698);
#1890=VERTEX_POINT('',#5700);
#1891=VERTEX_POINT('',#5702);
#1892=VERTEX_POINT('',#5704);
#1893=VERTEX_POINT('',#5706);
#1894=VERTEX_POINT('',#5708);
#1895=VERTEX_POINT('',#5714);
#1896=VERTEX_POINT('',#5715);
#1897=VERTEX_POINT('',#5717);
#1898=VERTEX_POINT('',#5719);
#1899=VERTEX_POINT('',#5721);
#1900=VERTEX_POINT('',#5723);
#1901=VERTEX_POINT('',#5725);
#1902=VERTEX_POINT('',#5727);
#1903=VERTEX_POINT('',#5729);
#1904=VERTEX_POINT('',#5731);
#1905=VERTEX_POINT('',#5737);
#1906=VERTEX_POINT('',#5738);
#1907=VERTEX_POINT('',#5740);
#1908=VERTEX_POINT('',#5742);
#1909=VERTEX_POINT('',#5746);
#1910=VERTEX_POINT('',#5747);
#1911=VERTEX_POINT('',#5749);
#1912=VERTEX_POINT('',#5751);
#1913=VERTEX_POINT('',#5758);
#1914=VERTEX_POINT('',#5760);
#1915=VERTEX_POINT('',#5764);
#1916=VERTEX_POINT('',#5766);
#1917=VERTEX_POINT('',#5772);
#1918=VERTEX_POINT('',#5773);
#1919=VERTEX_POINT('',#5775);
#1920=VERTEX_POINT('',#5777);
#1921=VERTEX_POINT('',#5781);
#1922=VERTEX_POINT('',#5782);
#1923=VERTEX_POINT('',#5784);
#1924=VERTEX_POINT('',#5786);
#1925=VERTEX_POINT('',#5793);
#1926=VERTEX_POINT('',#5795);
#1927=VERTEX_POINT('',#5799);
#1928=VERTEX_POINT('',#5801);
#1929=VERTEX_POINT('',#5807);
#1930=VERTEX_POINT('',#5808);
#1931=VERTEX_POINT('',#5810);
#1932=VERTEX_POINT('',#5812);
#1933=VERTEX_POINT('',#5816);
#1934=VERTEX_POINT('',#5817);
#1935=VERTEX_POINT('',#5822);
#1936=VERTEX_POINT('',#5826);
#1937=VERTEX_POINT('',#5827);
#1938=VERTEX_POINT('',#5832);
#1939=VERTEX_POINT('',#5833);
#1940=VERTEX_POINT('',#5838);
#1941=VERTEX_POINT('',#5842);
#1942=VERTEX_POINT('',#5843);
#1943=VERTEX_POINT('',#5848);
#1944=VERTEX_POINT('',#5849);
#1945=VERTEX_POINT('',#5854);
#1946=VERTEX_POINT('',#5858);
#1947=VERTEX_POINT('',#5859);
#1948=VERTEX_POINT('',#5864);
#1949=VERTEX_POINT('',#5865);
#1950=VERTEX_POINT('',#5870);
#1951=VERTEX_POINT('',#5874);
#1952=VERTEX_POINT('',#5875);
#1953=VERTEX_POINT('',#5880);
#1954=VERTEX_POINT('',#5881);
#1955=VERTEX_POINT('',#5886);
#1956=VERTEX_POINT('',#5887);
#1957=VERTEX_POINT('',#5892);
#1958=VERTEX_POINT('',#5893);
#1959=VERTEX_POINT('',#5895);
#1960=VERTEX_POINT('',#5897);
#1961=VERTEX_POINT('',#5901);
#1962=VERTEX_POINT('',#5902);
#1963=VERTEX_POINT('',#5904);
#1964=VERTEX_POINT('',#5906);
#1965=VERTEX_POINT('',#5913);
#1966=VERTEX_POINT('',#5915);
#1967=VERTEX_POINT('',#5917);
#1968=VERTEX_POINT('',#5919);
#1969=VERTEX_POINT('',#5923);
#1970=VERTEX_POINT('',#5924);
#1971=VERTEX_POINT('',#5929);
#1972=VERTEX_POINT('',#5931);
#1973=VERTEX_POINT('',#5937);
#1974=VERTEX_POINT('',#5939);
#1975=VERTEX_POINT('',#5941);
#1976=VERTEX_POINT('',#5943);
#1977=VERTEX_POINT('',#5948);
#1978=VERTEX_POINT('',#5951);
#1979=VERTEX_POINT('',#5955);
#1980=VERTEX_POINT('',#5959);
#1981=VERTEX_POINT('',#5963);
#1982=VERTEX_POINT('',#5964);
#1983=VERTEX_POINT('',#5966);
#1984=VERTEX_POINT('',#5968);
#1985=VERTEX_POINT('',#5972);
#1986=VERTEX_POINT('',#5974);
#1987=VERTEX_POINT('',#5978);
#1988=VERTEX_POINT('',#5979);
#1989=VERTEX_POINT('',#5981);
#1990=VERTEX_POINT('',#5983);
#1991=VERTEX_POINT('',#5987);
#1992=VERTEX_POINT('',#5988);
#1993=VERTEX_POINT('',#5993);
#1994=VERTEX_POINT('',#5994);
#1995=VERTEX_POINT('',#5996);
#1996=VERTEX_POINT('',#5998);
#1997=VERTEX_POINT('',#6002);
#1998=VERTEX_POINT('',#6003);
#1999=VERTEX_POINT('',#6008);
#2000=VERTEX_POINT('',#6009);
#2001=VERTEX_POINT('',#6011);
#2002=VERTEX_POINT('',#6013);
#2003=VERTEX_POINT('',#6017);
#2004=VERTEX_POINT('',#6018);
#2005=VERTEX_POINT('',#6023);
#2006=VERTEX_POINT('',#6025);
#2007=VERTEX_POINT('',#6029);
#2008=VERTEX_POINT('',#6031);
#2009=VERTEX_POINT('',#6035);
#2010=VERTEX_POINT('',#6036);
#2011=VERTEX_POINT('',#6041);
#2012=VERTEX_POINT('',#6042);
#2013=VERTEX_POINT('',#6044);
#2014=VERTEX_POINT('',#6046);
#2015=VERTEX_POINT('',#6055);
#2016=VERTEX_POINT('',#6058);
#2017=VERTEX_POINT('',#6060);
#2018=VERTEX_POINT('',#6064);
#2019=VERTEX_POINT('',#6066);
#2020=VERTEX_POINT('',#6070);
#2021=VERTEX_POINT('',#6072);
#2022=VERTEX_POINT('',#6076);
#2023=VERTEX_POINT('',#6077);
#2024=VERTEX_POINT('',#6079);
#2025=VERTEX_POINT('',#6081);
#2026=VERTEX_POINT('',#6087);
#2027=VERTEX_POINT('',#6093);
#2028=VERTEX_POINT('',#6095);
#2029=VERTEX_POINT('',#6099);
#2030=VERTEX_POINT('',#6101);
#2031=VERTEX_POINT('',#6105);
#2032=VERTEX_POINT('',#6107);
#2033=VERTEX_POINT('',#6111);
#2034=VERTEX_POINT('',#6112);
#2035=VERTEX_POINT('',#6114);
#2036=VERTEX_POINT('',#6116);
#2037=VERTEX_POINT('',#6125);
#2038=VERTEX_POINT('',#6128);
#2039=VERTEX_POINT('',#6130);
#2040=VERTEX_POINT('',#6134);
#2041=VERTEX_POINT('',#6136);
#2042=VERTEX_POINT('',#6140);
#2043=VERTEX_POINT('',#6141);
#2044=VERTEX_POINT('',#6146);
#2045=VERTEX_POINT('',#6147);
#2046=VERTEX_POINT('',#6149);
#2047=VERTEX_POINT('',#6151);
#2048=VERTEX_POINT('',#6157);
#2049=VERTEX_POINT('',#6163);
#2050=VERTEX_POINT('',#6166);
#2051=VERTEX_POINT('',#6168);
#2052=VERTEX_POINT('',#6171);
#2053=VERTEX_POINT('',#6176);
#2054=VERTEX_POINT('',#6178);
#2055=VERTEX_POINT('',#6181);
#2056=VERTEX_POINT('',#6184);
#2057=VERTEX_POINT('',#6185);
#2058=VERTEX_POINT('',#6191);
#2059=VERTEX_POINT('',#6193);
#2060=VERTEX_POINT('',#6195);
#2061=VERTEX_POINT('',#6197);
#2062=VERTEX_POINT('',#6201);
#2063=VERTEX_POINT('',#6203);
#2064=VERTEX_POINT('',#6206);
#2065=VERTEX_POINT('',#6209);
#2066=VERTEX_POINT('',#6212);
#2067=VERTEX_POINT('',#6213);
#2068=VERTEX_POINT('',#6215);
#2069=VERTEX_POINT('',#6217);
#2070=VERTEX_POINT('',#6219);
#2071=VERTEX_POINT('',#6221);
#2072=VERTEX_POINT('',#6224);
#2073=VERTEX_POINT('',#6226);
#2074=VERTEX_POINT('',#6230);
#2075=VERTEX_POINT('',#6231);
#2076=VERTEX_POINT('',#6233);
#2077=VERTEX_POINT('',#6235);
#2078=VERTEX_POINT('',#6237);
#2079=VERTEX_POINT('',#6239);
#2080=VERTEX_POINT('',#6241);
#2081=VERTEX_POINT('',#6243);
#2082=VERTEX_POINT('',#6250);
#2083=VERTEX_POINT('',#6251);
#2084=VERTEX_POINT('',#6253);
#2085=VERTEX_POINT('',#6255);
#2086=VERTEX_POINT('',#6259);
#2087=VERTEX_POINT('',#6261);
#2088=VERTEX_POINT('',#6265);
#2089=VERTEX_POINT('',#6269);
#2090=VERTEX_POINT('',#6273);
#2091=VERTEX_POINT('',#6275);
#2092=VERTEX_POINT('',#6279);
#2093=VERTEX_POINT('',#6281);
#2094=VERTEX_POINT('',#6295);
#2095=VERTEX_POINT('',#6296);
#2096=VERTEX_POINT('',#6298);
#2097=VERTEX_POINT('',#6300);
#2098=VERTEX_POINT('',#6307);
#2099=VERTEX_POINT('',#6308);
#2100=VERTEX_POINT('',#6310);
#2101=VERTEX_POINT('',#6312);
#2102=VERTEX_POINT('',#6319);
#2103=VERTEX_POINT('',#6320);
#2104=VERTEX_POINT('',#6322);
#2105=VERTEX_POINT('',#6324);
#2106=VERTEX_POINT('',#6352);
#2107=VERTEX_POINT('',#6353);
#2108=VERTEX_POINT('',#6361);
#2109=VERTEX_POINT('',#6363);
#2110=VERTEX_POINT('',#6367);
#2111=VERTEX_POINT('',#6368);
#2112=VERTEX_POINT('',#6374);
#2113=VERTEX_POINT('',#6390);
#2114=VERTEX_POINT('',#6392);
#2115=LINE('',#5317,#2578);
#2116=LINE('',#5320,#2579);
#2117=LINE('',#5322,#2580);
#2118=LINE('',#5324,#2581);
#2119=LINE('',#5326,#2582);
#2120=LINE('',#5328,#2583);
#2121=LINE('',#5330,#2584);
#2122=LINE('',#5332,#2585);
#2123=LINE('',#5334,#2586);
#2124=LINE('',#5336,#2587);
#2125=LINE('',#5338,#2588);
#2126=LINE('',#5340,#2589);
#2127=LINE('',#5343,#2590);
#2128=LINE('',#5345,#2591);
#2129=LINE('',#5347,#2592);
#2130=LINE('',#5349,#2593);
#2131=LINE('',#5352,#2594);
#2132=LINE('',#5353,#2595);
#2133=LINE('',#5354,#2596);
#2134=LINE('',#5356,#2597);
#2135=LINE('',#5358,#2598);
#2136=LINE('',#5361,#2599);
#2137=LINE('',#5362,#2600);
#2138=LINE('',#5364,#2601);
#2139=LINE('',#5366,#2602);
#2140=LINE('',#5368,#2603);
#2141=LINE('',#5369,#2604);
#2142=LINE('',#5370,#2605);
#2143=LINE('',#5373,#2606);
#2144=LINE('',#5375,#2607);
#2145=LINE('',#5378,#2608);
#2146=LINE('',#5380,#2609);
#2147=LINE('',#5382,#2610);
#2148=LINE('',#5388,#2611);
#2149=LINE('',#5390,#2612);
#2150=LINE('',#5392,#2613);
#2151=LINE('',#5394,#2614);
#2152=LINE('',#5396,#2615);
#2153=LINE('',#5398,#2616);
#2154=LINE('',#5400,#2617);
#2155=LINE('',#5402,#2618);
#2156=LINE('',#5404,#2619);
#2157=LINE('',#5406,#2620);
#2158=LINE('',#5408,#2621);
#2159=LINE('',#5410,#2622);
#2160=LINE('',#5412,#2623);
#2161=LINE('',#5414,#2624);
#2162=LINE('',#5416,#2625);
#2163=LINE('',#5418,#2626);
#2164=LINE('',#5420,#2627);
#2165=LINE('',#5422,#2628);
#2166=LINE('',#5424,#2629);
#2167=LINE('',#5426,#2630);
#2168=LINE('',#5428,#2631);
#2169=LINE('',#5430,#2632);
#2170=LINE('',#5432,#2633);
#2171=LINE('',#5434,#2634);
#2172=LINE('',#5435,#2635);
#2173=LINE('',#5437,#2636);
#2174=LINE('',#5439,#2637);
#2175=LINE('',#5441,#2638);
#2176=LINE('',#5443,#2639);
#2177=LINE('',#5445,#2640);
#2178=LINE('',#5447,#2641);
#2179=LINE('',#5449,#2642);
#2180=LINE('',#5451,#2643);
#2181=LINE('',#5453,#2644);
#2182=LINE('',#5456,#2645);
#2183=LINE('',#5458,#2646);
#2184=LINE('',#5460,#2647);
#2185=LINE('',#5462,#2648);
#2186=LINE('',#5465,#2649);
#2187=LINE('',#5466,#2650);
#2188=LINE('',#5467,#2651);
#2189=LINE('',#5469,#2652);
#2190=LINE('',#5471,#2653);
#2191=LINE('',#5473,#2654);
#2192=LINE('',#5474,#2655);
#2193=LINE('',#5477,#2656);
#2194=LINE('',#5479,#2657);
#2195=LINE('',#5482,#2658);
#2196=LINE('',#5484,#2659);
#2197=LINE('',#5486,#2660);
#2198=LINE('',#5488,#2661);
#2199=LINE('',#5490,#2662);
#2200=LINE('',#5492,#2663);
#2201=LINE('',#5494,#2664);
#2202=LINE('',#5496,#2665);
#2203=LINE('',#5498,#2666);
#2204=LINE('',#5500,#2667);
#2205=LINE('',#5503,#2668);
#2206=LINE('',#5505,#2669);
#2207=LINE('',#5507,#2670);
#2208=LINE('',#5509,#2671);
#2209=LINE('',#5511,#2672);
#2210=LINE('',#5513,#2673);
#2211=LINE('',#5515,#2674);
#2212=LINE('',#5518,#2675);
#2213=LINE('',#5520,#2676);
#2214=LINE('',#5522,#2677);
#2215=LINE('',#5524,#2678);
#2216=LINE('',#5526,#2679);
#2217=LINE('',#5528,#2680);
#2218=LINE('',#5534,#2681);
#2219=LINE('',#5537,#2682);
#2220=LINE('',#5538,#2683);
#2221=LINE('',#5540,#2684);
#2222=LINE('',#5542,#2685);
#2223=LINE('',#5543,#2686);
#2224=LINE('',#5545,#2687);
#2225=LINE('',#5547,#2688);
#2226=LINE('',#5549,#2689);
#2227=LINE('',#5551,#2690);
#2228=LINE('',#5553,#2691);
#2229=LINE('',#5555,#2692);
#2230=LINE('',#5557,#2693);
#2231=LINE('',#5559,#2694);
#2232=LINE('',#5561,#2695);
#2233=LINE('',#5563,#2696);
#2234=LINE('',#5577,#2697);
#2235=LINE('',#5579,#2698);
#2236=LINE('',#5581,#2699);
#2237=LINE('',#5583,#2700);
#2238=LINE('',#5587,#2701);
#2239=LINE('',#5590,#2702);
#2240=LINE('',#5591,#2703);
#2241=LINE('',#5593,#2704);
#2242=LINE('',#5594,#2705);
#2243=LINE('',#5597,#2706);
#2244=LINE('',#5599,#2707);
#2245=LINE('',#5601,#2708);
#2246=LINE('',#5603,#2709);
#2247=LINE('',#5607,#2710);
#2248=LINE('',#5609,#2711);
#2249=LINE('',#5613,#2712);
#2250=LINE('',#5617,#2713);
#2251=LINE('',#5621,#2714);
#2252=LINE('',#5623,#2715);
#2253=LINE('',#5628,#2716);
#2254=LINE('',#5633,#2717);
#2255=LINE('',#5637,#2718);
#2256=LINE('',#5638,#2719);
#2257=LINE('',#5642,#2720);
#2258=LINE('',#5644,#2721);
#2259=LINE('',#5649,#2722);
#2260=LINE('',#5654,#2723);
#2261=LINE('',#5658,#2724);
#2262=LINE('',#5659,#2725);
#2263=LINE('',#5663,#2726);
#2264=LINE('',#5665,#2727);
#2265=LINE('',#5667,#2728);
#2266=LINE('',#5676,#2729);
#2267=LINE('',#5680,#2730);
#2268=LINE('',#5684,#2731);
#2269=LINE('',#5688,#2732);
#2270=LINE('',#5690,#2733);
#2271=LINE('',#5699,#2734);
#2272=LINE('',#5703,#2735);
#2273=LINE('',#5707,#2736);
#2274=LINE('',#5711,#2737);
#2275=LINE('',#5713,#2738);
#2276=LINE('',#5722,#2739);
#2277=LINE('',#5726,#2740);
#2278=LINE('',#5730,#2741);
#2279=LINE('',#5734,#2742);
#2280=LINE('',#5736,#2743);
#2281=LINE('',#5739,#2744);
#2282=LINE('',#5741,#2745);
#2283=LINE('',#5743,#2746);
#2284=LINE('',#5745,#2747);
#2285=LINE('',#5748,#2748);
#2286=LINE('',#5750,#2749);
#2287=LINE('',#5752,#2750);
#2288=LINE('',#5754,#2751);
#2289=LINE('',#5755,#2752);
#2290=LINE('',#5757,#2753);
#2291=LINE('',#5759,#2754);
#2292=LINE('',#5761,#2755);
#2293=LINE('',#5763,#2756);
#2294=LINE('',#5765,#2757);
#2295=LINE('',#5767,#2758);
#2296=LINE('',#5769,#2759);
#2297=LINE('',#5771,#2760);
#2298=LINE('',#5774,#2761);
#2299=LINE('',#5776,#2762);
#2300=LINE('',#5778,#2763);
#2301=LINE('',#5780,#2764);
#2302=LINE('',#5783,#2765);
#2303=LINE('',#5785,#2766);
#2304=LINE('',#5787,#2767);
#2305=LINE('',#5789,#2768);
#2306=LINE('',#5790,#2769);
#2307=LINE('',#5792,#2770);
#2308=LINE('',#5794,#2771);
#2309=LINE('',#5796,#2772);
#2310=LINE('',#5798,#2773);
#2311=LINE('',#5800,#2774);
#2312=LINE('',#5802,#2775);
#2313=LINE('',#5804,#2776);
#2314=LINE('',#5806,#2777);
#2315=LINE('',#5809,#2778);
#2316=LINE('',#5811,#2779);
#2317=LINE('',#5813,#2780);
#2318=LINE('',#5815,#2781);
#2319=LINE('',#5818,#2782);
#2320=LINE('',#5819,#2783);
#2321=LINE('',#5821,#2784);
#2322=LINE('',#5823,#2785);
#2323=LINE('',#5825,#2786);
#2324=LINE('',#5828,#2787);
#2325=LINE('',#5829,#2788);
#2326=LINE('',#5831,#2789);
#2327=LINE('',#5834,#2790);
#2328=LINE('',#5835,#2791);
#2329=LINE('',#5837,#2792);
#2330=LINE('',#5839,#2793);
#2331=LINE('',#5841,#2794);
#2332=LINE('',#5844,#2795);
#2333=LINE('',#5845,#2796);
#2334=LINE('',#5847,#2797);
#2335=LINE('',#5850,#2798);
#2336=LINE('',#5851,#2799);
#2337=LINE('',#5853,#2800);
#2338=LINE('',#5855,#2801);
#2339=LINE('',#5857,#2802);
#2340=LINE('',#5860,#2803);
#2341=LINE('',#5861,#2804);
#2342=LINE('',#5863,#2805);
#2343=LINE('',#5866,#2806);
#2344=LINE('',#5867,#2807);
#2345=LINE('',#5869,#2808);
#2346=LINE('',#5871,#2809);
#2347=LINE('',#5873,#2810);
#2348=LINE('',#5876,#2811);
#2349=LINE('',#5877,#2812);
#2350=LINE('',#5879,#2813);
#2351=LINE('',#5882,#2814);
#2352=LINE('',#5883,#2815);
#2353=LINE('',#5885,#2816);
#2354=LINE('',#5888,#2817);
#2355=LINE('',#5889,#2818);
#2356=LINE('',#5891,#2819);
#2357=LINE('',#5894,#2820);
#2358=LINE('',#5896,#2821);
#2359=LINE('',#5898,#2822);
#2360=LINE('',#5900,#2823);
#2361=LINE('',#5903,#2824);
#2362=LINE('',#5905,#2825);
#2363=LINE('',#5907,#2826);
#2364=LINE('',#5909,#2827);
#2365=LINE('',#5910,#2828);
#2366=LINE('',#5912,#2829);
#2367=LINE('',#5914,#2830);
#2368=LINE('',#5916,#2831);
#2369=LINE('',#5918,#2832);
#2370=LINE('',#5920,#2833);
#2371=LINE('',#5922,#2834);
#2372=LINE('',#5925,#2835);
#2373=LINE('',#5926,#2836);
#2374=LINE('',#5928,#2837);
#2375=LINE('',#5930,#2838);
#2376=LINE('',#5932,#2839);
#2377=LINE('',#5934,#2840);
#2378=LINE('',#5936,#2841);
#2379=LINE('',#5938,#2842);
#2380=LINE('',#5940,#2843);
#2381=LINE('',#5942,#2844);
#2382=LINE('',#5944,#2845);
#2383=LINE('',#5946,#2846);
#2384=LINE('',#5947,#2847);
#2385=LINE('',#5949,#2848);
#2386=LINE('',#5950,#2849);
#2387=LINE('',#5952,#2850);
#2388=LINE('',#5954,#2851);
#2389=LINE('',#5956,#2852);
#2390=LINE('',#5958,#2853);
#2391=LINE('',#5960,#2854);
#2392=LINE('',#5962,#2855);
#2393=LINE('',#5965,#2856);
#2394=LINE('',#5967,#2857);
#2395=LINE('',#5969,#2858);
#2396=LINE('',#5971,#2859);
#2397=LINE('',#5973,#2860);
#2398=LINE('',#5975,#2861);
#2399=LINE('',#5977,#2862);
#2400=LINE('',#5980,#2863);
#2401=LINE('',#5982,#2864);
#2402=LINE('',#5984,#2865);
#2403=LINE('',#5986,#2866);
#2404=LINE('',#5989,#2867);
#2405=LINE('',#5990,#2868);
#2406=LINE('',#5992,#2869);
#2407=LINE('',#5995,#2870);
#2408=LINE('',#5997,#2871);
#2409=LINE('',#5999,#2872);
#2410=LINE('',#6001,#2873);
#2411=LINE('',#6004,#2874);
#2412=LINE('',#6005,#2875);
#2413=LINE('',#6007,#2876);
#2414=LINE('',#6010,#2877);
#2415=LINE('',#6012,#2878);
#2416=LINE('',#6014,#2879);
#2417=LINE('',#6016,#2880);
#2418=LINE('',#6019,#2881);
#2419=LINE('',#6020,#2882);
#2420=LINE('',#6028,#2883);
#2421=LINE('',#6030,#2884);
#2422=LINE('',#6032,#2885);
#2423=LINE('',#6034,#2886);
#2424=LINE('',#6037,#2887);
#2425=LINE('',#6038,#2888);
#2426=LINE('',#6040,#2889);
#2427=LINE('',#6043,#2890);
#2428=LINE('',#6045,#2891);
#2429=LINE('',#6047,#2892);
#2430=LINE('',#6050,#2893);
#2431=LINE('',#6053,#2894);
#2432=LINE('',#6063,#2895);
#2433=LINE('',#6065,#2896);
#2434=LINE('',#6067,#2897);
#2435=LINE('',#6069,#2898);
#2436=LINE('',#6071,#2899);
#2437=LINE('',#6073,#2900);
#2438=LINE('',#6075,#2901);
#2439=LINE('',#6078,#2902);
#2440=LINE('',#6080,#2903);
#2441=LINE('',#6082,#2904);
#2442=LINE('',#6084,#2905);
#2443=LINE('',#6090,#2906);
#2444=LINE('',#6098,#2907);
#2445=LINE('',#6100,#2908);
#2446=LINE('',#6102,#2909);
#2447=LINE('',#6104,#2910);
#2448=LINE('',#6106,#2911);
#2449=LINE('',#6108,#2912);
#2450=LINE('',#6110,#2913);
#2451=LINE('',#6113,#2914);
#2452=LINE('',#6115,#2915);
#2453=LINE('',#6117,#2916);
#2454=LINE('',#6119,#2917);
#2455=LINE('',#6123,#2918);
#2456=LINE('',#6133,#2919);
#2457=LINE('',#6135,#2920);
#2458=LINE('',#6137,#2921);
#2459=LINE('',#6139,#2922);
#2460=LINE('',#6142,#2923);
#2461=LINE('',#6143,#2924);
#2462=LINE('',#6145,#2925);
#2463=LINE('',#6148,#2926);
#2464=LINE('',#6150,#2927);
#2465=LINE('',#6152,#2928);
#2466=LINE('',#6155,#2929);
#2467=LINE('',#6160,#2930);
#2468=LINE('',#6183,#2931);
#2469=LINE('',#6194,#2932);
#2470=LINE('',#6198,#2933);
#2471=LINE('',#6211,#2934);
#2472=LINE('',#6214,#2935);
#2473=LINE('',#6216,#2936);
#2474=LINE('',#6218,#2937);
#2475=LINE('',#6220,#2938);
#2476=LINE('',#6222,#2939);
#2477=LINE('',#6223,#2940);
#2478=LINE('',#6225,#2941);
#2479=LINE('',#6227,#2942);
#2480=LINE('',#6229,#2943);
#2481=LINE('',#6232,#2944);
#2482=LINE('',#6234,#2945);
#2483=LINE('',#6236,#2946);
#2484=LINE('',#6238,#2947);
#2485=LINE('',#6240,#2948);
#2486=LINE('',#6242,#2949);
#2487=LINE('',#6244,#2950);
#2488=LINE('',#6246,#2951);
#2489=LINE('',#6247,#2952);
#2490=LINE('',#6249,#2953);
#2491=LINE('',#6252,#2954);
#2492=LINE('',#6254,#2955);
#2493=LINE('',#6256,#2956);
#2494=LINE('',#6258,#2957);
#2495=LINE('',#6260,#2958);
#2496=LINE('',#6262,#2959);
#2497=LINE('',#6264,#2960);
#2498=LINE('',#6266,#2961);
#2499=LINE('',#6268,#2962);
#2500=LINE('',#6270,#2963);
#2501=LINE('',#6272,#2964);
#2502=LINE('',#6274,#2965);
#2503=LINE('',#6276,#2966);
#2504=LINE('',#6278,#2967);
#2505=LINE('',#6280,#2968);
#2506=LINE('',#6282,#2969);
#2507=LINE('',#6284,#2970);
#2508=LINE('',#6285,#2971);
#2509=LINE('',#6286,#2972);
#2510=LINE('',#6287,#2973);
#2511=LINE('',#6288,#2974);
#2512=LINE('',#6291,#2975);
#2513=LINE('',#6292,#2976);
#2514=LINE('',#6294,#2977);
#2515=LINE('',#6297,#2978);
#2516=LINE('',#6299,#2979);
#2517=LINE('',#6301,#2980);
#2518=LINE('',#6303,#2981);
#2519=LINE('',#6304,#2982);
#2520=LINE('',#6306,#2983);
#2521=LINE('',#6309,#2984);
#2522=LINE('',#6311,#2985);
#2523=LINE('',#6313,#2986);
#2524=LINE('',#6315,#2987);
#2525=LINE('',#6316,#2988);
#2526=LINE('',#6318,#2989);
#2527=LINE('',#6321,#2990);
#2528=LINE('',#6323,#2991);
#2529=LINE('',#6325,#2992);
#2530=LINE('',#6327,#2993);
#2531=LINE('',#6328,#2994);
#2532=LINE('',#6330,#2995);
#2533=LINE('',#6332,#2996);
#2534=LINE('',#6334,#2997);
#2535=LINE('',#6335,#2998);
#2536=LINE('',#6337,#2999);
#2537=LINE('',#6339,#3000);
#2538=LINE('',#6340,#3001);
#2539=LINE('',#6342,#3002);
#2540=LINE('',#6344,#3003);
#2541=LINE('',#6345,#3004);
#2542=LINE('',#6346,#3005);
#2543=LINE('',#6351,#3006);
#2544=LINE('',#6354,#3007);
#2545=LINE('',#6355,#3008);
#2546=LINE('',#6357,#3009);
#2547=LINE('',#6358,#3010);
#2548=LINE('',#6360,#3011);
#2549=LINE('',#6362,#3012);
#2550=LINE('',#6364,#3013);
#2551=LINE('',#6366,#3014);
#2552=LINE('',#6369,#3015);
#2553=LINE('',#6370,#3016);
#2554=LINE('',#6385,#3017);
#2555=LINE('',#6387,#3018);
#2556=LINE('',#6388,#3019);
#2557=LINE('',#6389,#3020);
#2558=LINE('',#6391,#3021);
#2559=LINE('',#6393,#3022);
#2560=LINE('',#6395,#3023);
#2561=LINE('',#6396,#3024);
#2562=LINE('',#6398,#3025);
#2563=LINE('',#6399,#3026);
#2564=LINE('',#6401,#3027);
#2565=LINE('',#6402,#3028);
#2566=LINE('',#6404,#3029);
#2567=LINE('',#6405,#3030);
#2568=LINE('',#6407,#3031);
#2569=LINE('',#6408,#3032);
#2570=LINE('',#6410,#3033);
#2571=LINE('',#6411,#3034);
#2572=LINE('',#6421,#3035);
#2573=LINE('',#6422,#3036);
#2574=LINE('',#6423,#3037);
#2575=LINE('',#6425,#3038);
#2576=LINE('',#6427,#3039);
#2577=LINE('',#6429,#3040);
#2578=VECTOR('',#4266,1000.);
#2579=VECTOR('',#4267,1000.);
#2580=VECTOR('',#4268,1000.);
#2581=VECTOR('',#4269,1000.);
#2582=VECTOR('',#4270,1000.);
#2583=VECTOR('',#4271,1000.);
#2584=VECTOR('',#4272,1000.);
#2585=VECTOR('',#4273,1000.);
#2586=VECTOR('',#4276,1000.);
#2587=VECTOR('',#4277,1000.);
#2588=VECTOR('',#4278,1000.);
#2589=VECTOR('',#4281,1000.);
#2590=VECTOR('',#4282,1000.);
#2591=VECTOR('',#4283,1000.);
#2592=VECTOR('',#4284,1000.);
#2593=VECTOR('',#4287,1000.);
#2594=VECTOR('',#4288,1000.);
#2595=VECTOR('',#4289,1000.);
#2596=VECTOR('',#4290,1000.);
#2597=VECTOR('',#4291,1000.);
#2598=VECTOR('',#4294,1000.);
#2599=VECTOR('',#4295,1000.);
#2600=VECTOR('',#4296,1000.);
#2601=VECTOR('',#4299,1000.);
#2602=VECTOR('',#4300,1000.);
#2603=VECTOR('',#4301,1000.);
#2604=VECTOR('',#4302,1000.);
#2605=VECTOR('',#4303,1000.);
#2606=VECTOR('',#4308,1000.);
#2607=VECTOR('',#4311,1000.);
#2608=VECTOR('',#4316,1000.);
#2609=VECTOR('',#4317,1000.);
#2610=VECTOR('',#4318,1000.);
#2611=VECTOR('',#4325,1000.);
#2612=VECTOR('',#4326,1000.);
#2613=VECTOR('',#4327,1000.);
#2614=VECTOR('',#4328,1000.);
#2615=VECTOR('',#4329,1000.);
#2616=VECTOR('',#4330,1000.);
#2617=VECTOR('',#4331,1000.);
#2618=VECTOR('',#4332,1000.);
#2619=VECTOR('',#4333,1000.);
#2620=VECTOR('',#4334,1000.);
#2621=VECTOR('',#4335,1000.);
#2622=VECTOR('',#4336,1000.);
#2623=VECTOR('',#4337,1000.);
#2624=VECTOR('',#4338,1000.);
#2625=VECTOR('',#4339,1000.);
#2626=VECTOR('',#4342,1000.);
#2627=VECTOR('',#4343,1000.);
#2628=VECTOR('',#4344,1000.);
#2629=VECTOR('',#4345,1000.);
#2630=VECTOR('',#4346,1000.);
#2631=VECTOR('',#4347,1000.);
#2632=VECTOR('',#4350,1000.);
#2633=VECTOR('',#4353,1000.);
#2634=VECTOR('',#4354,1000.);
#2635=VECTOR('',#4355,1000.);
#2636=VECTOR('',#4356,1000.);
#2637=VECTOR('',#4357,1000.);
#2638=VECTOR('',#4358,1000.);
#2639=VECTOR('',#4361,1000.);
#2640=VECTOR('',#4362,1000.);
#2641=VECTOR('',#4365,1000.);
#2642=VECTOR('',#4366,1000.);
#2643=VECTOR('',#4367,1000.);
#2644=VECTOR('',#4370,1000.);
#2645=VECTOR('',#4371,1000.);
#2646=VECTOR('',#4372,1000.);
#2647=VECTOR('',#4373,1000.);
#2648=VECTOR('',#4376,1000.);
#2649=VECTOR('',#4377,1000.);
#2650=VECTOR('',#4378,1000.);
#2651=VECTOR('',#4379,1000.);
#2652=VECTOR('',#4382,1000.);
#2653=VECTOR('',#4383,1000.);
#2654=VECTOR('',#4384,1000.);
#2655=VECTOR('',#4385,1000.);
#2656=VECTOR('',#4390,1000.);
#2657=VECTOR('',#4393,1000.);
#2658=VECTOR('',#4398,1000.);
#2659=VECTOR('',#4399,1000.);
#2660=VECTOR('',#4400,1000.);
#2661=VECTOR('',#4401,1000.);
#2662=VECTOR('',#4402,1000.);
#2663=VECTOR('',#4403,1000.);
#2664=VECTOR('',#4404,1000.);
#2665=VECTOR('',#4405,1000.);
#2666=VECTOR('',#4408,1000.);
#2667=VECTOR('',#4411,1000.);
#2668=VECTOR('',#4412,1000.);
#2669=VECTOR('',#4413,1000.);
#2670=VECTOR('',#4414,1000.);
#2671=VECTOR('',#4417,1000.);
#2672=VECTOR('',#4418,1000.);
#2673=VECTOR('',#4419,1000.);
#2674=VECTOR('',#4422,1000.);
#2675=VECTOR('',#4423,1000.);
#2676=VECTOR('',#4424,1000.);
#2677=VECTOR('',#4425,1000.);
#2678=VECTOR('',#4428,1000.);
#2679=VECTOR('',#4429,1000.);
#2680=VECTOR('',#4430,1000.);
#2681=VECTOR('',#4437,1000.);
#2682=VECTOR('',#4438,1000.);
#2683=VECTOR('',#4439,1000.);
#2684=VECTOR('',#4440,1000.);
#2685=VECTOR('',#4441,1000.);
#2686=VECTOR('',#4442,1000.);
#2687=VECTOR('',#4445,1000.);
#2688=VECTOR('',#4446,1000.);
#2689=VECTOR('',#4447,1000.);
#2690=VECTOR('',#4448,1000.);
#2691=VECTOR('',#4449,1000.);
#2692=VECTOR('',#4452,1000.);
#2693=VECTOR('',#4453,1000.);
#2694=VECTOR('',#4454,1000.);
#2695=VECTOR('',#4455,1000.);
#2696=VECTOR('',#4456,1000.);
#2697=VECTOR('',#4475,1000.);
#2698=VECTOR('',#4476,1000.);
#2699=VECTOR('',#4479,1000.);
#2700=VECTOR('',#4480,1000.);
#2701=VECTOR('',#4485,1000.);
#2702=VECTOR('',#4490,1000.);
#2703=VECTOR('',#4491,1000.);
#2704=VECTOR('',#4494,1000.);
#2705=VECTOR('',#4495,1000.);
#2706=VECTOR('',#4500,1000.);
#2707=VECTOR('',#4503,1000.);
#2708=VECTOR('',#4506,1000.);
#2709=VECTOR('',#4509,1000.);
#2710=VECTOR('',#4514,1000.);
#2711=VECTOR('',#4517,1000.);
#2712=VECTOR('',#4520,1000.);
#2713=VECTOR('',#4523,1000.);
#2714=VECTOR('',#4526,1000.);
#2715=VECTOR('',#4529,1000.);
#2716=VECTOR('',#4534,1000.);
#2717=VECTOR('',#4537,1000.);
#2718=VECTOR('',#4540,1000.);
#2719=VECTOR('',#4541,1000.);
#2720=VECTOR('',#4546,1000.);
#2721=VECTOR('',#4549,1000.);
#2722=VECTOR('',#4554,1000.);
#2723=VECTOR('',#4557,1000.);
#2724=VECTOR('',#4560,1000.);
#2725=VECTOR('',#4561,1000.);
#2726=VECTOR('',#4566,1000.);
#2727=VECTOR('',#4569,1000.);
#2728=VECTOR('',#4572,1000.);
#2729=VECTOR('',#4579,1000.);
#2730=VECTOR('',#4582,1000.);
#2731=VECTOR('',#4585,1000.);
#2732=VECTOR('',#4590,1000.);
#2733=VECTOR('',#4593,1000.);
#2734=VECTOR('',#4600,1000.);
#2735=VECTOR('',#4603,1000.);
#2736=VECTOR('',#4606,1000.);
#2737=VECTOR('',#4611,1000.);
#2738=VECTOR('',#4614,1000.);
#2739=VECTOR('',#4621,1000.);
#2740=VECTOR('',#4624,1000.);
#2741=VECTOR('',#4627,1000.);
#2742=VECTOR('',#4632,1000.);
#2743=VECTOR('',#4635,1000.);
#2744=VECTOR('',#4636,1000.);
#2745=VECTOR('',#4637,1000.);
#2746=VECTOR('',#4638,1000.);
#2747=VECTOR('',#4641,1000.);
#2748=VECTOR('',#4642,1000.);
#2749=VECTOR('',#4643,1000.);
#2750=VECTOR('',#4644,1000.);
#2751=VECTOR('',#4647,1000.);
#2752=VECTOR('',#4648,1000.);
#2753=VECTOR('',#4651,1000.);
#2754=VECTOR('',#4652,1000.);
#2755=VECTOR('',#4653,1000.);
#2756=VECTOR('',#4656,1000.);
#2757=VECTOR('',#4657,1000.);
#2758=VECTOR('',#4658,1000.);
#2759=VECTOR('',#4661,1000.);
#2760=VECTOR('',#4664,1000.);
#2761=VECTOR('',#4665,1000.);
#2762=VECTOR('',#4666,1000.);
#2763=VECTOR('',#4667,1000.);
#2764=VECTOR('',#4670,1000.);
#2765=VECTOR('',#4671,1000.);
#2766=VECTOR('',#4672,1000.);
#2767=VECTOR('',#4673,1000.);
#2768=VECTOR('',#4676,1000.);
#2769=VECTOR('',#4677,1000.);
#2770=VECTOR('',#4680,1000.);
#2771=VECTOR('',#4681,1000.);
#2772=VECTOR('',#4682,1000.);
#2773=VECTOR('',#4685,1000.);
#2774=VECTOR('',#4686,1000.);
#2775=VECTOR('',#4687,1000.);
#2776=VECTOR('',#4690,1000.);
#2777=VECTOR('',#4693,1000.);
#2778=VECTOR('',#4694,1000.);
#2779=VECTOR('',#4695,1000.);
#2780=VECTOR('',#4696,1000.);
#2781=VECTOR('',#4699,1000.);
#2782=VECTOR('',#4700,1000.);
#2783=VECTOR('',#4701,1000.);
#2784=VECTOR('',#4704,1000.);
#2785=VECTOR('',#4705,1000.);
#2786=VECTOR('',#4708,1000.);
#2787=VECTOR('',#4709,1000.);
#2788=VECTOR('',#4710,1000.);
#2789=VECTOR('',#4713,1000.);
#2790=VECTOR('',#4714,1000.);
#2791=VECTOR('',#4715,1000.);
#2792=VECTOR('',#4718,1000.);
#2793=VECTOR('',#4719,1000.);
#2794=VECTOR('',#4722,1000.);
#2795=VECTOR('',#4723,1000.);
#2796=VECTOR('',#4724,1000.);
#2797=VECTOR('',#4727,1000.);
#2798=VECTOR('',#4728,1000.);
#2799=VECTOR('',#4729,1000.);
#2800=VECTOR('',#4732,1000.);
#2801=VECTOR('',#4733,1000.);
#2802=VECTOR('',#4736,1000.);
#2803=VECTOR('',#4737,1000.);
#2804=VECTOR('',#4738,1000.);
#2805=VECTOR('',#4741,1000.);
#2806=VECTOR('',#4742,1000.);
#2807=VECTOR('',#4743,1000.);
#2808=VECTOR('',#4746,1000.);
#2809=VECTOR('',#4747,1000.);
#2810=VECTOR('',#4750,1000.);
#2811=VECTOR('',#4751,1000.);
#2812=VECTOR('',#4752,1000.);
#2813=VECTOR('',#4755,1000.);
#2814=VECTOR('',#4756,1000.);
#2815=VECTOR('',#4757,1000.);
#2816=VECTOR('',#4760,1000.);
#2817=VECTOR('',#4761,1000.);
#2818=VECTOR('',#4762,1000.);
#2819=VECTOR('',#4765,1000.);
#2820=VECTOR('',#4766,1000.);
#2821=VECTOR('',#4767,1000.);
#2822=VECTOR('',#4768,1000.);
#2823=VECTOR('',#4771,1000.);
#2824=VECTOR('',#4772,1000.);
#2825=VECTOR('',#4773,1000.);
#2826=VECTOR('',#4774,1000.);
#2827=VECTOR('',#4777,1000.);
#2828=VECTOR('',#4778,1000.);
#2829=VECTOR('',#4781,1000.);
#2830=VECTOR('',#4782,1000.);
#2831=VECTOR('',#4783,1000.);
#2832=VECTOR('',#4784,1000.);
#2833=VECTOR('',#4785,1000.);
#2834=VECTOR('',#4788,1000.);
#2835=VECTOR('',#4789,1000.);
#2836=VECTOR('',#4790,1000.);
#2837=VECTOR('',#4793,1000.);
#2838=VECTOR('',#4794,1000.);
#2839=VECTOR('',#4795,1000.);
#2840=VECTOR('',#4798,1000.);
#2841=VECTOR('',#4801,1000.);
#2842=VECTOR('',#4802,1000.);
#2843=VECTOR('',#4803,1000.);
#2844=VECTOR('',#4804,1000.);
#2845=VECTOR('',#4805,1000.);
#2846=VECTOR('',#4808,1000.);
#2847=VECTOR('',#4809,1000.);
#2848=VECTOR('',#4810,1000.);
#2849=VECTOR('',#4811,1000.);
#2850=VECTOR('',#4812,1000.);
#2851=VECTOR('',#4815,1000.);
#2852=VECTOR('',#4816,1000.);
#2853=VECTOR('',#4819,1000.);
#2854=VECTOR('',#4820,1000.);
#2855=VECTOR('',#4823,1000.);
#2856=VECTOR('',#4824,1000.);
#2857=VECTOR('',#4825,1000.);
#2858=VECTOR('',#4826,1000.);
#2859=VECTOR('',#4829,1000.);
#2860=VECTOR('',#4830,1000.);
#2861=VECTOR('',#4831,1000.);
#2862=VECTOR('',#4834,1000.);
#2863=VECTOR('',#4835,1000.);
#2864=VECTOR('',#4836,1000.);
#2865=VECTOR('',#4837,1000.);
#2866=VECTOR('',#4840,1000.);
#2867=VECTOR('',#4841,1000.);
#2868=VECTOR('',#4842,1000.);
#2869=VECTOR('',#4845,1000.);
#2870=VECTOR('',#4846,1000.);
#2871=VECTOR('',#4847,1000.);
#2872=VECTOR('',#4848,1000.);
#2873=VECTOR('',#4851,1000.);
#2874=VECTOR('',#4852,1000.);
#2875=VECTOR('',#4853,1000.);
#2876=VECTOR('',#4856,1000.);
#2877=VECTOR('',#4857,1000.);
#2878=VECTOR('',#4858,1000.);
#2879=VECTOR('',#4859,1000.);
#2880=VECTOR('',#4862,1000.);
#2881=VECTOR('',#4863,1000.);
#2882=VECTOR('',#4864,1000.);
#2883=VECTOR('',#4875,1000.);
#2884=VECTOR('',#4876,1000.);
#2885=VECTOR('',#4877,1000.);
#2886=VECTOR('',#4880,1000.);
#2887=VECTOR('',#4881,1000.);
#2888=VECTOR('',#4882,1000.);
#2889=VECTOR('',#4885,1000.);
#2890=VECTOR('',#4886,1000.);
#2891=VECTOR('',#4887,1000.);
#2892=VECTOR('',#4888,1000.);
#2893=VECTOR('',#4893,1000.);
#2894=VECTOR('',#4898,1000.);
#2895=VECTOR('',#4911,1000.);
#2896=VECTOR('',#4912,1000.);
#2897=VECTOR('',#4913,1000.);
#2898=VECTOR('',#4916,1000.);
#2899=VECTOR('',#4917,1000.);
#2900=VECTOR('',#4918,1000.);
#2901=VECTOR('',#4921,1000.);
#2902=VECTOR('',#4922,1000.);
#2903=VECTOR('',#4923,1000.);
#2904=VECTOR('',#4924,1000.);
#2905=VECTOR('',#4927,1000.);
#2906=VECTOR('',#4936,1000.);
#2907=VECTOR('',#4947,1000.);
#2908=VECTOR('',#4948,1000.);
#2909=VECTOR('',#4949,1000.);
#2910=VECTOR('',#4952,1000.);
#2911=VECTOR('',#4953,1000.);
#2912=VECTOR('',#4954,1000.);
#2913=VECTOR('',#4957,1000.);
#2914=VECTOR('',#4958,1000.);
#2915=VECTOR('',#4959,1000.);
#2916=VECTOR('',#4960,1000.);
#2917=VECTOR('',#4963,1000.);
#2918=VECTOR('',#4970,1000.);
#2919=VECTOR('',#4983,1000.);
#2920=VECTOR('',#4984,1000.);
#2921=VECTOR('',#4985,1000.);
#2922=VECTOR('',#4988,1000.);
#2923=VECTOR('',#4989,1000.);
#2924=VECTOR('',#4990,1000.);
#2925=VECTOR('',#4993,1000.);
#2926=VECTOR('',#4994,1000.);
#2927=VECTOR('',#4995,1000.);
#2928=VECTOR('',#4996,1000.);
#2929=VECTOR('',#5001,1000.);
#2930=VECTOR('',#5008,1000.);
#2931=VECTOR('',#5039,1000.);
#2932=VECTOR('',#5052,1000.);
#2933=VECTOR('',#5055,1000.);
#2934=VECTOR('',#5072,1000.);
#2935=VECTOR('',#5073,1000.);
#2936=VECTOR('',#5074,1000.);
#2937=VECTOR('',#5075,1000.);
#2938=VECTOR('',#5076,1000.);
#2939=VECTOR('',#5077,1000.);
#2940=VECTOR('',#5078,1000.);
#2941=VECTOR('',#5079,1000.);
#2942=VECTOR('',#5080,1000.);
#2943=VECTOR('',#5083,1000.);
#2944=VECTOR('',#5084,1000.);
#2945=VECTOR('',#5085,1000.);
#2946=VECTOR('',#5086,1000.);
#2947=VECTOR('',#5087,1000.);
#2948=VECTOR('',#5088,1000.);
#2949=VECTOR('',#5089,1000.);
#2950=VECTOR('',#5090,1000.);
#2951=VECTOR('',#5093,1000.);
#2952=VECTOR('',#5094,1000.);
#2953=VECTOR('',#5097,1000.);
#2954=VECTOR('',#5098,1000.);
#2955=VECTOR('',#5099,1000.);
#2956=VECTOR('',#5100,1000.);
#2957=VECTOR('',#5103,1000.);
#2958=VECTOR('',#5104,1000.);
#2959=VECTOR('',#5105,1000.);
#2960=VECTOR('',#5108,1000.);
#2961=VECTOR('',#5109,1000.);
#2962=VECTOR('',#5112,1000.);
#2963=VECTOR('',#5113,1000.);
#2964=VECTOR('',#5116,1000.);
#2965=VECTOR('',#5117,1000.);
#2966=VECTOR('',#5118,1000.);
#2967=VECTOR('',#5121,1000.);
#2968=VECTOR('',#5122,1000.);
#2969=VECTOR('',#5123,1000.);
#2970=VECTOR('',#5126,1000.);
#2971=VECTOR('',#5127,1000.);
#2972=VECTOR('',#5128,1000.);
#2973=VECTOR('',#5129,1000.);
#2974=VECTOR('',#5130,1000.);
#2975=VECTOR('',#5135,1000.);
#2976=VECTOR('',#5136,1000.);
#2977=VECTOR('',#5139,1000.);
#2978=VECTOR('',#5140,1000.);
#2979=VECTOR('',#5141,1000.);
#2980=VECTOR('',#5142,1000.);
#2981=VECTOR('',#5145,1000.);
#2982=VECTOR('',#5146,1000.);
#2983=VECTOR('',#5149,1000.);
#2984=VECTOR('',#5150,1000.);
#2985=VECTOR('',#5151,1000.);
#2986=VECTOR('',#5152,1000.);
#2987=VECTOR('',#5155,1000.);
#2988=VECTOR('',#5156,1000.);
#2989=VECTOR('',#5159,1000.);
#2990=VECTOR('',#5160,1000.);
#2991=VECTOR('',#5161,1000.);
#2992=VECTOR('',#5162,1000.);
#2993=VECTOR('',#5165,1000.);
#2994=VECTOR('',#5166,1000.);
#2995=VECTOR('',#5169,1000.);
#2996=VECTOR('',#5172,1000.);
#2997=VECTOR('',#5175,1000.);
#2998=VECTOR('',#5176,1000.);
#2999=VECTOR('',#5179,1000.);
#3000=VECTOR('',#5182,1000.);
#3001=VECTOR('',#5183,1000.);
#3002=VECTOR('',#5186,1000.);
#3003=VECTOR('',#5189,1000.);
#3004=VECTOR('',#5190,1000.);
#3005=VECTOR('',#5191,1000.);
#3006=VECTOR('',#5200,1000.);
#3007=VECTOR('',#5201,1000.);
#3008=VECTOR('',#5202,1000.);
#3009=VECTOR('',#5205,1000.);
#3010=VECTOR('',#5206,1000.);
#3011=VECTOR('',#5209,1000.);
#3012=VECTOR('',#5210,1000.);
#3013=VECTOR('',#5211,1000.);
#3014=VECTOR('',#5214,1000.);
#3015=VECTOR('',#5215,1000.);
#3016=VECTOR('',#5216,1000.);
#3017=VECTOR('',#5243,1000.);
#3018=VECTOR('',#5246,1000.);
#3019=VECTOR('',#5247,1000.);
#3020=VECTOR('',#5248,1000.);
#3021=VECTOR('',#5249,1000.);
#3022=VECTOR('',#5250,1000.);
#3023=VECTOR('',#5253,1000.);
#3024=VECTOR('',#5254,1000.);
#3025=VECTOR('',#5257,1000.);
#3026=VECTOR('',#5258,1000.);
#3027=VECTOR('',#5261,1000.);
#3028=VECTOR('',#5262,1000.);
#3029=VECTOR('',#5265,1000.);
#3030=VECTOR('',#5266,1000.);
#3031=VECTOR('',#5269,1000.);
#3032=VECTOR('',#5270,1000.);
#3033=VECTOR('',#5273,1000.);
#3034=VECTOR('',#5274,1000.);
#3035=VECTOR('',#5293,1000.);
#3036=VECTOR('',#5294,1000.);
#3037=VECTOR('',#5295,1000.);
#3038=VECTOR('',#5298,1000.);
#3039=VECTOR('',#5301,1000.);
#3040=VECTOR('',#5304,1000.);
#3041=EDGE_LOOP('',(#124,#125,#126,#127,#128,#129,#130,#131));
#3042=EDGE_LOOP('',(#132,#133,#134,#135));
#3043=EDGE_LOOP('',(#136,#137,#138,#139));
#3044=EDGE_LOOP('',(#140,#141,#142,#143,#144,#145,#146,#147));
#3045=EDGE_LOOP('',(#148,#149,#150,#151,#152));
#3046=EDGE_LOOP('',(#153,#154,#155,#156,#157,#158,#159,#160));
#3047=EDGE_LOOP('',(#161,#162,#163,#164));
#3048=EDGE_LOOP('',(#165,#166,#167,#168));
#3049=EDGE_LOOP('',(#169,#170,#171,#172));
#3050=EDGE_LOOP('',(#173,#174,#175,#176));
#3051=EDGE_LOOP('',(#177,#178,#179,#180));
#3052=EDGE_LOOP('',(#181));
#3053=EDGE_LOOP('',(#182));
#3054=EDGE_LOOP('',(#183,#184,#185,#186,#187,#188,#189,#190,#191,#192,#193,
#194,#195,#196,#197,#198,#199,#200));
#3055=EDGE_LOOP('',(#201,#202,#203,#204,#205,#206,#207,#208,#209,#210));
#3056=EDGE_LOOP('',(#211,#212,#213,#214));
#3057=EDGE_LOOP('',(#215,#216,#217,#218,#219,#220,#221,#222));
#3058=EDGE_LOOP('',(#223,#224,#225,#226));
#3059=EDGE_LOOP('',(#227,#228,#229,#230,#231));
#3060=EDGE_LOOP('',(#232,#233,#234,#235));
#3061=EDGE_LOOP('',(#236,#237,#238,#239,#240,#241,#242,#243));
#3062=EDGE_LOOP('',(#244,#245,#246,#247,#248,#249,#250,#251));
#3063=EDGE_LOOP('',(#252,#253,#254,#255));
#3064=EDGE_LOOP('',(#256,#257,#258,#259));
#3065=EDGE_LOOP('',(#260,#261,#262,#263));
#3066=EDGE_LOOP('',(#264,#265,#266,#267));
#3067=EDGE_LOOP('',(#268,#269,#270,#271,#272,#273,#274,#275,#276,#277));
#3068=EDGE_LOOP('',(#278,#279,#280,#281));
#3069=EDGE_LOOP('',(#282,#283,#284,#285));
#3070=EDGE_LOOP('',(#286,#287,#288,#289));
#3071=EDGE_LOOP('',(#290,#291,#292,#293));
#3072=EDGE_LOOP('',(#294,#295,#296,#297));
#3073=EDGE_LOOP('',(#298));
#3074=EDGE_LOOP('',(#299));
#3075=EDGE_LOOP('',(#300,#301,#302,#303,#304,#305,#306,#307));
#3076=EDGE_LOOP('',(#308,#309,#310,#311,#312,#313));
#3077=EDGE_LOOP('',(#314,#315,#316,#317,#318,#319));
#3078=EDGE_LOOP('',(#320));
#3079=EDGE_LOOP('',(#321));
#3080=EDGE_LOOP('',(#322));
#3081=EDGE_LOOP('',(#323));
#3082=EDGE_LOOP('',(#324));
#3083=EDGE_LOOP('',(#325));
#3084=EDGE_LOOP('',(#326));
#3085=EDGE_LOOP('',(#327));
#3086=EDGE_LOOP('',(#328,#329,#330,#331));
#3087=EDGE_LOOP('',(#332,#333,#334,#335));
#3088=EDGE_LOOP('',(#336,#337,#338,#339));
#3089=EDGE_LOOP('',(#340,#341,#342,#343,#344,#345,#346,#347));
#3090=EDGE_LOOP('',(#348,#349,#350,#351,#352,#353,#354,#355));
#3091=EDGE_LOOP('',(#356,#357,#358,#359));
#3092=EDGE_LOOP('',(#360,#361,#362,#363));
#3093=EDGE_LOOP('',(#364,#365,#366,#367));
#3094=EDGE_LOOP('',(#368,#369,#370,#371));
#3095=EDGE_LOOP('',(#372,#373,#374,#375));
#3096=EDGE_LOOP('',(#376,#377,#378,#379,#380,#381));
#3097=EDGE_LOOP('',(#382,#383,#384,#385,#386,#387,#388,#389,#390,#391,#392,
#393));
#3098=EDGE_LOOP('',(#394,#395));
#3099=EDGE_LOOP('',(#396,#397,#398,#399,#400,#401,#402,#403));
#3100=EDGE_LOOP('',(#404,#405));
#3101=EDGE_LOOP('',(#406,#407));
#3102=EDGE_LOOP('',(#408,#409,#410,#411,#412,#413,#414,#415));
#3103=EDGE_LOOP('',(#416,#417));
#3104=EDGE_LOOP('',(#418,#419));
#3105=EDGE_LOOP('',(#420,#421,#422,#423,#424,#425,#426,#427,#428,#429));
#3106=EDGE_LOOP('',(#430,#431));
#3107=EDGE_LOOP('',(#432,#433,#434,#435,#436,#437,#438,#439,#440,#441));
#3108=EDGE_LOOP('',(#442,#443));
#3109=EDGE_LOOP('',(#444,#445,#446,#447,#448,#449,#450,#451,#452,#453));
#3110=EDGE_LOOP('',(#454,#455));
#3111=EDGE_LOOP('',(#456,#457,#458,#459));
#3112=EDGE_LOOP('',(#460,#461,#462,#463));
#3113=EDGE_LOOP('',(#464,#465,#466,#467));
#3114=EDGE_LOOP('',(#468,#469,#470,#471,#472,#473));
#3115=EDGE_LOOP('',(#474,#475,#476,#477,#478,#479));
#3116=EDGE_LOOP('',(#480,#481,#482,#483));
#3117=EDGE_LOOP('',(#484,#485,#486,#487));
#3118=EDGE_LOOP('',(#488,#489,#490,#491));
#3119=EDGE_LOOP('',(#492,#493,#494,#495));
#3120=EDGE_LOOP('',(#496,#497,#498,#499,#500,#501));
#3121=EDGE_LOOP('',(#502,#503,#504,#505,#506,#507));
#3122=EDGE_LOOP('',(#508,#509,#510,#511));
#3123=EDGE_LOOP('',(#512,#513,#514,#515));
#3124=EDGE_LOOP('',(#516,#517,#518,#519));
#3125=EDGE_LOOP('',(#520,#521,#522));
#3126=EDGE_LOOP('',(#523,#524,#525,#526));
#3127=EDGE_LOOP('',(#527,#528,#529,#530));
#3128=EDGE_LOOP('',(#531,#532,#533));
#3129=EDGE_LOOP('',(#534,#535,#536,#537));
#3130=EDGE_LOOP('',(#538,#539,#540,#541));
#3131=EDGE_LOOP('',(#542,#543,#544));
#3132=EDGE_LOOP('',(#545,#546,#547,#548));
#3133=EDGE_LOOP('',(#549,#550,#551,#552));
#3134=EDGE_LOOP('',(#553,#554,#555));
#3135=EDGE_LOOP('',(#556,#557,#558,#559));
#3136=EDGE_LOOP('',(#560,#561,#562,#563));
#3137=EDGE_LOOP('',(#564,#565,#566,#567));
#3138=EDGE_LOOP('',(#568,#569,#570,#571));
#3139=EDGE_LOOP('',(#572,#573,#574,#575));
#3140=EDGE_LOOP('',(#576,#577,#578,#579));
#3141=EDGE_LOOP('',(#580,#581,#582,#583,#584,#585,#586,#587));
#3142=EDGE_LOOP('',(#588,#589,#590,#591));
#3143=EDGE_LOOP('',(#592,#593,#594,#595));
#3144=EDGE_LOOP('',(#596,#597,#598,#599));
#3145=EDGE_LOOP('',(#600,#601,#602,#603,#604,#605,#606,#607));
#3146=EDGE_LOOP('',(#608,#609,#610,#611,#612,#613,#614,#615,#616,#617));
#3147=EDGE_LOOP('',(#618,#619,#620,#621));
#3148=EDGE_LOOP('',(#622,#623,#624,#625));
#3149=EDGE_LOOP('',(#626,#627,#628,#629));
#3150=EDGE_LOOP('',(#630,#631,#632,#633));
#3151=EDGE_LOOP('',(#634,#635,#636,#637));
#3152=EDGE_LOOP('',(#638,#639,#640,#641));
#3153=EDGE_LOOP('',(#642,#643,#644,#645));
#3154=EDGE_LOOP('',(#646,#647,#648,#649));
#3155=EDGE_LOOP('',(#650,#651,#652,#653));
#3156=EDGE_LOOP('',(#654,#655,#656,#657));
#3157=EDGE_LOOP('',(#658));
#3158=EDGE_LOOP('',(#659));
#3159=EDGE_LOOP('',(#660));
#3160=EDGE_LOOP('',(#661,#662,#663,#664));
#3161=EDGE_LOOP('',(#665,#666,#667,#668));
#3162=EDGE_LOOP('',(#669,#670,#671,#672));
#3163=EDGE_LOOP('',(#673,#674,#675,#676,#677,#678,#679));
#3164=EDGE_LOOP('',(#680));
#3165=EDGE_LOOP('',(#681,#682,#683,#684,#685,#686,#687));
#3166=EDGE_LOOP('',(#688));
#3167=EDGE_LOOP('',(#689));
#3168=EDGE_LOOP('',(#690));
#3169=EDGE_LOOP('',(#691));
#3170=EDGE_LOOP('',(#692,#693,#694,#695));
#3171=EDGE_LOOP('',(#696,#697,#698,#699));
#3172=EDGE_LOOP('',(#700,#701,#702,#703));
#3173=EDGE_LOOP('',(#704,#705,#706,#707,#708,#709,#710));
#3174=EDGE_LOOP('',(#711));
#3175=EDGE_LOOP('',(#712,#713,#714,#715,#716,#717,#718));
#3176=EDGE_LOOP('',(#719));
#3177=EDGE_LOOP('',(#720));
#3178=EDGE_LOOP('',(#721));
#3179=EDGE_LOOP('',(#722));
#3180=EDGE_LOOP('',(#723,#724,#725,#726));
#3181=EDGE_LOOP('',(#727,#728,#729,#730));
#3182=EDGE_LOOP('',(#731,#732,#733,#734));
#3183=EDGE_LOOP('',(#735,#736,#737,#738,#739,#740,#741));
#3184=EDGE_LOOP('',(#742));
#3185=EDGE_LOOP('',(#743,#744,#745,#746,#747,#748,#749));
#3186=EDGE_LOOP('',(#750));
#3187=EDGE_LOOP('',(#751));
#3188=EDGE_LOOP('',(#752));
#3189=EDGE_LOOP('',(#753));
#3190=EDGE_LOOP('',(#754,#755,#756,#757));
#3191=EDGE_LOOP('',(#758,#759,#760,#761));
#3192=EDGE_LOOP('',(#762,#763,#764,#765));
#3193=EDGE_LOOP('',(#766,#767,#768,#769,#770,#771,#772));
#3194=EDGE_LOOP('',(#773));
#3195=EDGE_LOOP('',(#774,#775,#776,#777,#778,#779,#780));
#3196=EDGE_LOOP('',(#781));
#3197=EDGE_LOOP('',(#782));
#3198=EDGE_LOOP('',(#783));
#3199=EDGE_LOOP('',(#784));
#3200=EDGE_LOOP('',(#785));
#3201=EDGE_LOOP('',(#786));
#3202=EDGE_LOOP('',(#787));
#3203=EDGE_LOOP('',(#788,#789));
#3204=EDGE_LOOP('',(#790));
#3205=EDGE_LOOP('',(#791));
#3206=EDGE_LOOP('',(#792));
#3207=EDGE_LOOP('',(#793));
#3208=EDGE_LOOP('',(#794,#795));
#3209=EDGE_LOOP('',(#796,#797));
#3210=EDGE_LOOP('',(#798,#799,#800,#801));
#3211=EDGE_LOOP('',(#802,#803,#804,#805,#806,#807));
#3212=EDGE_LOOP('',(#808));
#3213=EDGE_LOOP('',(#809));
#3214=EDGE_LOOP('',(#810));
#3215=EDGE_LOOP('',(#811));
#3216=EDGE_LOOP('',(#812));
#3217=EDGE_LOOP('',(#813,#814,#815,#816));
#3218=EDGE_LOOP('',(#817));
#3219=EDGE_LOOP('',(#818));
#3220=EDGE_LOOP('',(#819,#820,#821,#822,#823,#824,#825,#826,#827,#828));
#3221=EDGE_LOOP('',(#829,#830,#831,#832,#833,#834,#835,#836));
#3222=EDGE_LOOP('',(#837,#838,#839,#840));
#3223=EDGE_LOOP('',(#841,#842,#843,#844));
#3224=EDGE_LOOP('',(#845,#846,#847,#848));
#3225=EDGE_LOOP('',(#849,#850,#851,#852));
#3226=EDGE_LOOP('',(#853,#854,#855,#856));
#3227=EDGE_LOOP('',(#857,#858,#859,#860));
#3228=EDGE_LOOP('',(#861,#862,#863,#864));
#3229=EDGE_LOOP('',(#865,#866,#867,#868,#869,#870,#871,#872,#873,#874));
#3230=EDGE_LOOP('',(#875,#876,#877,#878));
#3231=EDGE_LOOP('',(#879,#880,#881,#882));
#3232=EDGE_LOOP('',(#883,#884,#885,#886));
#3233=EDGE_LOOP('',(#887,#888,#889,#890));
#3234=EDGE_LOOP('',(#891,#892,#893,#894));
#3235=EDGE_LOOP('',(#895,#896,#897,#898));
#3236=EDGE_LOOP('',(#899,#900,#901,#902));
#3237=EDGE_LOOP('',(#903,#904,#905,#906));
#3238=EDGE_LOOP('',(#907,#908,#909,#910));
#3239=EDGE_LOOP('',(#911,#912,#913,#914));
#3240=EDGE_LOOP('',(#915,#916,#917,#918));
#3241=EDGE_LOOP('',(#919,#920,#921,#922,#923,#924,#925,#926));
#3242=EDGE_LOOP('',(#927,#928,#929,#930));
#3243=EDGE_LOOP('',(#931,#932,#933,#934,#935,#936,#937,#938));
#3244=EDGE_LOOP('',(#939,#940,#941,#942));
#3245=EDGE_LOOP('',(#943,#944,#945,#946,#947,#948,#949,#950));
#3246=EDGE_LOOP('',(#951,#952,#953,#954,#955,#956));
#3247=EDGE_LOOP('',(#957,#958,#959,#960,#961,#962));
#3248=EDGE_LOOP('',(#963,#964,#965));
#3249=EDGE_LOOP('',(#966,#967,#968,#969));
#3250=EDGE_LOOP('',(#970,#971,#972,#973));
#3251=EDGE_LOOP('',(#974,#975,#976,#977));
#3252=EDGE_LOOP('',(#978,#979,#980,#981));
#3253=EDGE_LOOP('',(#982));
#3254=EDGE_LOOP('',(#983));
#3255=EDGE_LOOP('',(#984));
#3256=EDGE_LOOP('',(#985));
#3257=EDGE_LOOP('',(#986,#987,#988,#989));
#3258=EDGE_LOOP('',(#990));
#3259=EDGE_LOOP('',(#991));
#3260=EDGE_LOOP('',(#992));
#3261=EDGE_LOOP('',(#993));
#3262=EDGE_LOOP('',(#994,#995,#996,#997));
#3263=EDGE_LOOP('',(#998));
#3264=EDGE_LOOP('',(#999,#1000,#1001,#1002));
#3265=EDGE_LOOP('',(#1003,#1004,#1005,#1006));
#3266=EDGE_LOOP('',(#1007,#1008,#1009,#1010));
#3267=EDGE_LOOP('',(#1011,#1012,#1013,#1014));
#3268=EDGE_LOOP('',(#1015,#1016,#1017,#1018));
#3269=EDGE_LOOP('',(#1019,#1020,#1021,#1022));
#3270=EDGE_LOOP('',(#1023,#1024,#1025,#1026,#1027,#1028,#1029,#1030,#1031,
#1032,#1033,#1034));
#3271=EDGE_LOOP('',(#1035,#1036,#1037,#1038));
#3272=EDGE_LOOP('',(#1039,#1040,#1041,#1042));
#3273=EDGE_LOOP('',(#1043,#1044,#1045,#1046));
#3274=EDGE_LOOP('',(#1047,#1048,#1049,#1050));
#3275=EDGE_LOOP('',(#1051,#1052,#1053,#1054));
#3276=EDGE_LOOP('',(#1055,#1056,#1057,#1058));
#3277=EDGE_LOOP('',(#1059));
#3278=EDGE_LOOP('',(#1060,#1061,#1062,#1063,#1064,#1065,#1066,#1067,#1068,
#1069,#1070,#1071,#1072,#1073,#1074,#1075,#1076,#1077,#1078,#1079,#1080,
#1081));
#3279=EDGE_LOOP('',(#1082,#1083,#1084,#1085));
#3280=EDGE_LOOP('',(#1086));
#3281=EDGE_LOOP('',(#1087,#1088,#1089,#1090,#1091,#1092,#1093,#1094,#1095,
#1096,#1097,#1098,#1099,#1100,#1101,#1102,#1103,#1104));
#3282=EDGE_LOOP('',(#1105,#1106,#1107,#1108));
#3283=EDGE_LOOP('',(#1109,#1110,#1111,#1112,#1113,#1114,#1115,#1116,#1117,
#1118));
#3284=EDGE_LOOP('',(#1119,#1120,#1121,#1122));
#3285=EDGE_LOOP('',(#1123,#1124,#1125,#1126,#1127,#1128,#1129,#1130,#1131,
#1132,#1133,#1134,#1135,#1136,#1137,#1138,#1139,#1140));
#3286=EDGE_LOOP('',(#1141,#1142,#1143,#1144));
#3287=EDGE_LOOP('',(#1145,#1146,#1147,#1148,#1149,#1150,#1151,#1152,#1153,
#1154,#1155,#1156,#1157,#1158,#1159,#1160));
#3288=EDGE_LOOP('',(#1161,#1162,#1163,#1164));
#3289=EDGE_LOOP('',(#1165,#1166,#1167,#1168));
#3290=EDGE_LOOP('',(#1169,#1170,#1171,#1172));
#3291=EDGE_LOOP('',(#1173,#1174,#1175,#1176,#1177,#1178,#1179,#1180,#1181,
#1182,#1183,#1184,#1185,#1186,#1187,#1188,#1189,#1190,#1191,#1192,#1193,
#1194,#1195,#1196,#1197,#1198,#1199,#1200,#1201,#1202,#1203,#1204,#1205));
#3292=EDGE_LOOP('',(#1206));
#3293=EDGE_LOOP('',(#1207));
#3294=EDGE_LOOP('',(#1208));
#3295=EDGE_LOOP('',(#1209));
#3296=FACE_BOUND('',#3041,.T.);
#3297=FACE_BOUND('',#3042,.T.);
#3298=FACE_BOUND('',#3043,.T.);
#3299=FACE_BOUND('',#3044,.T.);
#3300=FACE_BOUND('',#3045,.T.);
#3301=FACE_BOUND('',#3046,.T.);
#3302=FACE_BOUND('',#3047,.T.);
#3303=FACE_BOUND('',#3048,.T.);
#3304=FACE_BOUND('',#3049,.T.);
#3305=FACE_BOUND('',#3050,.T.);
#3306=FACE_BOUND('',#3051,.T.);
#3307=FACE_BOUND('',#3052,.T.);
#3308=FACE_BOUND('',#3053,.T.);
#3309=FACE_BOUND('',#3054,.T.);
#3310=FACE_BOUND('',#3055,.T.);
#3311=FACE_BOUND('',#3056,.T.);
#3312=FACE_BOUND('',#3057,.T.);
#3313=FACE_BOUND('',#3058,.T.);
#3314=FACE_BOUND('',#3059,.T.);
#3315=FACE_BOUND('',#3060,.T.);
#3316=FACE_BOUND('',#3061,.T.);
#3317=FACE_BOUND('',#3062,.T.);
#3318=FACE_BOUND('',#3063,.T.);
#3319=FACE_BOUND('',#3064,.T.);
#3320=FACE_BOUND('',#3065,.T.);
#3321=FACE_BOUND('',#3066,.T.);
#3322=FACE_BOUND('',#3067,.T.);
#3323=FACE_BOUND('',#3068,.T.);
#3324=FACE_BOUND('',#3069,.T.);
#3325=FACE_BOUND('',#3070,.T.);
#3326=FACE_BOUND('',#3071,.T.);
#3327=FACE_BOUND('',#3072,.T.);
#3328=FACE_BOUND('',#3073,.T.);
#3329=FACE_BOUND('',#3074,.T.);
#3330=FACE_BOUND('',#3075,.T.);
#3331=FACE_BOUND('',#3076,.T.);
#3332=FACE_BOUND('',#3077,.T.);
#3333=FACE_BOUND('',#3078,.T.);
#3334=FACE_BOUND('',#3079,.T.);
#3335=FACE_BOUND('',#3080,.T.);
#3336=FACE_BOUND('',#3081,.T.);
#3337=FACE_BOUND('',#3082,.T.);
#3338=FACE_BOUND('',#3083,.T.);
#3339=FACE_BOUND('',#3084,.T.);
#3340=FACE_BOUND('',#3085,.T.);
#3341=FACE_BOUND('',#3086,.T.);
#3342=FACE_BOUND('',#3087,.T.);
#3343=FACE_BOUND('',#3088,.T.);
#3344=FACE_BOUND('',#3089,.T.);
#3345=FACE_BOUND('',#3090,.T.);
#3346=FACE_BOUND('',#3091,.T.);
#3347=FACE_BOUND('',#3092,.T.);
#3348=FACE_BOUND('',#3093,.T.);
#3349=FACE_BOUND('',#3094,.T.);
#3350=FACE_BOUND('',#3095,.T.);
#3351=FACE_BOUND('',#3096,.T.);
#3352=FACE_BOUND('',#3097,.T.);
#3353=FACE_BOUND('',#3098,.T.);
#3354=FACE_BOUND('',#3099,.T.);
#3355=FACE_BOUND('',#3100,.T.);
#3356=FACE_BOUND('',#3101,.T.);
#3357=FACE_BOUND('',#3102,.T.);
#3358=FACE_BOUND('',#3103,.T.);
#3359=FACE_BOUND('',#3104,.T.);
#3360=FACE_BOUND('',#3105,.T.);
#3361=FACE_BOUND('',#3106,.T.);
#3362=FACE_BOUND('',#3107,.T.);
#3363=FACE_BOUND('',#3108,.T.);
#3364=FACE_BOUND('',#3109,.T.);
#3365=FACE_BOUND('',#3110,.T.);
#3366=FACE_BOUND('',#3111,.T.);
#3367=FACE_BOUND('',#3112,.T.);
#3368=FACE_BOUND('',#3113,.T.);
#3369=FACE_BOUND('',#3114,.T.);
#3370=FACE_BOUND('',#3115,.T.);
#3371=FACE_BOUND('',#3116,.T.);
#3372=FACE_BOUND('',#3117,.T.);
#3373=FACE_BOUND('',#3118,.T.);
#3374=FACE_BOUND('',#3119,.T.);
#3375=FACE_BOUND('',#3120,.T.);
#3376=FACE_BOUND('',#3121,.T.);
#3377=FACE_BOUND('',#3122,.T.);
#3378=FACE_BOUND('',#3123,.T.);
#3379=FACE_BOUND('',#3124,.T.);
#3380=FACE_BOUND('',#3125,.T.);
#3381=FACE_BOUND('',#3126,.T.);
#3382=FACE_BOUND('',#3127,.T.);
#3383=FACE_BOUND('',#3128,.T.);
#3384=FACE_BOUND('',#3129,.T.);
#3385=FACE_BOUND('',#3130,.T.);
#3386=FACE_BOUND('',#3131,.T.);
#3387=FACE_BOUND('',#3132,.T.);
#3388=FACE_BOUND('',#3133,.T.);
#3389=FACE_BOUND('',#3134,.T.);
#3390=FACE_BOUND('',#3135,.T.);
#3391=FACE_BOUND('',#3136,.T.);
#3392=FACE_BOUND('',#3137,.T.);
#3393=FACE_BOUND('',#3138,.T.);
#3394=FACE_BOUND('',#3139,.T.);
#3395=FACE_BOUND('',#3140,.T.);
#3396=FACE_BOUND('',#3141,.T.);
#3397=FACE_BOUND('',#3142,.T.);
#3398=FACE_BOUND('',#3143,.T.);
#3399=FACE_BOUND('',#3144,.T.);
#3400=FACE_BOUND('',#3145,.T.);
#3401=FACE_BOUND('',#3146,.T.);
#3402=FACE_BOUND('',#3147,.T.);
#3403=FACE_BOUND('',#3148,.T.);
#3404=FACE_BOUND('',#3149,.T.);
#3405=FACE_BOUND('',#3150,.T.);
#3406=FACE_BOUND('',#3151,.T.);
#3407=FACE_BOUND('',#3152,.T.);
#3408=FACE_BOUND('',#3153,.T.);
#3409=FACE_BOUND('',#3154,.T.);
#3410=FACE_BOUND('',#3155,.T.);
#3411=FACE_BOUND('',#3156,.T.);
#3412=FACE_BOUND('',#3157,.T.);
#3413=FACE_BOUND('',#3158,.T.);
#3414=FACE_BOUND('',#3159,.T.);
#3415=FACE_BOUND('',#3160,.T.);
#3416=FACE_BOUND('',#3161,.T.);
#3417=FACE_BOUND('',#3162,.T.);
#3418=FACE_BOUND('',#3163,.T.);
#3419=FACE_BOUND('',#3164,.T.);
#3420=FACE_BOUND('',#3165,.T.);
#3421=FACE_BOUND('',#3166,.T.);
#3422=FACE_BOUND('',#3167,.T.);
#3423=FACE_BOUND('',#3168,.T.);
#3424=FACE_BOUND('',#3169,.T.);
#3425=FACE_BOUND('',#3170,.T.);
#3426=FACE_BOUND('',#3171,.T.);
#3427=FACE_BOUND('',#3172,.T.);
#3428=FACE_BOUND('',#3173,.T.);
#3429=FACE_BOUND('',#3174,.T.);
#3430=FACE_BOUND('',#3175,.T.);
#3431=FACE_BOUND('',#3176,.T.);
#3432=FACE_BOUND('',#3177,.T.);
#3433=FACE_BOUND('',#3178,.T.);
#3434=FACE_BOUND('',#3179,.T.);
#3435=FACE_BOUND('',#3180,.T.);
#3436=FACE_BOUND('',#3181,.T.);
#3437=FACE_BOUND('',#3182,.T.);
#3438=FACE_BOUND('',#3183,.T.);
#3439=FACE_BOUND('',#3184,.T.);
#3440=FACE_BOUND('',#3185,.T.);
#3441=FACE_BOUND('',#3186,.T.);
#3442=FACE_BOUND('',#3187,.T.);
#3443=FACE_BOUND('',#3188,.T.);
#3444=FACE_BOUND('',#3189,.T.);
#3445=FACE_BOUND('',#3190,.T.);
#3446=FACE_BOUND('',#3191,.T.);
#3447=FACE_BOUND('',#3192,.T.);
#3448=FACE_BOUND('',#3193,.T.);
#3449=FACE_BOUND('',#3194,.T.);
#3450=FACE_BOUND('',#3195,.T.);
#3451=FACE_BOUND('',#3196,.T.);
#3452=FACE_BOUND('',#3197,.T.);
#3453=FACE_BOUND('',#3198,.T.);
#3454=FACE_BOUND('',#3199,.T.);
#3455=FACE_BOUND('',#3200,.T.);
#3456=FACE_BOUND('',#3201,.T.);
#3457=FACE_BOUND('',#3202,.T.);
#3458=FACE_BOUND('',#3203,.T.);
#3459=FACE_BOUND('',#3204,.T.);
#3460=FACE_BOUND('',#3205,.T.);
#3461=FACE_BOUND('',#3206,.T.);
#3462=FACE_BOUND('',#3207,.T.);
#3463=FACE_BOUND('',#3208,.T.);
#3464=FACE_BOUND('',#3209,.T.);
#3465=FACE_BOUND('',#3210,.T.);
#3466=FACE_BOUND('',#3211,.T.);
#3467=FACE_BOUND('',#3212,.T.);
#3468=FACE_BOUND('',#3213,.T.);
#3469=FACE_BOUND('',#3214,.T.);
#3470=FACE_BOUND('',#3215,.T.);
#3471=FACE_BOUND('',#3216,.T.);
#3472=FACE_BOUND('',#3217,.T.);
#3473=FACE_BOUND('',#3218,.T.);
#3474=FACE_BOUND('',#3219,.T.);
#3475=FACE_BOUND('',#3220,.T.);
#3476=FACE_BOUND('',#3221,.T.);
#3477=FACE_BOUND('',#3222,.T.);
#3478=FACE_BOUND('',#3223,.T.);
#3479=FACE_BOUND('',#3224,.T.);
#3480=FACE_BOUND('',#3225,.T.);
#3481=FACE_BOUND('',#3226,.T.);
#3482=FACE_BOUND('',#3227,.T.);
#3483=FACE_BOUND('',#3228,.T.);
#3484=FACE_BOUND('',#3229,.T.);
#3485=FACE_BOUND('',#3230,.T.);
#3486=FACE_BOUND('',#3231,.T.);
#3487=FACE_BOUND('',#3232,.T.);
#3488=FACE_BOUND('',#3233,.T.);
#3489=FACE_BOUND('',#3234,.T.);
#3490=FACE_BOUND('',#3235,.T.);
#3491=FACE_BOUND('',#3236,.T.);
#3492=FACE_BOUND('',#3237,.T.);
#3493=FACE_BOUND('',#3238,.T.);
#3494=FACE_BOUND('',#3239,.T.);
#3495=FACE_BOUND('',#3240,.T.);
#3496=FACE_BOUND('',#3241,.T.);
#3497=FACE_BOUND('',#3242,.T.);
#3498=FACE_BOUND('',#3243,.T.);
#3499=FACE_BOUND('',#3244,.T.);
#3500=FACE_BOUND('',#3245,.T.);
#3501=FACE_BOUND('',#3246,.T.);
#3502=FACE_BOUND('',#3247,.T.);
#3503=FACE_BOUND('',#3248,.T.);
#3504=FACE_BOUND('',#3249,.T.);
#3505=FACE_BOUND('',#3250,.T.);
#3506=FACE_BOUND('',#3251,.T.);
#3507=FACE_BOUND('',#3252,.T.);
#3508=FACE_BOUND('',#3253,.T.);
#3509=FACE_BOUND('',#3254,.T.);
#3510=FACE_BOUND('',#3255,.T.);
#3511=FACE_BOUND('',#3256,.T.);
#3512=FACE_BOUND('',#3257,.T.);
#3513=FACE_BOUND('',#3258,.T.);
#3514=FACE_BOUND('',#3259,.T.);
#3515=FACE_BOUND('',#3260,.T.);
#3516=FACE_BOUND('',#3261,.T.);
#3517=FACE_BOUND('',#3262,.T.);
#3518=FACE_BOUND('',#3263,.T.);
#3519=FACE_BOUND('',#3264,.T.);
#3520=FACE_BOUND('',#3265,.T.);
#3521=FACE_BOUND('',#3266,.T.);
#3522=FACE_BOUND('',#3267,.T.);
#3523=FACE_BOUND('',#3268,.T.);
#3524=FACE_BOUND('',#3269,.T.);
#3525=FACE_BOUND('',#3270,.T.);
#3526=FACE_BOUND('',#3271,.T.);
#3527=FACE_BOUND('',#3272,.T.);
#3528=FACE_BOUND('',#3273,.T.);
#3529=FACE_BOUND('',#3274,.T.);
#3530=FACE_BOUND('',#3275,.T.);
#3531=FACE_BOUND('',#3276,.T.);
#3532=FACE_BOUND('',#3277,.T.);
#3533=FACE_BOUND('',#3278,.T.);
#3534=FACE_BOUND('',#3279,.T.);
#3535=FACE_BOUND('',#3280,.T.);
#3536=FACE_BOUND('',#3281,.T.);
#3537=FACE_BOUND('',#3282,.T.);
#3538=FACE_BOUND('',#3283,.T.);
#3539=FACE_BOUND('',#3284,.T.);
#3540=FACE_BOUND('',#3285,.T.);
#3541=FACE_BOUND('',#3286,.T.);
#3542=FACE_BOUND('',#3287,.T.);
#3543=FACE_BOUND('',#3288,.T.);
#3544=FACE_BOUND('',#3289,.T.);
#3545=FACE_BOUND('',#3290,.T.);
#3546=FACE_BOUND('',#3291,.T.);
#3547=FACE_BOUND('',#3292,.T.);
#3548=FACE_BOUND('',#3293,.T.);
#3549=FACE_BOUND('',#3294,.T.);
#3550=FACE_BOUND('',#3295,.T.);
#3551=PLANE('',#3968);
#3552=PLANE('',#3969);
#3553=PLANE('',#3970);
#3554=PLANE('',#3971);
#3555=PLANE('',#3972);
#3556=PLANE('',#3973);
#3557=PLANE('',#3974);
#3558=PLANE('',#3975);
#3559=PLANE('',#3976);
#3560=PLANE('',#3977);
#3561=PLANE('',#3978);
#3562=PLANE('',#3979);
#3563=PLANE('',#3982);
#3564=PLANE('',#3983);
#3565=PLANE('',#3984);
#3566=PLANE('',#3985);
#3567=PLANE('',#3986);
#3568=PLANE('',#3987);
#3569=PLANE('',#3988);
#3570=PLANE('',#3989);
#3571=PLANE('',#3990);
#3572=PLANE('',#3991);
#3573=PLANE('',#3992);
#3574=PLANE('',#3993);
#3575=PLANE('',#3994);
#3576=PLANE('',#3995);
#3577=PLANE('',#3996);
#3578=PLANE('',#3997);
#3579=PLANE('',#3998);
#3580=PLANE('',#3999);
#3581=PLANE('',#4000);
#3582=PLANE('',#4003);
#3583=PLANE('',#4004);
#3584=PLANE('',#4013);
#3585=PLANE('',#4014);
#3586=PLANE('',#4015);
#3587=PLANE('',#4017);
#3588=PLANE('',#4019);
#3589=PLANE('',#4020);
#3590=PLANE('',#4021);
#3591=PLANE('',#4022);
#3592=PLANE('',#4023);
#3593=PLANE('',#4024);
#3594=PLANE('',#4025);
#3595=PLANE('',#4031);
#3596=PLANE('',#4037);
#3597=PLANE('',#4038);
#3598=PLANE('',#4044);
#3599=PLANE('',#4045);
#3600=PLANE('',#4053);
#3601=PLANE('',#4061);
#3602=PLANE('',#4069);
#3603=PLANE('',#4070);
#3604=PLANE('',#4071);
#3605=PLANE('',#4072);
#3606=PLANE('',#4073);
#3607=PLANE('',#4074);
#3608=PLANE('',#4075);
#3609=PLANE('',#4076);
#3610=PLANE('',#4077);
#3611=PLANE('',#4078);
#3612=PLANE('',#4079);
#3613=PLANE('',#4080);
#3614=PLANE('',#4081);
#3615=PLANE('',#4082);
#3616=PLANE('',#4083);
#3617=PLANE('',#4084);
#3618=PLANE('',#4085);
#3619=PLANE('',#4086);
#3620=PLANE('',#4087);
#3621=PLANE('',#4088);
#3622=PLANE('',#4089);
#3623=PLANE('',#4090);
#3624=PLANE('',#4091);
#3625=PLANE('',#4092);
#3626=PLANE('',#4093);
#3627=PLANE('',#4094);
#3628=PLANE('',#4095);
#3629=PLANE('',#4096);
#3630=PLANE('',#4097);
#3631=PLANE('',#4098);
#3632=PLANE('',#4099);
#3633=PLANE('',#4100);
#3634=PLANE('',#4101);
#3635=PLANE('',#4102);
#3636=PLANE('',#4103);
#3637=PLANE('',#4104);
#3638=PLANE('',#4105);
#3639=PLANE('',#4106);
#3640=PLANE('',#4107);
#3641=PLANE('',#4108);
#3642=PLANE('',#4109);
#3643=PLANE('',#4110);
#3644=PLANE('',#4111);
#3645=PLANE('',#4112);
#3646=PLANE('',#4113);
#3647=PLANE('',#4114);
#3648=PLANE('',#4115);
#3649=PLANE('',#4119);
#3650=PLANE('',#4120);
#3651=PLANE('',#4121);
#3652=PLANE('',#4122);
#3653=PLANE('',#4123);
#3654=PLANE('',#4125);
#3655=PLANE('',#4131);
#3656=PLANE('',#4132);
#3657=PLANE('',#4133);
#3658=PLANE('',#4134);
#3659=PLANE('',#4135);
#3660=PLANE('',#4138);
#3661=PLANE('',#4143);
#3662=PLANE('',#4144);
#3663=PLANE('',#4145);
#3664=PLANE('',#4146);
#3665=PLANE('',#4147);
#3666=PLANE('',#4149);
#3667=PLANE('',#4155);
#3668=PLANE('',#4156);
#3669=PLANE('',#4157);
#3670=PLANE('',#4158);
#3671=PLANE('',#4159);
#3672=PLANE('',#4162);
#3673=PLANE('',#4169);
#3674=PLANE('',#4171);
#3675=PLANE('',#4176);
#3676=PLANE('',#4178);
#3677=PLANE('',#4180);
#3678=PLANE('',#4186);
#3679=PLANE('',#4189);
#3680=PLANE('',#4193);
#3681=PLANE('',#4194);
#3682=PLANE('',#4195);
#3683=PLANE('',#4196);
#3684=PLANE('',#4197);
#3685=PLANE('',#4198);
#3686=PLANE('',#4199);
#3687=PLANE('',#4200);
#3688=PLANE('',#4201);
#3689=PLANE('',#4202);
#3690=PLANE('',#4203);
#3691=PLANE('',#4204);
#3692=PLANE('',#4205);
#3693=PLANE('',#4206);
#3694=PLANE('',#4207);
#3695=PLANE('',#4208);
#3696=PLANE('',#4209);
#3697=PLANE('',#4210);
#3698=PLANE('',#4211);
#3699=PLANE('',#4212);
#3700=PLANE('',#4213);
#3701=PLANE('',#4214);
#3702=PLANE('',#4215);
#3703=PLANE('',#4216);
#3704=PLANE('',#4217);
#3705=PLANE('',#4218);
#3706=PLANE('',#4219);
#3707=PLANE('',#4220);
#3708=PLANE('',#4221);
#3709=PLANE('',#4222);
#3710=PLANE('',#4223);
#3711=PLANE('',#4224);
#3712=PLANE('',#4233);
#3713=PLANE('',#4234);
#3714=PLANE('',#4235);
#3715=PLANE('',#4236);
#3716=PLANE('',#4237);
#3717=PLANE('',#4238);
#3718=PLANE('',#4239);
#3719=PLANE('',#4240);
#3720=PLANE('',#4241);
#3721=PLANE('',#4242);
#3722=PLANE('',#4243);
#3723=PLANE('',#4244);
#3724=PLANE('',#4245);
#3725=PLANE('',#4246);
#3726=PLANE('',#4247);
#3727=PLANE('',#4248);
#3728=PLANE('',#4249);
#3729=PLANE('',#4250);
#3730=PLANE('',#4251);
#3731=PLANE('',#4252);
#3732=PLANE('',#4253);
#3733=PLANE('',#4254);
#3734=PLANE('',#4255);
#3735=PLANE('',#4256);
#3736=PLANE('',#4257);
#3737=PLANE('',#4258);
#3738=PLANE('',#4259);
#3739=PLANE('',#4260);
#3740=PLANE('',#4261);
#3741=ADVANCED_FACE('',(#3296),#3551,.F.);
#3742=ADVANCED_FACE('',(#3297),#3552,.F.);
#3743=ADVANCED_FACE('',(#3298),#3553,.F.);
#3744=ADVANCED_FACE('',(#3299),#3554,.F.);
#3745=ADVANCED_FACE('',(#3300),#3555,.F.);
#3746=ADVANCED_FACE('',(#3301),#3556,.F.);
#3747=ADVANCED_FACE('',(#3302),#3557,.T.);
#3748=ADVANCED_FACE('',(#3303),#3558,.F.);
#3749=ADVANCED_FACE('',(#3304),#3559,.F.);
#3750=ADVANCED_FACE('',(#3305),#3560,.F.);
#3751=ADVANCED_FACE('',(#3306),#3561,.T.);
#3752=ADVANCED_FACE('',(#3307,#3308,#3309),#3562,.T.);
#3753=ADVANCED_FACE('',(#3310),#3563,.F.);
#3754=ADVANCED_FACE('',(#3311),#3564,.T.);
#3755=ADVANCED_FACE('',(#3312),#3565,.F.);
#3756=ADVANCED_FACE('',(#3313),#3566,.F.);
#3757=ADVANCED_FACE('',(#3314),#3567,.F.);
#3758=ADVANCED_FACE('',(#3315),#3568,.F.);
#3759=ADVANCED_FACE('',(#3316),#3569,.F.);
#3760=ADVANCED_FACE('',(#3317),#3570,.F.);
#3761=ADVANCED_FACE('',(#3318),#3571,.T.);
#3762=ADVANCED_FACE('',(#3319),#3572,.F.);
#3763=ADVANCED_FACE('',(#3320),#3573,.F.);
#3764=ADVANCED_FACE('',(#3321),#3574,.F.);
#3765=ADVANCED_FACE('',(#3322),#3575,.T.);
#3766=ADVANCED_FACE('',(#3323),#3576,.T.);
#3767=ADVANCED_FACE('',(#3324),#3577,.F.);
#3768=ADVANCED_FACE('',(#3325),#3578,.F.);
#3769=ADVANCED_FACE('',(#3326),#3579,.F.);
#3770=ADVANCED_FACE('',(#3327),#3580,.F.);
#3771=ADVANCED_FACE('',(#3328,#3329,#3330),#3581,.T.);
#3772=ADVANCED_FACE('',(#3331),#3582,.F.);
#3773=ADVANCED_FACE('',(#3332),#3583,.F.);
#3774=ADVANCED_FACE('',(#3333,#3334),#20,.F.);
#3775=ADVANCED_FACE('',(#3335,#3336),#21,.F.);
#3776=ADVANCED_FACE('',(#3337,#3338),#22,.F.);
#3777=ADVANCED_FACE('',(#3339,#3340),#23,.F.);
#3778=ADVANCED_FACE('',(#3341),#3584,.F.);
#3779=ADVANCED_FACE('',(#3342),#3585,.F.);
#3780=ADVANCED_FACE('',(#3343),#3586,.F.);
#3781=ADVANCED_FACE('',(#3344),#3587,.F.);
#3782=ADVANCED_FACE('',(#3345),#3588,.F.);
#3783=ADVANCED_FACE('',(#3346),#3589,.T.);
#3784=ADVANCED_FACE('',(#3347),#3590,.T.);
#3785=ADVANCED_FACE('',(#3348),#3591,.T.);
#3786=ADVANCED_FACE('',(#3349),#3592,.T.);
#3787=ADVANCED_FACE('',(#3350),#3593,.T.);
#3788=ADVANCED_FACE('',(#3351),#3594,.F.);
#3789=ADVANCED_FACE('',(#3352),#24,.F.);
#3790=ADVANCED_FACE('',(#3353),#3595,.T.);
#3791=ADVANCED_FACE('',(#3354),#25,.F.);
#3792=ADVANCED_FACE('',(#3355),#3596,.F.);
#3793=ADVANCED_FACE('',(#3356),#3597,.T.);
#3794=ADVANCED_FACE('',(#3357),#26,.F.);
#3795=ADVANCED_FACE('',(#3358),#3598,.F.);
#3796=ADVANCED_FACE('',(#3359),#3599,.T.);
#3797=ADVANCED_FACE('',(#3360),#27,.F.);
#3798=ADVANCED_FACE('',(#3361),#3600,.F.);
#3799=ADVANCED_FACE('',(#3362),#28,.F.);
#3800=ADVANCED_FACE('',(#3363),#3601,.F.);
#3801=ADVANCED_FACE('',(#3364),#29,.F.);
#3802=ADVANCED_FACE('',(#3365),#3602,.F.);
#3803=ADVANCED_FACE('',(#3366),#3603,.T.);
#3804=ADVANCED_FACE('',(#3367),#3604,.F.);
#3805=ADVANCED_FACE('',(#3368),#3605,.F.);
#3806=ADVANCED_FACE('',(#3369),#3606,.F.);
#3807=ADVANCED_FACE('',(#3370),#3607,.F.);
#3808=ADVANCED_FACE('',(#3371),#3608,.F.);
#3809=ADVANCED_FACE('',(#3372),#3609,.T.);
#3810=ADVANCED_FACE('',(#3373),#3610,.F.);
#3811=ADVANCED_FACE('',(#3374),#3611,.F.);
#3812=ADVANCED_FACE('',(#3375),#3612,.F.);
#3813=ADVANCED_FACE('',(#3376),#3613,.F.);
#3814=ADVANCED_FACE('',(#3377),#3614,.F.);
#3815=ADVANCED_FACE('',(#3378),#3615,.F.);
#3816=ADVANCED_FACE('',(#3379),#3616,.T.);
#3817=ADVANCED_FACE('',(#3380),#3617,.T.);
#3818=ADVANCED_FACE('',(#3381),#3618,.T.);
#3819=ADVANCED_FACE('',(#3382),#3619,.F.);
#3820=ADVANCED_FACE('',(#3383),#3620,.T.);
#3821=ADVANCED_FACE('',(#3384),#3621,.T.);
#3822=ADVANCED_FACE('',(#3385),#3622,.F.);
#3823=ADVANCED_FACE('',(#3386),#3623,.T.);
#3824=ADVANCED_FACE('',(#3387),#3624,.T.);
#3825=ADVANCED_FACE('',(#3388),#3625,.F.);
#3826=ADVANCED_FACE('',(#3389),#3626,.T.);
#3827=ADVANCED_FACE('',(#3390),#3627,.T.);
#3828=ADVANCED_FACE('',(#3391),#3628,.F.);
#3829=ADVANCED_FACE('',(#3392),#3629,.F.);
#3830=ADVANCED_FACE('',(#3393),#3630,.F.);
#3831=ADVANCED_FACE('',(#3394),#3631,.F.);
#3832=ADVANCED_FACE('',(#3395),#3632,.F.);
#3833=ADVANCED_FACE('',(#3396),#3633,.F.);
#3834=ADVANCED_FACE('',(#3397),#3634,.F.);
#3835=ADVANCED_FACE('',(#3398),#3635,.F.);
#3836=ADVANCED_FACE('',(#3399),#3636,.F.);
#3837=ADVANCED_FACE('',(#3400),#3637,.F.);
#3838=ADVANCED_FACE('',(#3401),#3638,.T.);
#3839=ADVANCED_FACE('',(#3402),#3639,.F.);
#3840=ADVANCED_FACE('',(#3403),#3640,.F.);
#3841=ADVANCED_FACE('',(#3404),#3641,.F.);
#3842=ADVANCED_FACE('',(#3405),#3642,.F.);
#3843=ADVANCED_FACE('',(#3406),#3643,.F.);
#3844=ADVANCED_FACE('',(#3407),#3644,.F.);
#3845=ADVANCED_FACE('',(#3408),#3645,.F.);
#3846=ADVANCED_FACE('',(#3409),#3646,.F.);
#3847=ADVANCED_FACE('',(#3410),#3647,.F.);
#3848=ADVANCED_FACE('',(#3411),#3648,.F.);
#3849=ADVANCED_FACE('',(#3412,#3413),#30,.F.);
#3850=ADVANCED_FACE('',(#3414),#3649,.F.);
#3851=ADVANCED_FACE('',(#3415),#3650,.T.);
#3852=ADVANCED_FACE('',(#3416),#3651,.T.);
#3853=ADVANCED_FACE('',(#3417),#3652,.T.);
#3854=ADVANCED_FACE('',(#3418,#3419),#3653,.T.);
#3855=ADVANCED_FACE('',(#3420,#3421),#3654,.T.);
#3856=ADVANCED_FACE('',(#3422,#3423),#31,.F.);
#3857=ADVANCED_FACE('',(#3424),#3655,.F.);
#3858=ADVANCED_FACE('',(#3425),#3656,.T.);
#3859=ADVANCED_FACE('',(#3426),#3657,.F.);
#3860=ADVANCED_FACE('',(#3427),#3658,.F.);
#3861=ADVANCED_FACE('',(#3428,#3429),#3659,.F.);
#3862=ADVANCED_FACE('',(#3430,#3431),#3660,.F.);
#3863=ADVANCED_FACE('',(#3432,#3433),#32,.F.);
#3864=ADVANCED_FACE('',(#3434),#3661,.F.);
#3865=ADVANCED_FACE('',(#3435),#3662,.T.);
#3866=ADVANCED_FACE('',(#3436),#3663,.F.);
#3867=ADVANCED_FACE('',(#3437),#3664,.F.);
#3868=ADVANCED_FACE('',(#3438,#3439),#3665,.F.);
#3869=ADVANCED_FACE('',(#3440,#3441),#3666,.F.);
#3870=ADVANCED_FACE('',(#3442,#3443),#33,.F.);
#3871=ADVANCED_FACE('',(#3444),#3667,.F.);
#3872=ADVANCED_FACE('',(#3445),#3668,.F.);
#3873=ADVANCED_FACE('',(#3446),#3669,.T.);
#3874=ADVANCED_FACE('',(#3447),#3670,.T.);
#3875=ADVANCED_FACE('',(#3448,#3449),#3671,.T.);
#3876=ADVANCED_FACE('',(#3450,#3451),#3672,.T.);
#3877=ADVANCED_FACE('',(#3452,#3453),#34,.F.);
#3878=ADVANCED_FACE('',(#3454,#3455),#35,.T.);
#3879=ADVANCED_FACE('',(#3456,#3457),#3673,.F.);
#3880=ADVANCED_FACE('',(#3458),#3674,.F.);
#3881=ADVANCED_FACE('',(#3459,#3460),#36,.T.);
#3882=ADVANCED_FACE('',(#3461,#3462),#3675,.F.);
#3883=ADVANCED_FACE('',(#3463),#3676,.T.);
#3884=ADVANCED_FACE('',(#3464),#3677,.F.);
#3885=ADVANCED_FACE('',(#3465,#3466,#3467),#37,.T.);
#3886=ADVANCED_FACE('',(#3468,#3469),#3678,.T.);
#3887=ADVANCED_FACE('',(#3470,#3471),#3679,.T.);
#3888=ADVANCED_FACE('',(#3472,#3473,#3474),#38,.T.);
#3889=ADVANCED_FACE('',(#3475),#3680,.F.);
#3890=ADVANCED_FACE('',(#3476),#3681,.F.);
#3891=ADVANCED_FACE('',(#3477),#3682,.F.);
#3892=ADVANCED_FACE('',(#3478),#3683,.F.);
#3893=ADVANCED_FACE('',(#3479),#3684,.F.);
#3894=ADVANCED_FACE('',(#3480),#3685,.F.);
#3895=ADVANCED_FACE('',(#3481),#3686,.F.);
#3896=ADVANCED_FACE('',(#3482),#3687,.F.);
#3897=ADVANCED_FACE('',(#3483),#3688,.F.);
#3898=ADVANCED_FACE('',(#3484),#3689,.F.);
#3899=ADVANCED_FACE('',(#3485),#3690,.F.);
#3900=ADVANCED_FACE('',(#3486),#3691,.T.);
#3901=ADVANCED_FACE('',(#3487),#3692,.T.);
#3902=ADVANCED_FACE('',(#3488),#3693,.T.);
#3903=ADVANCED_FACE('',(#3489),#3694,.F.);
#3904=ADVANCED_FACE('',(#3490),#3695,.F.);
#3905=ADVANCED_FACE('',(#3491),#3696,.F.);
#3906=ADVANCED_FACE('',(#3492),#3697,.F.);
#3907=ADVANCED_FACE('',(#3493),#3698,.F.);
#3908=ADVANCED_FACE('',(#3494),#3699,.F.);
#3909=ADVANCED_FACE('',(#3495,#3496),#3700,.F.);
#3910=ADVANCED_FACE('',(#3497),#3701,.T.);
#3911=ADVANCED_FACE('',(#3498),#3702,.T.);
#3912=ADVANCED_FACE('',(#3499),#3703,.T.);
#3913=ADVANCED_FACE('',(#3500),#3704,.T.);
#3914=ADVANCED_FACE('',(#3501),#3705,.F.);
#3915=ADVANCED_FACE('',(#3502),#3706,.F.);
#3916=ADVANCED_FACE('',(#3503),#3707,.F.);
#3917=ADVANCED_FACE('',(#3504),#3708,.T.);
#3918=ADVANCED_FACE('',(#3505),#3709,.F.);
#3919=ADVANCED_FACE('',(#3506),#3710,.T.);
#3920=ADVANCED_FACE('',(#3507),#3711,.T.);
#3921=ADVANCED_FACE('',(#3508,#3509),#39,.F.);
#3922=ADVANCED_FACE('',(#3510,#3511,#3512),#40,.T.);
#3923=ADVANCED_FACE('',(#3513,#3514),#41,.F.);
#3924=ADVANCED_FACE('',(#3515,#3516),#42,.F.);
#3925=ADVANCED_FACE('',(#3517,#3518,#3519),#43,.T.);
#3926=ADVANCED_FACE('',(#3520),#3712,.T.);
#3927=ADVANCED_FACE('',(#3521),#3713,.T.);
#3928=ADVANCED_FACE('',(#3522),#3714,.T.);
#3929=ADVANCED_FACE('',(#3523),#3715,.F.);
#3930=ADVANCED_FACE('',(#3524),#3716,.T.);
#3931=ADVANCED_FACE('',(#3525),#3717,.T.);
#3932=ADVANCED_FACE('',(#3526),#3718,.T.);
#3933=ADVANCED_FACE('',(#3527),#3719,.T.);
#3934=ADVANCED_FACE('',(#3528),#3720,.T.);
#3935=ADVANCED_FACE('',(#3529),#3721,.F.);
#3936=ADVANCED_FACE('',(#3530),#3722,.F.);
#3937=ADVANCED_FACE('',(#3531),#3723,.F.);
#3938=ADVANCED_FACE('',(#3532,#3533),#3724,.F.);
#3939=ADVANCED_FACE('',(#3534),#3725,.F.);
#3940=ADVANCED_FACE('',(#3535,#3536),#3726,.F.);
#3941=ADVANCED_FACE('',(#3537),#3727,.F.);
#3942=ADVANCED_FACE('',(#3538),#3728,.F.);
#3943=ADVANCED_FACE('',(#3539),#3729,.F.);
#3944=ADVANCED_FACE('',(#3540),#3730,.F.);
#3945=ADVANCED_FACE('',(#3541),#3731,.F.);
#3946=ADVANCED_FACE('',(#3542),#3732,.F.);
#3947=ADVANCED_FACE('',(#3543),#3733,.F.);
#3948=ADVANCED_FACE('',(#3544),#3734,.F.);
#3949=ADVANCED_FACE('',(#3545),#3735,.F.);
#3950=ADVANCED_FACE('',(#3546),#3736,.F.);
#3951=ADVANCED_FACE('',(#3547),#3737,.T.);
#3952=ADVANCED_FACE('',(#3548),#3738,.T.);
#3953=ADVANCED_FACE('',(#3549),#3739,.T.);
#3954=ADVANCED_FACE('',(#3550),#3740,.T.);
#3955=CLOSED_SHELL('',(#3741,#3742,#3743,#3744,#3745,#3746,#3747,#3748,
#3749,#3750,#3751,#3752,#3753,#3754,#3755,#3756,#3757,#3758,#3759,#3760,
#3761,#3762,#3763,#3764,#3765,#3766,#3767,#3768,#3769,#3770,#3771,#3772,
#3773,#3774,#3775,#3776,#3777,#3778,#3779,#3780,#3781,#3782,#3783,#3784,
#3785,#3786,#3787,#3788,#3789,#3790,#3791,#3792,#3793,#3794,#3795,#3796,
#3797,#3798,#3799,#3800,#3801,#3802,#3803,#3804,#3805,#3806,#3807,#3808,
#3809,#3810,#3811,#3812,#3813,#3814,#3815,#3816,#3817,#3818,#3819,#3820,
#3821,#3822,#3823,#3824,#3825,#3826,#3827,#3828,#3829,#3830,#3831,#3832,
#3833,#3834,#3835,#3836,#3837,#3838,#3839,#3840,#3841,#3842,#3843,#3844,
#3845,#3846,#3847,#3848,#3849,#3850,#3851,#3852,#3853,#3854,#3855,#3856,
#3857,#3858,#3859,#3860,#3861,#3862,#3863,#3864,#3865,#3866,#3867,#3868,
#3869,#3870,#3871,#3872,#3873,#3874,#3875,#3876,#3877,#3878,#3879,#3880,
#3881,#3882,#3883,#3884,#3885,#3886,#3887,#3888,#3889,#3890,#3891,#3892,
#3893,#3894,#3895,#3896,#3897,#3898,#3899,#3900,#3901,#3902,#3903,#3904,
#3905,#3906,#3907,#3908,#3909,#3910,#3911,#3912,#3913,#3914,#3915,#3916,
#3917,#3918,#3919,#3920,#3921,#3922,#3923,#3924,#3925,#3926,#3927,#3928,
#3929,#3930,#3931,#3932,#3933,#3934,#3935,#3936,#3937,#3938,#3939,#3940,
#3941,#3942,#3943,#3944,#3945,#3946,#3947,#3948,#3949,#3950,#3951,#3952,
#3953,#3954));
#3956=STYLED_ITEM('',(#3957),#3964);
#3957=PRESENTATION_STYLE_ASSIGNMENT((#3958));
#3958=SURFACE_STYLE_USAGE(.BOTH.,#3959);
#3959=SURFACE_SIDE_STYLE('',(#3960));
#3960=SURFACE_STYLE_FILL_AREA(#3961);
#3961=FILL_AREA_STYLE('',(#3962));
#3962=FILL_AREA_STYLE_COLOUR('',#3963);
#3963=COLOUR_RGB('',1.,0.200000002980232,0.);
#3964=MANIFOLD_SOLID_BREP('EnclosureTop',#3955);
#3965=SHAPE_DEFINITION_REPRESENTATION(#6441,#3966);
#3966=SHAPE_REPRESENTATION('EnclosureTop',(#3967),#6436);
#3967=AXIS2_PLACEMENT_3D('',#5315,#4262,#4263);
#3968=AXIS2_PLACEMENT_3D('',#5316,#4264,#4265);
#3969=AXIS2_PLACEMENT_3D('',#5333,#4274,#4275);
#3970=AXIS2_PLACEMENT_3D('',#5339,#4279,#4280);
#3971=AXIS2_PLACEMENT_3D('',#5348,#4285,#4286);
#3972=AXIS2_PLACEMENT_3D('',#5357,#4292,#4293);
#3973=AXIS2_PLACEMENT_3D('',#5363,#4297,#4298);
#3974=AXIS2_PLACEMENT_3D('',#5371,#4304,#4305);
#3975=AXIS2_PLACEMENT_3D('',#5372,#4306,#4307);
#3976=AXIS2_PLACEMENT_3D('',#5374,#4309,#4310);
#3977=AXIS2_PLACEMENT_3D('',#5376,#4312,#4313);
#3978=AXIS2_PLACEMENT_3D('',#5377,#4314,#4315);
#3979=AXIS2_PLACEMENT_3D('',#5383,#4319,#4320);
#3980=AXIS2_PLACEMENT_3D('',#5384,#4321,#4322);
#3981=AXIS2_PLACEMENT_3D('',#5386,#4323,#4324);
#3982=AXIS2_PLACEMENT_3D('',#5417,#4340,#4341);
#3983=AXIS2_PLACEMENT_3D('',#5429,#4348,#4349);
#3984=AXIS2_PLACEMENT_3D('',#5431,#4351,#4352);
#3985=AXIS2_PLACEMENT_3D('',#5442,#4359,#4360);
#3986=AXIS2_PLACEMENT_3D('',#5446,#4363,#4364);
#3987=AXIS2_PLACEMENT_3D('',#5452,#4368,#4369);
#3988=AXIS2_PLACEMENT_3D('',#5461,#4374,#4375);
#3989=AXIS2_PLACEMENT_3D('',#5468,#4380,#4381);
#3990=AXIS2_PLACEMENT_3D('',#5475,#4386,#4387);
#3991=AXIS2_PLACEMENT_3D('',#5476,#4388,#4389);
#3992=AXIS2_PLACEMENT_3D('',#5478,#4391,#4392);
#3993=AXIS2_PLACEMENT_3D('',#5480,#4394,#4395);
#3994=AXIS2_PLACEMENT_3D('',#5481,#4396,#4397);
#3995=AXIS2_PLACEMENT_3D('',#5497,#4406,#4407);
#3996=AXIS2_PLACEMENT_3D('',#5499,#4409,#4410);
#3997=AXIS2_PLACEMENT_3D('',#5508,#4415,#4416);
#3998=AXIS2_PLACEMENT_3D('',#5514,#4420,#4421);
#3999=AXIS2_PLACEMENT_3D('',#5523,#4426,#4427);
#4000=AXIS2_PLACEMENT_3D('',#5529,#4431,#4432);
#4001=AXIS2_PLACEMENT_3D('',#5530,#4433,#4434);
#4002=AXIS2_PLACEMENT_3D('',#5532,#4435,#4436);
#4003=AXIS2_PLACEMENT_3D('',#5544,#4443,#4444);
#4004=AXIS2_PLACEMENT_3D('',#5554,#4450,#4451);
#4005=AXIS2_PLACEMENT_3D('',#5564,#4457,#4458);
#4006=AXIS2_PLACEMENT_3D('',#5565,#4459,#4460);
#4007=AXIS2_PLACEMENT_3D('',#5567,#4461,#4462);
#4008=AXIS2_PLACEMENT_3D('',#5568,#4463,#4464);
#4009=AXIS2_PLACEMENT_3D('',#5570,#4465,#4466);
#4010=AXIS2_PLACEMENT_3D('',#5571,#4467,#4468);
#4011=AXIS2_PLACEMENT_3D('',#5573,#4469,#4470);
#4012=AXIS2_PLACEMENT_3D('',#5574,#4471,#4472);
#4013=AXIS2_PLACEMENT_3D('',#5576,#4473,#4474);
#4014=AXIS2_PLACEMENT_3D('',#5580,#4477,#4478);
#4015=AXIS2_PLACEMENT_3D('',#5584,#4481,#4482);
#4016=AXIS2_PLACEMENT_3D('',#5585,#4483,#4484);
#4017=AXIS2_PLACEMENT_3D('',#5588,#4486,#4487);
#4018=AXIS2_PLACEMENT_3D('',#5589,#4488,#4489);
#4019=AXIS2_PLACEMENT_3D('',#5592,#4492,#4493);
#4020=AXIS2_PLACEMENT_3D('',#5595,#4496,#4497);
#4021=AXIS2_PLACEMENT_3D('',#5596,#4498,#4499);
#4022=AXIS2_PLACEMENT_3D('',#5598,#4501,#4502);
#4023=AXIS2_PLACEMENT_3D('',#5600,#4504,#4505);
#4024=AXIS2_PLACEMENT_3D('',#5602,#4507,#4508);
#4025=AXIS2_PLACEMENT_3D('',#5604,#4510,#4511);
#4026=AXIS2_PLACEMENT_3D('',#5605,#4512,#4513);
#4027=AXIS2_PLACEMENT_3D('',#5608,#4515,#4516);
#4028=AXIS2_PLACEMENT_3D('',#5611,#4518,#4519);
#4029=AXIS2_PLACEMENT_3D('',#5615,#4521,#4522);
#4030=AXIS2_PLACEMENT_3D('',#5619,#4524,#4525);
#4031=AXIS2_PLACEMENT_3D('',#5622,#4527,#4528);
#4032=AXIS2_PLACEMENT_3D('',#5626,#4530,#4531);
#4033=AXIS2_PLACEMENT_3D('',#5627,#4532,#4533);
#4034=AXIS2_PLACEMENT_3D('',#5631,#4535,#4536);
#4035=AXIS2_PLACEMENT_3D('',#5635,#4538,#4539);
#4036=AXIS2_PLACEMENT_3D('',#5640,#4542,#4543);
#4037=AXIS2_PLACEMENT_3D('',#5641,#4544,#4545);
#4038=AXIS2_PLACEMENT_3D('',#5643,#4547,#4548);
#4039=AXIS2_PLACEMENT_3D('',#5647,#4550,#4551);
#4040=AXIS2_PLACEMENT_3D('',#5648,#4552,#4553);
#4041=AXIS2_PLACEMENT_3D('',#5652,#4555,#4556);
#4042=AXIS2_PLACEMENT_3D('',#5656,#4558,#4559);
#4043=AXIS2_PLACEMENT_3D('',#5661,#4562,#4563);
#4044=AXIS2_PLACEMENT_3D('',#5662,#4564,#4565);
#4045=AXIS2_PLACEMENT_3D('',#5664,#4567,#4568);
#4046=AXIS2_PLACEMENT_3D('',#5666,#4570,#4571);
#4047=AXIS2_PLACEMENT_3D('',#5670,#4573,#4574);
#4048=AXIS2_PLACEMENT_3D('',#5672,#4575,#4576);
#4049=AXIS2_PLACEMENT_3D('',#5674,#4577,#4578);
#4050=AXIS2_PLACEMENT_3D('',#5678,#4580,#4581);
#4051=AXIS2_PLACEMENT_3D('',#5682,#4583,#4584);
#4052=AXIS2_PLACEMENT_3D('',#5686,#4586,#4587);
#4053=AXIS2_PLACEMENT_3D('',#5687,#4588,#4589);
#4054=AXIS2_PLACEMENT_3D('',#5689,#4591,#4592);
#4055=AXIS2_PLACEMENT_3D('',#5693,#4594,#4595);
#4056=AXIS2_PLACEMENT_3D('',#5695,#4596,#4597);
#4057=AXIS2_PLACEMENT_3D('',#5697,#4598,#4599);
#4058=AXIS2_PLACEMENT_3D('',#5701,#4601,#4602);
#4059=AXIS2_PLACEMENT_3D('',#5705,#4604,#4605);
#4060=AXIS2_PLACEMENT_3D('',#5709,#4607,#4608);
#4061=AXIS2_PLACEMENT_3D('',#5710,#4609,#4610);
#4062=AXIS2_PLACEMENT_3D('',#5712,#4612,#4613);
#4063=AXIS2_PLACEMENT_3D('',#5716,#4615,#4616);
#4064=AXIS2_PLACEMENT_3D('',#5718,#4617,#4618);
#4065=AXIS2_PLACEMENT_3D('',#5720,#4619,#4620);
#4066=AXIS2_PLACEMENT_3D('',#5724,#4622,#4623);
#4067=AXIS2_PLACEMENT_3D('',#5728,#4625,#4626);
#4068=AXIS2_PLACEMENT_3D('',#5732,#4628,#4629);
#4069=AXIS2_PLACEMENT_3D('',#5733,#4630,#4631);
#4070=AXIS2_PLACEMENT_3D('',#5735,#4633,#4634);
#4071=AXIS2_PLACEMENT_3D('',#5744,#4639,#4640);
#4072=AXIS2_PLACEMENT_3D('',#5753,#4645,#4646);
#4073=AXIS2_PLACEMENT_3D('',#5756,#4649,#4650);
#4074=AXIS2_PLACEMENT_3D('',#5762,#4654,#4655);
#4075=AXIS2_PLACEMENT_3D('',#5768,#4659,#4660);
#4076=AXIS2_PLACEMENT_3D('',#5770,#4662,#4663);
#4077=AXIS2_PLACEMENT_3D('',#5779,#4668,#4669);
#4078=AXIS2_PLACEMENT_3D('',#5788,#4674,#4675);
#4079=AXIS2_PLACEMENT_3D('',#5791,#4678,#4679);
#4080=AXIS2_PLACEMENT_3D('',#5797,#4683,#4684);
#4081=AXIS2_PLACEMENT_3D('',#5803,#4688,#4689);
#4082=AXIS2_PLACEMENT_3D('',#5805,#4691,#4692);
#4083=AXIS2_PLACEMENT_3D('',#5814,#4697,#4698);
#4084=AXIS2_PLACEMENT_3D('',#5820,#4702,#4703);
#4085=AXIS2_PLACEMENT_3D('',#5824,#4706,#4707);
#4086=AXIS2_PLACEMENT_3D('',#5830,#4711,#4712);
#4087=AXIS2_PLACEMENT_3D('',#5836,#4716,#4717);
#4088=AXIS2_PLACEMENT_3D('',#5840,#4720,#4721);
#4089=AXIS2_PLACEMENT_3D('',#5846,#4725,#4726);
#4090=AXIS2_PLACEMENT_3D('',#5852,#4730,#4731);
#4091=AXIS2_PLACEMENT_3D('',#5856,#4734,#4735);
#4092=AXIS2_PLACEMENT_3D('',#5862,#4739,#4740);
#4093=AXIS2_PLACEMENT_3D('',#5868,#4744,#4745);
#4094=AXIS2_PLACEMENT_3D('',#5872,#4748,#4749);
#4095=AXIS2_PLACEMENT_3D('',#5878,#4753,#4754);
#4096=AXIS2_PLACEMENT_3D('',#5884,#4758,#4759);
#4097=AXIS2_PLACEMENT_3D('',#5890,#4763,#4764);
#4098=AXIS2_PLACEMENT_3D('',#5899,#4769,#4770);
#4099=AXIS2_PLACEMENT_3D('',#5908,#4775,#4776);
#4100=AXIS2_PLACEMENT_3D('',#5911,#4779,#4780);
#4101=AXIS2_PLACEMENT_3D('',#5921,#4786,#4787);
#4102=AXIS2_PLACEMENT_3D('',#5927,#4791,#4792);
#4103=AXIS2_PLACEMENT_3D('',#5933,#4796,#4797);
#4104=AXIS2_PLACEMENT_3D('',#5935,#4799,#4800);
#4105=AXIS2_PLACEMENT_3D('',#5945,#4806,#4807);
#4106=AXIS2_PLACEMENT_3D('',#5953,#4813,#4814);
#4107=AXIS2_PLACEMENT_3D('',#5957,#4817,#4818);
#4108=AXIS2_PLACEMENT_3D('',#5961,#4821,#4822);
#4109=AXIS2_PLACEMENT_3D('',#5970,#4827,#4828);
#4110=AXIS2_PLACEMENT_3D('',#5976,#4832,#4833);
#4111=AXIS2_PLACEMENT_3D('',#5985,#4838,#4839);
#4112=AXIS2_PLACEMENT_3D('',#5991,#4843,#4844);
#4113=AXIS2_PLACEMENT_3D('',#6000,#4849,#4850);
#4114=AXIS2_PLACEMENT_3D('',#6006,#4854,#4855);
#4115=AXIS2_PLACEMENT_3D('',#6015,#4860,#4861);
#4116=AXIS2_PLACEMENT_3D('',#6021,#4865,#4866);
#4117=AXIS2_PLACEMENT_3D('',#6022,#4867,#4868);
#4118=AXIS2_PLACEMENT_3D('',#6024,#4869,#4870);
#4119=AXIS2_PLACEMENT_3D('',#6026,#4871,#4872);
#4120=AXIS2_PLACEMENT_3D('',#6027,#4873,#4874);
#4121=AXIS2_PLACEMENT_3D('',#6033,#4878,#4879);
#4122=AXIS2_PLACEMENT_3D('',#6039,#4883,#4884);
#4123=AXIS2_PLACEMENT_3D('',#6048,#4889,#4890);
#4124=AXIS2_PLACEMENT_3D('',#6049,#4891,#4892);
#4125=AXIS2_PLACEMENT_3D('',#6051,#4894,#4895);
#4126=AXIS2_PLACEMENT_3D('',#6052,#4896,#4897);
#4127=AXIS2_PLACEMENT_3D('',#6054,#4899,#4900);
#4128=AXIS2_PLACEMENT_3D('',#6056,#4901,#4902);
#4129=AXIS2_PLACEMENT_3D('',#6057,#4903,#4904);
#4130=AXIS2_PLACEMENT_3D('',#6059,#4905,#4906);
#4131=AXIS2_PLACEMENT_3D('',#6061,#4907,#4908);
#4132=AXIS2_PLACEMENT_3D('',#6062,#4909,#4910);
#4133=AXIS2_PLACEMENT_3D('',#6068,#4914,#4915);
#4134=AXIS2_PLACEMENT_3D('',#6074,#4919,#4920);
#4135=AXIS2_PLACEMENT_3D('',#6083,#4925,#4926);
#4136=AXIS2_PLACEMENT_3D('',#6085,#4928,#4929);
#4137=AXIS2_PLACEMENT_3D('',#6086,#4930,#4931);
#4138=AXIS2_PLACEMENT_3D('',#6088,#4932,#4933);
#4139=AXIS2_PLACEMENT_3D('',#6089,#4934,#4935);
#4140=AXIS2_PLACEMENT_3D('',#6091,#4937,#4938);
#4141=AXIS2_PLACEMENT_3D('',#6092,#4939,#4940);
#4142=AXIS2_PLACEMENT_3D('',#6094,#4941,#4942);
#4143=AXIS2_PLACEMENT_3D('',#6096,#4943,#4944);
#4144=AXIS2_PLACEMENT_3D('',#6097,#4945,#4946);
#4145=AXIS2_PLACEMENT_3D('',#6103,#4950,#4951);
#4146=AXIS2_PLACEMENT_3D('',#6109,#4955,#4956);
#4147=AXIS2_PLACEMENT_3D('',#6118,#4961,#4962);
#4148=AXIS2_PLACEMENT_3D('',#6120,#4964,#4965);
#4149=AXIS2_PLACEMENT_3D('',#6121,#4966,#4967);
#4150=AXIS2_PLACEMENT_3D('',#6122,#4968,#4969);
#4151=AXIS2_PLACEMENT_3D('',#6124,#4971,#4972);
#4152=AXIS2_PLACEMENT_3D('',#6126,#4973,#4974);
#4153=AXIS2_PLACEMENT_3D('',#6127,#4975,#4976);
#4154=AXIS2_PLACEMENT_3D('',#6129,#4977,#4978);
#4155=AXIS2_PLACEMENT_3D('',#6131,#4979,#4980);
#4156=AXIS2_PLACEMENT_3D('',#6132,#4981,#4982);
#4157=AXIS2_PLACEMENT_3D('',#6138,#4986,#4987);
#4158=AXIS2_PLACEMENT_3D('',#6144,#4991,#4992);
#4159=AXIS2_PLACEMENT_3D('',#6153,#4997,#4998);
#4160=AXIS2_PLACEMENT_3D('',#6154,#4999,#5000);
#4161=AXIS2_PLACEMENT_3D('',#6156,#5002,#5003);
#4162=AXIS2_PLACEMENT_3D('',#6158,#5004,#5005);
#4163=AXIS2_PLACEMENT_3D('',#6159,#5006,#5007);
#4164=AXIS2_PLACEMENT_3D('',#6161,#5009,#5010);
#4165=AXIS2_PLACEMENT_3D('',#6162,#5011,#5012);
#4166=AXIS2_PLACEMENT_3D('',#6164,#5013,#5014);
#4167=AXIS2_PLACEMENT_3D('',#6165,#5015,#5016);
#4168=AXIS2_PLACEMENT_3D('',#6167,#5017,#5018);
#4169=AXIS2_PLACEMENT_3D('',#6169,#5019,#5020);
#4170=AXIS2_PLACEMENT_3D('',#6170,#5021,#5022);
#4171=AXIS2_PLACEMENT_3D('',#6172,#5023,#5024);
#4172=AXIS2_PLACEMENT_3D('',#6173,#5025,#5026);
#4173=AXIS2_PLACEMENT_3D('',#6174,#5027,#5028);
#4174=AXIS2_PLACEMENT_3D('',#6175,#5029,#5030);
#4175=AXIS2_PLACEMENT_3D('',#6177,#5031,#5032);
#4176=AXIS2_PLACEMENT_3D('',#6179,#5033,#5034);
#4177=AXIS2_PLACEMENT_3D('',#6180,#5035,#5036);
#4178=AXIS2_PLACEMENT_3D('',#6182,#5037,#5038);
#4179=AXIS2_PLACEMENT_3D('',#6186,#5040,#5041);
#4180=AXIS2_PLACEMENT_3D('',#6187,#5042,#5043);
#4181=AXIS2_PLACEMENT_3D('',#6188,#5044,#5045);
#4182=AXIS2_PLACEMENT_3D('',#6189,#5046,#5047);
#4183=AXIS2_PLACEMENT_3D('',#6190,#5048,#5049);
#4184=AXIS2_PLACEMENT_3D('',#6192,#5050,#5051);
#4185=AXIS2_PLACEMENT_3D('',#6196,#5053,#5054);
#4186=AXIS2_PLACEMENT_3D('',#6199,#5056,#5057);
#4187=AXIS2_PLACEMENT_3D('',#6200,#5058,#5059);
#4188=AXIS2_PLACEMENT_3D('',#6202,#5060,#5061);
#4189=AXIS2_PLACEMENT_3D('',#6204,#5062,#5063);
#4190=AXIS2_PLACEMENT_3D('',#6205,#5064,#5065);
#4191=AXIS2_PLACEMENT_3D('',#6207,#5066,#5067);
#4192=AXIS2_PLACEMENT_3D('',#6208,#5068,#5069);
#4193=AXIS2_PLACEMENT_3D('',#6210,#5070,#5071);
#4194=AXIS2_PLACEMENT_3D('',#6228,#5081,#5082);
#4195=AXIS2_PLACEMENT_3D('',#6245,#5091,#5092);
#4196=AXIS2_PLACEMENT_3D('',#6248,#5095,#5096);
#4197=AXIS2_PLACEMENT_3D('',#6257,#5101,#5102);
#4198=AXIS2_PLACEMENT_3D('',#6263,#5106,#5107);
#4199=AXIS2_PLACEMENT_3D('',#6267,#5110,#5111);
#4200=AXIS2_PLACEMENT_3D('',#6271,#5114,#5115);
#4201=AXIS2_PLACEMENT_3D('',#6277,#5119,#5120);
#4202=AXIS2_PLACEMENT_3D('',#6283,#5124,#5125);
#4203=AXIS2_PLACEMENT_3D('',#6289,#5131,#5132);
#4204=AXIS2_PLACEMENT_3D('',#6290,#5133,#5134);
#4205=AXIS2_PLACEMENT_3D('',#6293,#5137,#5138);
#4206=AXIS2_PLACEMENT_3D('',#6302,#5143,#5144);
#4207=AXIS2_PLACEMENT_3D('',#6305,#5147,#5148);
#4208=AXIS2_PLACEMENT_3D('',#6314,#5153,#5154);
#4209=AXIS2_PLACEMENT_3D('',#6317,#5157,#5158);
#4210=AXIS2_PLACEMENT_3D('',#6326,#5163,#5164);
#4211=AXIS2_PLACEMENT_3D('',#6329,#5167,#5168);
#4212=AXIS2_PLACEMENT_3D('',#6331,#5170,#5171);
#4213=AXIS2_PLACEMENT_3D('',#6333,#5173,#5174);
#4214=AXIS2_PLACEMENT_3D('',#6336,#5177,#5178);
#4215=AXIS2_PLACEMENT_3D('',#6338,#5180,#5181);
#4216=AXIS2_PLACEMENT_3D('',#6341,#5184,#5185);
#4217=AXIS2_PLACEMENT_3D('',#6343,#5187,#5188);
#4218=AXIS2_PLACEMENT_3D('',#6347,#5192,#5193);
#4219=AXIS2_PLACEMENT_3D('',#6348,#5194,#5195);
#4220=AXIS2_PLACEMENT_3D('',#6349,#5196,#5197);
#4221=AXIS2_PLACEMENT_3D('',#6350,#5198,#5199);
#4222=AXIS2_PLACEMENT_3D('',#6356,#5203,#5204);
#4223=AXIS2_PLACEMENT_3D('',#6359,#5207,#5208);
#4224=AXIS2_PLACEMENT_3D('',#6365,#5212,#5213);
#4225=AXIS2_PLACEMENT_3D('',#6371,#5217,#5218);
#4226=AXIS2_PLACEMENT_3D('',#6372,#5219,#5220);
#4227=AXIS2_PLACEMENT_3D('',#6373,#5221,#5222);
#4228=AXIS2_PLACEMENT_3D('',#6375,#5223,#5224);
#4229=AXIS2_PLACEMENT_3D('',#6376,#5225,#5226);
#4230=AXIS2_PLACEMENT_3D('',#6377,#5227,#5228);
#4231=AXIS2_PLACEMENT_3D('',#6378,#5229,#5230);
#4232=AXIS2_PLACEMENT_3D('',#6379,#5231,#5232);
#4233=AXIS2_PLACEMENT_3D('',#6380,#5233,#5234);
#4234=AXIS2_PLACEMENT_3D('',#6381,#5235,#5236);
#4235=AXIS2_PLACEMENT_3D('',#6382,#5237,#5238);
#4236=AXIS2_PLACEMENT_3D('',#6383,#5239,#5240);
#4237=AXIS2_PLACEMENT_3D('',#6384,#5241,#5242);
#4238=AXIS2_PLACEMENT_3D('',#6386,#5244,#5245);
#4239=AXIS2_PLACEMENT_3D('',#6394,#5251,#5252);
#4240=AXIS2_PLACEMENT_3D('',#6397,#5255,#5256);
#4241=AXIS2_PLACEMENT_3D('',#6400,#5259,#5260);
#4242=AXIS2_PLACEMENT_3D('',#6403,#5263,#5264);
#4243=AXIS2_PLACEMENT_3D('',#6406,#5267,#5268);
#4244=AXIS2_PLACEMENT_3D('',#6409,#5271,#5272);
#4245=AXIS2_PLACEMENT_3D('',#6412,#5275,#5276);
#4246=AXIS2_PLACEMENT_3D('',#6413,#5277,#5278);
#4247=AXIS2_PLACEMENT_3D('',#6414,#5279,#5280);
#4248=AXIS2_PLACEMENT_3D('',#6415,#5281,#5282);
#4249=AXIS2_PLACEMENT_3D('',#6416,#5283,#5284);
#4250=AXIS2_PLACEMENT_3D('',#6417,#5285,#5286);
#4251=AXIS2_PLACEMENT_3D('',#6418,#5287,#5288);
#4252=AXIS2_PLACEMENT_3D('',#6419,#5289,#5290);
#4253=AXIS2_PLACEMENT_3D('',#6420,#5291,#5292);
#4254=AXIS2_PLACEMENT_3D('',#6424,#5296,#5297);
#4255=AXIS2_PLACEMENT_3D('',#6426,#5299,#5300);
#4256=AXIS2_PLACEMENT_3D('',#6428,#5302,#5303);
#4257=AXIS2_PLACEMENT_3D('',#6430,#5305,#5306);
#4258=AXIS2_PLACEMENT_3D('',#6431,#5307,#5308);
#4259=AXIS2_PLACEMENT_3D('',#6432,#5309,#5310);
#4260=AXIS2_PLACEMENT_3D('',#6433,#5311,#5312);
#4261=AXIS2_PLACEMENT_3D('',#6434,#5313,#5314);
#4262=DIRECTION('',(0.,0.,1.));
#4263=DIRECTION('',(1.,0.,0.));
#4264=DIRECTION('',(1.,0.,0.));
#4265=DIRECTION('',(0.,0.,-1.));
#4266=DIRECTION('',(0.,-1.,-2.77555756156289E-17));
#4267=DIRECTION('',(0.,-3.77442009568496E-16,-1.));
#4268=DIRECTION('',(0.,1.,-3.7942333245337E-16));
#4269=DIRECTION('',(0.,1.06728276221529E-47,-1.));
#4270=DIRECTION('',(0.,1.,-3.7942333245337E-16));
#4271=DIRECTION('',(0.,-3.77442009568496E-16,-1.));
#4272=DIRECTION('',(0.,-1.,3.33066907387547E-16));
#4273=DIRECTION('',(0.,-3.33066907387547E-16,-1.));
#4274=DIRECTION('',(0.,-1.,3.77442009568496E-16));
#4275=DIRECTION('',(0.,-3.77442009568496E-16,-1.));
#4276=DIRECTION('',(-1.,0.,0.));
#4277=DIRECTION('',(0.,3.77442009568496E-16,1.));
#4278=DIRECTION('',(1.,0.,0.));
#4279=DIRECTION('',(-1.,0.,0.));
#4280=DIRECTION('',(0.,0.,1.));
#4281=DIRECTION('',(0.,1.,-3.7942333245337E-16));
#4282=DIRECTION('',(0.,0.,1.));
#4283=DIRECTION('',(0.,1.,-3.7942333245337E-16));
#4284=DIRECTION('',(0.,-1.06728276221529E-47,1.));
#4285=DIRECTION('',(0.,3.7942333245337E-16,1.));
#4286=DIRECTION('',(0.,-1.,3.7942333245337E-16));
#4287=DIRECTION('',(0.,1.,-3.7942333245337E-16));
#4288=DIRECTION('',(-0.983787824457937,0.179336322166812,-6.80443849864627E-17));
#4289=DIRECTION('',(1.,1.84889274661175E-32,-7.01513047268293E-48));
#4290=DIRECTION('',(0.,1.,-3.7942333245337E-16));
#4291=DIRECTION('',(1.,0.,0.));
#4292=DIRECTION('',(-1.,0.,0.));
#4293=DIRECTION('',(0.,0.,1.));
#4294=DIRECTION('',(0.,1.,-3.7942333245337E-16));
#4295=DIRECTION('',(0.,0.,-1.));
#4296=DIRECTION('',(0.,3.77442009568496E-16,1.));
#4297=DIRECTION('',(0.,-3.7942333245337E-16,-1.));
#4298=DIRECTION('',(0.,1.,-3.7942333245337E-16));
#4299=DIRECTION('',(0.983787824457937,-0.179336322166812,0.));
#4300=DIRECTION('',(0.,-1.,0.));
#4301=DIRECTION('',(-1.,0.,0.));
#4302=DIRECTION('',(-1.,0.,0.));
#4303=DIRECTION('',(-1.,-1.84889274661175E-32,7.01513047268293E-48));
#4304=DIRECTION('',(1.84889274661175E-32,-1.,-1.06728276221529E-47));
#4305=DIRECTION('',(-3.46944695195361E-18,-1.18258865271803E-47,1.));
#4306=DIRECTION('',(0.,1.,0.));
#4307=DIRECTION('',(0.,0.,1.));
#4308=DIRECTION('',(0.,0.,1.));
#4309=DIRECTION('',(-0.179336322166812,-0.983787824457938,0.));
#4310=DIRECTION('',(0.983787824457937,-0.179336322166812,0.));
#4311=DIRECTION('',(0.,0.,1.));
#4312=DIRECTION('',(-1.,0.,0.));
#4313=DIRECTION('',(0.,0.,1.));
#4314=DIRECTION('',(-1.21318421693684E-32,-1.,3.33066907387547E-16));
#4315=DIRECTION('',(4.04071515226537E-48,3.33066907387547E-16,1.));
#4316=DIRECTION('',(1.,0.,8.61781701471376E-17));
#4317=DIRECTION('',(9.60831595784057E-17,3.33066907387547E-16,1.));
#4318=DIRECTION('',(1.,-1.21318421693684E-32,-3.36726262688781E-49));
#4319=DIRECTION('',(-3.26980085019605E-32,-1.,3.7942333245337E-16));
#4320=DIRECTION('',(0.,-3.7942333245337E-16,-1.));
#4321=DIRECTION('',(-3.26980085019605E-32,-1.,3.7942333245337E-16));
#4322=DIRECTION('',(0.,-3.7942333245337E-16,-1.));
#4323=DIRECTION('',(-3.26980085019605E-32,-1.,3.7942333245337E-16));
#4324=DIRECTION('',(0.,-3.7942333245337E-16,-1.));
#4325=DIRECTION('',(-1.,0.,0.));
#4326=DIRECTION('',(0.,-3.77442009568496E-16,-1.));
#4327=DIRECTION('',(-1.,0.,0.));
#4328=DIRECTION('',(0.,3.77442009568496E-16,1.));
#4329=DIRECTION('',(1.,0.,8.61781701471376E-17));
#4330=DIRECTION('',(-2.37139582783356E-16,3.7942333245337E-16,1.));
#4331=DIRECTION('',(-0.641655262458499,-2.91015104860002E-16,-0.76699317086876));
#4332=DIRECTION('',(9.66341702746467E-17,3.05803879887791E-16,1.));
#4333=DIRECTION('',(-1.,6.91569205495211E-32,9.60903268963863E-17));
#4334=DIRECTION('',(9.66341702746467E-17,3.05803879887791E-16,1.));
#4335=DIRECTION('',(-0.6416552624585,2.91015104860002E-16,0.76699317086876));
#4336=DIRECTION('',(0.,-3.7942333245337E-16,-1.));
#4337=DIRECTION('',(-1.,0.,9.60831595784057E-17));
#4338=DIRECTION('',(9.60831595784057E-17,3.7942333245337E-16,1.));
#4339=DIRECTION('',(1.,0.,8.61781701471376E-17));
#4340=DIRECTION('',(0.,-2.77555756156289E-17,1.));
#4341=DIRECTION('',(0.,-1.,-2.77555756156289E-17));
#4342=DIRECTION('',(2.66684340106698E-33,1.,2.77555756156289E-17));
#4343=DIRECTION('',(1.,0.,0.));
#4344=DIRECTION('',(-5.75250669034782E-18,1.,2.77555756156289E-17));
#4345=DIRECTION('',(1.,-1.21318421693684E-32,-3.36726262688781E-49));
#4346=DIRECTION('',(0.,1.,2.77555756156289E-17));
#4347=DIRECTION('',(-1.,0.,0.));
#4348=DIRECTION('',(-8.61781701471376E-17,3.33066907387547E-16,1.));
#4349=DIRECTION('',(0.,-1.,3.33066907387547E-16));
#4350=DIRECTION('',(-3.20021208128038E-32,1.,-3.33066907387547E-16));
#4351=DIRECTION('',(-1.,0.,0.));
#4352=DIRECTION('',(0.,0.,1.));
#4353=DIRECTION('',(0.,3.33066907387547E-16,1.));
#4354=DIRECTION('',(0.,1.,-3.33066907387547E-16));
#4355=DIRECTION('',(0.,1.,-3.7942333245337E-16));
#4356=DIRECTION('',(0.,-1.06728276221529E-47,1.));
#4357=DIRECTION('',(0.,1.,-3.7942333245337E-16));
#4358=DIRECTION('',(0.,3.77442009568496E-16,1.));
#4359=DIRECTION('',(0.,-1.,3.77442009568496E-16));
#4360=DIRECTION('',(0.,-3.77442009568496E-16,-1.));
#4361=DIRECTION('',(1.,0.,0.));
#4362=DIRECTION('',(0.,-3.77442009568496E-16,-1.));
#4363=DIRECTION('',(1.,0.,0.));
#4364=DIRECTION('',(0.,0.,-1.));
#4365=DIRECTION('',(0.,1.,-3.7942333245337E-16));
#4366=DIRECTION('',(0.,0.,1.));
#4367=DIRECTION('',(0.,1.,-3.7942333245337E-16));
#4368=DIRECTION('',(1.,0.,0.));
#4369=DIRECTION('',(0.,0.,-1.));
#4370=DIRECTION('',(0.,1.,-3.7942333245337E-16));
#4371=DIRECTION('',(0.,0.,1.));
#4372=DIRECTION('',(0.,1.,-3.7942333245337E-16));
#4373=DIRECTION('',(0.,1.06728276221529E-47,-1.));
#4374=DIRECTION('',(0.,3.7942333245337E-16,1.));
#4375=DIRECTION('',(0.,-1.,3.7942333245337E-16));
#4376=DIRECTION('',(0.,-1.,3.7942333245337E-16));
#4377=DIRECTION('',(1.,0.,0.));
#4378=DIRECTION('',(1.,1.84889274661175E-32,-7.01513047268293E-48));
#4379=DIRECTION('',(-0.983787824457937,-0.179336322166812,6.80443849864627E-17));
#4380=DIRECTION('',(0.,-3.7942333245337E-16,-1.));
#4381=DIRECTION('',(0.,1.,-3.7942333245337E-16));
#4382=DIRECTION('',(-1.,0.,0.));
#4383=DIRECTION('',(0.,1.,0.));
#4384=DIRECTION('',(0.983787824457937,0.179336322166812,0.));
#4385=DIRECTION('',(-1.,-1.84889274661175E-32,7.01513047268293E-48));
#4386=DIRECTION('',(1.84889274661175E-32,-1.,-1.06728276221529E-47));
#4387=DIRECTION('',(-3.46944695195361E-18,-1.18258865271803E-47,1.));
#4388=DIRECTION('',(0.,1.,0.));
#4389=DIRECTION('',(0.,0.,1.));
#4390=DIRECTION('',(0.,0.,1.));
#4391=DIRECTION('',(1.,0.,0.));
#4392=DIRECTION('',(0.,0.,-1.));
#4393=DIRECTION('',(0.,0.,1.));
#4394=DIRECTION('',(0.179336322166812,-0.983787824457938,0.));
#4395=DIRECTION('',(0.983787824457937,0.179336322166812,0.));
#4396=DIRECTION('',(-1.21318421693684E-32,-1.,3.33066907387547E-16));
#4397=DIRECTION('',(4.04071515226537E-48,3.33066907387547E-16,1.));
#4398=DIRECTION('',(-1.91596961308032E-33,3.33066907387547E-16,1.));
#4399=DIRECTION('',(-1.,1.21318421693684E-32,3.36726262688781E-49));
#4400=DIRECTION('',(1.91596961308032E-33,-3.33066907387547E-16,-1.));
#4401=DIRECTION('',(-1.,0.,9.60831595784057E-17));
#4402=DIRECTION('',(0.,-3.00516565072955E-16,-1.));
#4403=DIRECTION('',(-1.,0.,-1.21188051769412E-16));
#4404=DIRECTION('',(-1.50258282536477E-16,3.00516565072955E-16,1.));
#4405=DIRECTION('',(1.,0.,8.61781701471376E-17));
#4406=DIRECTION('',(-8.61781701471376E-17,3.33066907387547E-16,1.));
#4407=DIRECTION('',(0.,-1.,3.33066907387547E-16));
#4408=DIRECTION('',(1.21318421693684E-32,1.,-3.33066907387547E-16));
#4409=DIRECTION('',(-0.76699317086876,2.13714133875996E-16,0.641655262458498));
#4410=DIRECTION('',(0.641655262458499,0.,0.766993170868761));
#4411=DIRECTION('',(0.454953289385601,0.70517759854768,0.543821716175209));
#4412=DIRECTION('',(0.641655262458499,2.91015104860002E-16,0.766993170868761));
#4413=DIRECTION('',(-1.21318421693684E-32,-1.,3.33066907387547E-16));
#4414=DIRECTION('',(-0.641655262458499,-2.55460043408627E-16,-0.766993170868761));
#4415=DIRECTION('',(-0.76699317086876,-2.13714133875997E-16,-0.6416552624585));
#4416=DIRECTION('',(-0.6416552624585,0.,0.76699317086876));
#4417=DIRECTION('',(-0.454953289385601,-0.70517759854768,0.543821716175208));
#4418=DIRECTION('',(0.6416552624585,-2.55460043408626E-16,-0.76699317086876));
#4419=DIRECTION('',(-1.21318421693684E-32,-1.,3.33066907387547E-16));
#4420=DIRECTION('',(0.76699317086876,2.13714133875997E-16,0.641655262458499));
#4421=DIRECTION('',(0.641655262458499,0.,-0.76699317086876));
#4422=DIRECTION('',(0.454953289385601,-0.705177598547681,-0.543821716175208));
#4423=DIRECTION('',(-0.641655262458499,2.55460043408626E-16,0.76699317086876));
#4424=DIRECTION('',(-1.21318421693684E-32,-1.,3.33066907387547E-16));
#4425=DIRECTION('',(0.641655262458499,-2.91015104860002E-16,-0.76699317086876));
#4426=DIRECTION('',(0.76699317086876,-2.13714133875997E-16,-0.641655262458499));
#4427=DIRECTION('',(-0.641655262458499,0.,-0.76699317086876));
#4428=DIRECTION('',(-0.454953289385601,0.70517759854768,-0.543821716175208));
#4429=DIRECTION('',(-1.21318421693684E-32,-1.,3.33066907387547E-16));
#4430=DIRECTION('',(0.641655262458499,2.55460043408626E-16,0.76699317086876));
#4431=DIRECTION('',(-3.26980085019605E-32,-1.,3.7942333245337E-16));
#4432=DIRECTION('',(0.,-3.7942333245337E-16,-1.));
#4433=DIRECTION('',(-3.26980085019605E-32,-1.,3.7942333245337E-16));
#4434=DIRECTION('',(0.,-3.7942333245337E-16,-1.));
#4435=DIRECTION('',(-3.26980085019605E-32,-1.,3.7942333245337E-16));
#4436=DIRECTION('',(0.,-3.7942333245337E-16,-1.));
#4437=DIRECTION('',(1.,-6.91569205495211E-32,-9.60903268963863E-17));
#4438=DIRECTION('',(9.66341702746467E-17,3.05803879887791E-16,1.));
#4439=DIRECTION('',(-2.37139582783356E-16,3.7942333245337E-16,1.));
#4440=DIRECTION('',(-1.,0.,-1.21188051769412E-16));
#4441=DIRECTION('',(0.,-3.7942333245337E-16,-1.));
#4442=DIRECTION('',(9.66341702746467E-17,3.05803879887791E-16,1.));
#4443=DIRECTION('',(-9.60903268963863E-17,-3.05803879887791E-16,-1.));
#4444=DIRECTION('',(0.,1.,-3.05803879887791E-16));
#4445=DIRECTION('',(0.542126869822093,-0.840296648224244,2.0487282714316E-16));
#4446=DIRECTION('',(0.,1.,-3.05803879887791E-16));
#4447=DIRECTION('',(-1.,0.,9.60903268963863E-17));
#4448=DIRECTION('',(0.,1.,-3.05803879887791E-16));
#4449=DIRECTION('',(0.542126869822094,0.840296648224244,-3.090591234242E-16));
#4450=DIRECTION('',(9.60903268963863E-17,3.05803879887791E-16,1.));
#4451=DIRECTION('',(0.,-1.,3.05803879887791E-16));
#4452=DIRECTION('',(0.542126869822094,0.840296648224244,-2.31407531505464E-16));
#4453=DIRECTION('',(0.,1.,-3.05803879887791E-16));
#4454=DIRECTION('',(1.,0.,-9.60903268963863E-17));
#4455=DIRECTION('',(0.,1.,-3.05803879887791E-16));
#4456=DIRECTION('',(0.542126869822093,-0.840296648224244,2.31407531505464E-16));
#4457=DIRECTION('',(-1.21318421693684E-32,-1.,3.33066907387547E-16));
#4458=DIRECTION('',(0.,-3.33066907387547E-16,-1.));
#4459=DIRECTION('',(3.59591572444979E-32,-1.,3.02418597084604E-16));
#4460=DIRECTION('',(0.,-3.02418597084604E-16,-1.));
#4461=DIRECTION('',(-1.21318421693684E-32,-1.,3.33066907387547E-16));
#4462=DIRECTION('',(0.,-3.33066907387547E-16,-1.));
#4463=DIRECTION('',(3.59591572444979E-32,-1.,3.02418597084604E-16));
#4464=DIRECTION('',(0.,-3.02418597084604E-16,-1.));
#4465=DIRECTION('',(-1.21318421693684E-32,-1.,3.33066907387547E-16));
#4466=DIRECTION('',(0.,-3.33066907387547E-16,-1.));
#4467=DIRECTION('',(3.59591572444979E-32,-1.,3.02418597084604E-16));
#4468=DIRECTION('',(0.,-3.02418597084604E-16,-1.));
#4469=DIRECTION('',(-1.21318421693684E-32,-1.,3.33066907387547E-16));
#4470=DIRECTION('',(0.,-3.33066907387547E-16,-1.));
#4471=DIRECTION('',(3.59591572444979E-32,-1.,3.02418597084604E-16));
#4472=DIRECTION('',(0.,-3.02418597084604E-16,-1.));
#4473=DIRECTION('',(-1.,-5.75250669034782E-18,0.));
#4474=DIRECTION('',(5.75250669034782E-18,-1.,0.));
#4475=DIRECTION('',(0.,0.,1.));
#4476=DIRECTION('',(-5.75250669034782E-18,1.,2.77555756156289E-17));
#4477=DIRECTION('',(0.,2.77555756156289E-17,-1.));
#4478=DIRECTION('',(0.,1.,2.77555756156289E-17));
#4479=DIRECTION('',(-1.,0.,0.));
#4480=DIRECTION('',(-5.75250669034782E-18,1.,2.77555756156289E-17));
#4481=DIRECTION('',(1.,5.75250669034782E-18,0.));
#4482=DIRECTION('',(-5.75250669034782E-18,1.,0.));
#4483=DIRECTION('',(1.,5.75250669034782E-18,0.));
#4484=DIRECTION('',(-5.75250669034782E-18,1.,0.));
#4485=DIRECTION('',(0.,0.,-1.));
#4486=DIRECTION('',(-1.,1.21318421693684E-32,-3.64581953674582E-48));
#4487=DIRECTION('',(-1.21318421693684E-32,-1.,0.));
#4488=DIRECTION('',(-1.,1.21318421693684E-32,-3.64581953674582E-48));
#4489=DIRECTION('',(-1.21318421693684E-32,-1.,0.));
#4490=DIRECTION('',(-3.94895615519541E-49,-3.33066907387547E-16,-1.));
#4491=DIRECTION('',(1.21318421693684E-32,1.,-3.33066907387547E-16));
#4492=DIRECTION('',(1.,3.79142193044204E-32,1.50258282536477E-16));
#4493=DIRECTION('',(1.50258282536477E-16,0.,-1.));
#4494=DIRECTION('',(1.21318421693684E-32,1.,-3.33066907387547E-16));
#4495=DIRECTION('',(-1.50258282536477E-16,3.33066907387547E-16,1.));
#4496=DIRECTION('',(1.21188051769412E-16,-3.33066907387547E-16,-1.));
#4497=DIRECTION('',(0.,1.,-3.33066907387547E-16));
#4498=DIRECTION('',(0.840296648224244,-0.542126869822094,8.45831307973031E-17));
#4499=DIRECTION('',(0.542126869822094,0.840296648224244,0.));
#4500=DIRECTION('',(9.66341702746467E-17,3.05803879887791E-16,1.));
#4501=DIRECTION('',(-0.840296648224244,-0.542126869822093,2.46985869568736E-16));
#4502=DIRECTION('',(0.542126869822093,-0.840296648224244,0.));
#4503=DIRECTION('',(9.66341702746467E-17,3.05803879887791E-16,1.));
#4504=DIRECTION('',(0.840296648224244,-0.542126869822094,8.45831307973031E-17));
#4505=DIRECTION('',(0.542126869822094,0.840296648224244,0.));
#4506=DIRECTION('',(9.66341702746467E-17,3.05803879887791E-16,1.));
#4507=DIRECTION('',(-0.840296648224244,-0.542126869822093,2.46985869568736E-16));
#4508=DIRECTION('',(0.542126869822093,-0.840296648224244,0.));
#4509=DIRECTION('',(9.66341702746467E-17,3.05803879887791E-16,1.));
#4510=DIRECTION('',(1.,0.,-9.60831595784057E-17));
#4511=DIRECTION('',(-9.60831595784057E-17,0.,-1.));
#4512=DIRECTION('',(1.,0.,-9.60831595784057E-17));
#4513=DIRECTION('',(-9.60831595784057E-17,0.,-1.));
#4514=DIRECTION('',(-9.60831595784057E-17,2.77555756156289E-17,-1.));
#4515=DIRECTION('',(-1.,0.,9.60831595784057E-17));
#4516=DIRECTION('',(9.60831595784057E-17,0.,1.));
#4517=DIRECTION('',(-1.,0.,9.60831595784057E-17));
#4518=DIRECTION('',(1.,0.,-9.60831595784057E-17));
#4519=DIRECTION('',(-9.60831595784057E-17,0.,-1.));
#4520=DIRECTION('',(-1.,0.,9.60831595784057E-17));
#4521=DIRECTION('',(1.,0.,-9.60831595784057E-17));
#4522=DIRECTION('',(-9.60831595784057E-17,0.,-1.));
#4523=DIRECTION('',(-1.,0.,9.60831595784057E-17));
#4524=DIRECTION('',(1.,0.,-9.60831595784057E-17));
#4525=DIRECTION('',(-9.60831595784057E-17,0.,-1.));
#4526=DIRECTION('',(-1.,0.,9.60831595784057E-17));
#4527=DIRECTION('',(1.,0.,-9.60831595784057E-17));
#4528=DIRECTION('',(-9.60831595784057E-17,0.,-1.));
#4529=DIRECTION('',(-9.60831595784057E-17,-1.70740499604017E-16,-1.));
#4530=DIRECTION('',(1.,0.,-9.60831595784057E-17));
#4531=DIRECTION('',(-9.60831595784057E-17,0.,-1.));
#4532=DIRECTION('',(-1.,0.,9.60831595784057E-17));
#4533=DIRECTION('',(9.60831595784057E-17,0.,1.));
#4534=DIRECTION('',(-1.,0.,9.60831595784057E-17));
#4535=DIRECTION('',(1.,0.,-9.60831595784057E-17));
#4536=DIRECTION('',(-9.60831595784057E-17,0.,-1.));
#4537=DIRECTION('',(-1.,0.,9.60831595784057E-17));
#4538=DIRECTION('',(1.,0.,-9.60831595784057E-17));
#4539=DIRECTION('',(-9.60831595784057E-17,0.,-1.));
#4540=DIRECTION('',(-1.,0.,9.60831595784057E-17));
#4541=DIRECTION('',(-1.,0.,9.60831595784057E-17));
#4542=DIRECTION('',(1.,0.,-9.60831595784057E-17));
#4543=DIRECTION('',(-9.60831595784057E-17,0.,-1.));
#4544=DIRECTION('',(1.,0.,-9.60831595784057E-17));
#4545=DIRECTION('',(-9.60831595784057E-17,0.,-1.));
#4546=DIRECTION('',(-9.60831595784057E-17,2.77555756156289E-17,-1.));
#4547=DIRECTION('',(1.,0.,-9.60831595784057E-17));
#4548=DIRECTION('',(-9.60831595784057E-17,0.,-1.));
#4549=DIRECTION('',(-9.60831595784057E-17,-1.70740499604017E-16,-1.));
#4550=DIRECTION('',(1.,0.,-9.60831595784057E-17));
#4551=DIRECTION('',(-9.60831595784057E-17,0.,-1.));
#4552=DIRECTION('',(-1.,0.,9.60831595784057E-17));
#4553=DIRECTION('',(9.60831595784057E-17,0.,1.));
#4554=DIRECTION('',(-1.,0.,9.60831595784057E-17));
#4555=DIRECTION('',(1.,0.,-9.60831595784057E-17));
#4556=DIRECTION('',(-9.60831595784057E-17,0.,-1.));
#4557=DIRECTION('',(-1.,0.,9.60831595784057E-17));
#4558=DIRECTION('',(1.,0.,-9.60831595784057E-17));
#4559=DIRECTION('',(-9.60831595784057E-17,0.,-1.));
#4560=DIRECTION('',(-1.,0.,9.60831595784057E-17));
#4561=DIRECTION('',(-1.,0.,9.60831595784057E-17));
#4562=DIRECTION('',(1.,0.,-9.60831595784057E-17));
#4563=DIRECTION('',(-9.60831595784057E-17,0.,-1.));
#4564=DIRECTION('',(1.,0.,-9.60831595784057E-17));
#4565=DIRECTION('',(-9.60831595784057E-17,0.,-1.));
#4566=DIRECTION('',(-9.60831595784057E-17,2.77555756156289E-17,-1.));
#4567=DIRECTION('',(1.,0.,-9.60831595784057E-17));
#4568=DIRECTION('',(-9.60831595784057E-17,0.,-1.));
#4569=DIRECTION('',(-9.60831595784057E-17,-1.70740499604017E-16,-1.));
#4570=DIRECTION('',(1.,5.75250669034783E-18,-1.5305375270931E-16));
#4571=DIRECTION('',(-1.5305375270931E-16,0.,-1.));
#4572=DIRECTION('',(1.,5.75250669034783E-18,-1.5305375270931E-16));
#4573=DIRECTION('',(-1.,-5.75250669034781E-18,-1.63649041154009E-16));
#4574=DIRECTION('',(-1.63649041154009E-16,0.,1.));
#4575=DIRECTION('',(-1.,-5.75250669034781E-18,-1.63649041154009E-16));
#4576=DIRECTION('',(-1.63649041154009E-16,0.,1.));
#4577=DIRECTION('',(-1.,-5.75250669034781E-18,-1.63649041154009E-16));
#4578=DIRECTION('',(-1.63649041154009E-16,0.,1.));
#4579=DIRECTION('',(1.,5.75250669034783E-18,-1.5305375270931E-16));
#4580=DIRECTION('',(-1.,-5.75250669034781E-18,-2.12926577838212E-16));
#4581=DIRECTION('',(-2.12926577838212E-16,0.,1.));
#4582=DIRECTION('',(1.,5.75250669034783E-18,-1.5305375270931E-16));
#4583=DIRECTION('',(-1.,-5.75250669034782E-18,2.14055198618604E-16));
#4584=DIRECTION('',(2.14055198618604E-16,0.,1.));
#4585=DIRECTION('',(1.,5.75250669034783E-18,-1.5305375270931E-16));
#4586=DIRECTION('',(-1.,-5.75250669034781E-18,-2.12926577838212E-16));
#4587=DIRECTION('',(-2.12926577838212E-16,0.,1.));
#4588=DIRECTION('',(-1.,-5.75250669034781E-18,-1.63649041154009E-16));
#4589=DIRECTION('',(-1.63649041154009E-16,0.,1.));
#4590=DIRECTION('',(-1.63649041154009E-16,-5.45496803846698E-17,1.));
#4591=DIRECTION('',(1.,5.75250669034783E-18,-1.5305375270931E-16));
#4592=DIRECTION('',(-1.5305375270931E-16,0.,-1.));
#4593=DIRECTION('',(1.,5.75250669034783E-18,-1.5305375270931E-16));
#4594=DIRECTION('',(-1.,-5.75250669034781E-18,-1.63649041154009E-16));
#4595=DIRECTION('',(-1.63649041154009E-16,0.,1.));
#4596=DIRECTION('',(-1.,-5.75250669034781E-18,-1.63649041154009E-16));
#4597=DIRECTION('',(-1.63649041154009E-16,0.,1.));
#4598=DIRECTION('',(-1.,-5.75250669034781E-18,-1.63649041154009E-16));
#4599=DIRECTION('',(-1.63649041154009E-16,0.,1.));
#4600=DIRECTION('',(1.,5.75250669034783E-18,-1.5305375270931E-16));
#4601=DIRECTION('',(-1.,-5.75250669034781E-18,-2.12926577838212E-16));
#4602=DIRECTION('',(-2.12926577838212E-16,0.,1.));
#4603=DIRECTION('',(1.,5.75250669034783E-18,-1.5305375270931E-16));
#4604=DIRECTION('',(-1.,-5.75250669034782E-18,2.14055198618604E-16));
#4605=DIRECTION('',(2.14055198618604E-16,0.,1.));
#4606=DIRECTION('',(1.,5.75250669034783E-18,-1.5305375270931E-16));
#4607=DIRECTION('',(-1.,-5.75250669034781E-18,-2.12926577838212E-16));
#4608=DIRECTION('',(-2.12926577838212E-16,0.,1.));
#4609=DIRECTION('',(-1.,-5.75250669034781E-18,-1.63649041154009E-16));
#4610=DIRECTION('',(-1.63649041154009E-16,0.,1.));
#4611=DIRECTION('',(-1.63649041154009E-16,-5.45496803846698E-17,1.));
#4612=DIRECTION('',(1.,5.75250669034783E-18,-1.5305375270931E-16));
#4613=DIRECTION('',(-1.5305375270931E-16,0.,-1.));
#4614=DIRECTION('',(1.,5.75250669034783E-18,-1.5305375270931E-16));
#4615=DIRECTION('',(-1.,-5.75250669034781E-18,-1.63649041154009E-16));
#4616=DIRECTION('',(-1.63649041154009E-16,0.,1.));
#4617=DIRECTION('',(-1.,-5.75250669034781E-18,-1.63649041154009E-16));
#4618=DIRECTION('',(-1.63649041154009E-16,0.,1.));
#4619=DIRECTION('',(-1.,-5.75250669034781E-18,-1.63649041154009E-16));
#4620=DIRECTION('',(-1.63649041154009E-16,0.,1.));
#4621=DIRECTION('',(1.,5.75250669034783E-18,-1.5305375270931E-16));
#4622=DIRECTION('',(-1.,-5.75250669034781E-18,-2.12926577838212E-16));
#4623=DIRECTION('',(-2.12926577838212E-16,0.,1.));
#4624=DIRECTION('',(1.,5.75250669034783E-18,-1.5305375270931E-16));
#4625=DIRECTION('',(-1.,-5.75250669034782E-18,2.14055198618604E-16));
#4626=DIRECTION('',(2.14055198618604E-16,0.,1.));
#4627=DIRECTION('',(1.,5.75250669034783E-18,-1.5305375270931E-16));
#4628=DIRECTION('',(-1.,-5.75250669034781E-18,-2.12926577838212E-16));
#4629=DIRECTION('',(-2.12926577838212E-16,0.,1.));
#4630=DIRECTION('',(-1.,-5.75250669034781E-18,-1.63649041154009E-16));
#4631=DIRECTION('',(-1.63649041154009E-16,0.,1.));
#4632=DIRECTION('',(-1.63649041154009E-16,-5.45496803846698E-17,1.));
#4633=DIRECTION('',(1.84889274661175E-32,-1.,-1.06728276221529E-47));
#4634=DIRECTION('',(-3.46944695195361E-18,-1.18258865271803E-47,1.));
#4635=DIRECTION('',(-1.,-1.84889274661175E-32,7.01513047268293E-48));
#4636=DIRECTION('',(0.,1.06728276221529E-47,-1.));
#4637=DIRECTION('',(1.,1.84889274661175E-32,-7.01513047268293E-48));
#4638=DIRECTION('',(0.,-1.06728276221529E-47,1.));
#4639=DIRECTION('',(0.,-1.,0.));
#4640=DIRECTION('',(0.,0.,-1.));
#4641=DIRECTION('',(1.,0.,1.45990540743581E-16));
#4642=DIRECTION('',(0.,0.,-1.));
#4643=DIRECTION('',(-1.,0.,0.));
#4644=DIRECTION('',(0.,0.,1.));
#4645=DIRECTION('',(0.,-3.7942333245337E-16,-1.));
#4646=DIRECTION('',(0.,1.,-3.7942333245337E-16));
#4647=DIRECTION('',(0.,1.,-3.7942333245337E-16));
#4648=DIRECTION('',(0.,1.,-3.7942333245337E-16));
#4649=DIRECTION('',(-1.,0.,0.));
#4650=DIRECTION('',(0.,0.,1.));
#4651=DIRECTION('',(0.,1.,-3.7942333245337E-16));
#4652=DIRECTION('',(0.,0.,1.));
#4653=DIRECTION('',(0.,-1.,-2.77555756156289E-17));
#4654=DIRECTION('',(1.,0.,0.));
#4655=DIRECTION('',(0.,0.,-1.));
#4656=DIRECTION('',(0.,1.,2.77555756156289E-17));
#4657=DIRECTION('',(0.,0.,-1.));
#4658=DIRECTION('',(0.,1.,-3.7942333245337E-16));
#4659=DIRECTION('',(0.,3.7942333245337E-16,1.));
#4660=DIRECTION('',(0.,-1.,3.7942333245337E-16));
#4661=DIRECTION('',(1.,0.,0.));
#4662=DIRECTION('',(1.84889274661175E-32,-1.,-1.06728276221529E-47));
#4663=DIRECTION('',(-3.46944695195361E-18,-1.18258865271803E-47,1.));
#4664=DIRECTION('',(-1.,-1.84889274661175E-32,7.01513047268293E-48));
#4665=DIRECTION('',(0.,1.06728276221529E-47,-1.));
#4666=DIRECTION('',(1.,1.84889274661175E-32,-7.01513047268293E-48));
#4667=DIRECTION('',(0.,-1.06728276221529E-47,1.));
#4668=DIRECTION('',(0.,-1.,0.));
#4669=DIRECTION('',(0.,0.,-1.));
#4670=DIRECTION('',(1.,0.,1.45990540743581E-16));
#4671=DIRECTION('',(0.,0.,-1.));
#4672=DIRECTION('',(-1.,0.,0.));
#4673=DIRECTION('',(0.,0.,1.));
#4674=DIRECTION('',(0.,-3.7942333245337E-16,-1.));
#4675=DIRECTION('',(0.,1.,-3.7942333245337E-16));
#4676=DIRECTION('',(0.,1.,-3.7942333245337E-16));
#4677=DIRECTION('',(0.,1.,-3.7942333245337E-16));
#4678=DIRECTION('',(-1.,0.,0.));
#4679=DIRECTION('',(0.,0.,1.));
#4680=DIRECTION('',(0.,1.,-3.7942333245337E-16));
#4681=DIRECTION('',(0.,0.,1.));
#4682=DIRECTION('',(0.,-1.,-2.77555756156289E-17));
#4683=DIRECTION('',(1.,0.,0.));
#4684=DIRECTION('',(0.,0.,-1.));
#4685=DIRECTION('',(0.,1.,2.77555756156289E-17));
#4686=DIRECTION('',(0.,0.,-1.));
#4687=DIRECTION('',(0.,1.,-3.7942333245337E-16));
#4688=DIRECTION('',(0.,3.7942333245337E-16,1.));
#4689=DIRECTION('',(0.,-1.,3.7942333245337E-16));
#4690=DIRECTION('',(1.,0.,0.));
#4691=DIRECTION('',(2.54269639333378E-32,-0.707106781186548,-0.707106781186548));
#4692=DIRECTION('',(-1.,-3.59591572444979E-32,-3.70996440557917E-48));
#4693=DIRECTION('',(-1.12292982916368E-16,0.707106781186548,-0.707106781186548));
#4694=DIRECTION('',(1.,3.59591572444979E-32,3.70996440557917E-48));
#4695=DIRECTION('',(0.577350269189622,-0.577350269189628,0.577350269189628));
#4696=DIRECTION('',(-1.,-3.59591572444979E-32,-3.70996440557917E-48));
#4697=DIRECTION('',(0.707106781186551,0.707106781186544,-2.13842240755445E-16));
#4698=DIRECTION('',(1.21543267145725E-63,3.02418597084604E-16,1.));
#4699=DIRECTION('',(-0.707106781186544,0.707106781186551,-7.62590230242941E-16));
#4700=DIRECTION('',(1.21543267145725E-63,3.02418597084604E-16,1.));
#4701=DIRECTION('',(-1.21543267145725E-63,-3.02418597084604E-16,-1.));
#4702=DIRECTION('',(0.577350269189627,0.577350269189622,0.577350269189628));
#4703=DIRECTION('',(0.707106781186548,0.,-0.707106781186548));
#4704=DIRECTION('',(9.61481343191779E-17,-0.707106781186551,0.707106781186544));
#4705=DIRECTION('',(-0.707106781186548,-1.92296268638357E-16,0.707106781186548));
#4706=DIRECTION('',(-2.54269639333377E-32,0.707106781186545,0.707106781186551));
#4707=DIRECTION('',(-1.,-3.59591572444979E-32,1.19768052956874E-47));
#4708=DIRECTION('',(6.56582870931975E-15,0.707106781186551,-0.707106781186544));
#4709=DIRECTION('',(-1.,-3.59591572444979E-32,1.19768052956874E-47));
#4710=DIRECTION('',(1.,3.59591572444979E-32,-1.19768052956874E-47));
#4711=DIRECTION('',(-0.707106781186548,-2.35513868802566E-16,-0.707106781186548));
#4712=DIRECTION('',(1.21318421693684E-32,1.,-3.33066907387547E-16));
#4713=DIRECTION('',(0.707106781186548,2.36937922231131E-17,-0.707106781186548));
#4714=DIRECTION('',(-1.21318421693684E-32,-1.,3.33066907387547E-16));
#4715=DIRECTION('',(1.21318421693684E-32,1.,-3.33066907387547E-16));
#4716=DIRECTION('',(-0.577350269189626,0.577350269189626,0.577350269189626));
#4717=DIRECTION('',(0.,-0.707106781186548,0.707106781186548));
#4718=DIRECTION('',(-0.707106781186547,-0.707106781186548,5.51125990970486E-16));
#4719=DIRECTION('',(-0.707106781186548,2.77555756156289E-17,-0.707106781186547));
#4720=DIRECTION('',(-0.707106781186548,0.707106781186548,-7.12807469184821E-17));
#4721=DIRECTION('',(-2.01612398056403E-16,-3.02418597084604E-16,-1.));
#4722=DIRECTION('',(0.707106781186548,0.707106781186548,2.11464239272458E-16));
#4723=DIRECTION('',(-2.01612398056403E-16,-3.02418597084604E-16,-1.));
#4724=DIRECTION('',(2.01612398056403E-16,3.02418597084604E-16,1.));
#4725=DIRECTION('',(0.707106781186548,-2.35513868802566E-16,-0.707106781186548));
#4726=DIRECTION('',(1.21318421693684E-32,1.,-3.33066907387547E-16));
#4727=DIRECTION('',(0.707106781186548,-1.55585192439812E-17,0.707106781186548));
#4728=DIRECTION('',(-1.21318421693684E-32,-1.,3.33066907387547E-16));
#4729=DIRECTION('',(1.21318421693684E-32,1.,-3.33066907387547E-16));
#4730=DIRECTION('',(-0.577350269189626,0.577350269189626,-0.577350269189625));
#4731=DIRECTION('',(-0.707106781186548,-0.707106781186548,0.));
#4732=DIRECTION('',(-5.8927917690855E-15,-0.70710678118655,-0.707106781186546));
#4733=DIRECTION('',(0.707106781186548,1.63451828342602E-15,-0.707106781186548));
#4734=DIRECTION('',(-8.40787047438899E-17,0.707106781186546,-0.70710678118655));
#4735=DIRECTION('',(1.,0.,-1.18905244555572E-16));
#4736=DIRECTION('',(6.04644381530696E-16,0.707106781186549,0.707106781186546));
#4737=DIRECTION('',(1.,0.,-1.18905244555572E-16));
#4738=DIRECTION('',(-1.,0.,1.18905244555572E-16));
#4739=DIRECTION('',(0.707106781186548,2.35513868802566E-16,0.707106781186548));
#4740=DIRECTION('',(1.21318421693684E-32,1.,-3.33066907387547E-16));
#4741=DIRECTION('',(-0.707106781186548,-2.36937922231131E-17,0.707106781186548));
#4742=DIRECTION('',(-1.21318421693684E-32,-1.,3.33066907387547E-16));
#4743=DIRECTION('',(1.21318421693684E-32,1.,-3.33066907387547E-16));
#4744=DIRECTION('',(0.577350269189628,0.577350269189623,-0.577350269189627));
#4745=DIRECTION('',(-0.707106781186547,0.,-0.707106781186548));
#4746=DIRECTION('',(0.707106781186544,-0.707106781186551,-4.59271659142071E-16));
#4747=DIRECTION('',(0.707106781186548,-1.63451828342604E-15,0.707106781186548));
#4748=DIRECTION('',(0.707106781186551,0.707106781186544,-2.13842240755445E-16));
#4749=DIRECTION('',(1.21543267145725E-63,3.02418597084604E-16,1.));
#4750=DIRECTION('',(-0.577350269189622,0.577350269189628,0.577350269189628));
#4751=DIRECTION('',(1.21543267145725E-63,3.02418597084604E-16,1.));
#4752=DIRECTION('',(-1.21543267145725E-63,-3.02418597084604E-16,-1.));
#4753=DIRECTION('',(-0.707106781186548,2.35513868802566E-16,0.707106781186548));
#4754=DIRECTION('',(1.21318421693684E-32,1.,-3.33066907387547E-16));
#4755=DIRECTION('',(-0.707106781186548,1.55585192439812E-17,-0.707106781186548));
#4756=DIRECTION('',(-1.21318421693684E-32,-1.,3.33066907387547E-16));
#4757=DIRECTION('',(1.21318421693684E-32,1.,-3.33066907387547E-16));
#4758=DIRECTION('',(2.54269639333378E-32,-0.707106781186548,0.707106781186548));
#4759=DIRECTION('',(-1.,-3.59591572444979E-32,-3.70996440557917E-48));
#4760=DIRECTION('',(-1.04157709937236E-16,-0.707106781186548,-0.707106781186548));
#4761=DIRECTION('',(1.,3.59591572444979E-32,3.70996440557917E-48));
#4762=DIRECTION('',(-1.,-3.59591572444979E-32,-3.70996440557917E-48));
#4763=DIRECTION('',(-1.5305375270931E-16,0.,-1.));
#4764=DIRECTION('',(-1.,0.,1.5305375270931E-16));
#4765=DIRECTION('',(5.75250669034782E-18,-1.,-8.80442736443149E-34));
#4766=DIRECTION('',(1.,5.75250669034783E-18,-1.5305375270931E-16));
#4767=DIRECTION('',(0.,1.,0.));
#4768=DIRECTION('',(1.,5.75250669034783E-18,-1.5305375270931E-16));
#4769=DIRECTION('',(1.5305375270931E-16,0.,1.));
#4770=DIRECTION('',(1.,0.,-1.5305375270931E-16));
#4771=DIRECTION('',(-5.75250669034782E-18,1.,8.80442736443149E-34));
#4772=DIRECTION('',(1.,5.75250669034783E-18,-1.5305375270931E-16));
#4773=DIRECTION('',(0.,-1.,0.));
#4774=DIRECTION('',(1.,5.75250669034783E-18,-1.5305375270931E-16));
#4775=DIRECTION('',(-5.75250669034783E-18,1.,0.));
#4776=DIRECTION('',(-1.,-5.75250669034783E-18,0.));
#4777=DIRECTION('',(0.,0.,-1.));
#4778=DIRECTION('',(0.,0.,1.));
#4779=DIRECTION('',(1.,5.75250669034782E-18,0.));
#4780=DIRECTION('',(-5.75250669034782E-18,1.,0.));
#4781=DIRECTION('',(0.,0.,1.));
#4782=DIRECTION('',(5.75250669034782E-18,-1.,-2.77555756156289E-17));
#4783=DIRECTION('',(1.5966413442336E-34,-2.77555756156289E-17,1.));
#4784=DIRECTION('',(5.75250669034782E-18,-1.,-2.77555756156289E-17));
#4785=DIRECTION('',(0.,0.,1.));
#4786=DIRECTION('',(0.,2.77555756156289E-17,-1.));
#4787=DIRECTION('',(0.,1.,2.77555756156289E-17));
#4788=DIRECTION('',(5.75250669034782E-18,-1.,-2.77555756156289E-17));
#4789=DIRECTION('',(1.,0.,0.));
#4790=DIRECTION('',(1.,5.75250669034782E-18,1.5966413442336E-34));
#4791=DIRECTION('',(0.,-2.77555756156289E-17,1.));
#4792=DIRECTION('',(0.,-1.,-2.77555756156289E-17));
#4793=DIRECTION('',(-1.,0.,0.));
#4794=DIRECTION('',(5.75250669034782E-18,-1.,-2.77555756156289E-17));
#4795=DIRECTION('',(-1.,-5.75250669034782E-18,-1.5966413442336E-34));
#4796=DIRECTION('',(-5.75250669034782E-18,1.,2.77555756156289E-17));
#4797=DIRECTION('',(-1.5305375270931E-16,2.77555756156289E-17,-1.));
#4798=DIRECTION('',(8.71124997979676E-17,2.77555756156289E-17,-1.));
#4799=DIRECTION('',(-1.,-5.75250669034781E-18,-8.71124997979676E-17));
#4800=DIRECTION('',(-8.71124997979676E-17,0.,1.));
#4801=DIRECTION('',(8.71124997979676E-17,0.,-1.));
#4802=DIRECTION('',(8.71124997979676E-17,0.,-1.));
#4803=DIRECTION('',(-1.21318421693684E-32,-1.,-2.77555756156289E-17));
#4804=DIRECTION('',(-4.00562095160102E-48,-2.77555756156289E-17,1.));
#4805=DIRECTION('',(1.21318421693684E-32,1.,2.77555756156289E-17));
#4806=DIRECTION('',(1.,5.75250669034783E-18,-1.5305375270931E-16));
#4807=DIRECTION('',(5.75250669034782E-18,-1.,-2.77555756156289E-17));
#4808=DIRECTION('',(1.5305375270931E-16,-1.8568239712989E-48,1.));
#4809=DIRECTION('',(5.75250669034783E-18,-1.,2.13415950640465E-65));
#4810=DIRECTION('',(-1.5305375270931E-16,1.8568239712989E-48,-1.));
#4811=DIRECTION('',(-1.5305375270931E-16,1.8568239712989E-48,-1.));
#4812=DIRECTION('',(-5.75250669034783E-18,1.,-2.13415950640465E-65));
#4813=DIRECTION('',(3.70996440557917E-48,0.,-1.));
#4814=DIRECTION('',(-1.,0.,-3.70996440557917E-48));
#4815=DIRECTION('',(0.,-1.,0.));
#4816=DIRECTION('',(-1.,1.21318421693684E-32,-3.70996440557917E-48));
#4817=DIRECTION('',(-3.70996440557917E-48,0.,1.));
#4818=DIRECTION('',(1.,0.,3.70996440557917E-48));
#4819=DIRECTION('',(0.,1.,0.));
#4820=DIRECTION('',(-1.,1.21318421693684E-32,-3.70996440557917E-48));
#4821=DIRECTION('',(-0.5,2.64833928558671E-16,0.866025403784438));
#4822=DIRECTION('',(0.866025403784438,0.,0.5));
#4823=DIRECTION('',(0.866025403784438,0.,0.5));
#4824=DIRECTION('',(0.,1.,-3.05803879887791E-16));
#4825=DIRECTION('',(0.866025403784438,0.,0.5));
#4826=DIRECTION('',(-5.29667857117343E-16,-1.,0.));
#4827=DIRECTION('',(0.5,2.64833928558672E-16,0.866025403784438));
#4828=DIRECTION('',(0.866025403784439,0.,-0.5));
#4829=DIRECTION('',(0.866025403784438,0.,-0.5));
#4830=DIRECTION('',(0.866025403784438,0.,-0.5));
#4831=DIRECTION('',(-5.29667857117343E-16,1.,0.));
#4832=DIRECTION('',(0.5,2.64833928558672E-16,0.866025403784439));
#4833=DIRECTION('',(0.866025403784439,0.,-0.5));
#4834=DIRECTION('',(5.29667857117344E-16,-1.,0.));
#4835=DIRECTION('',(0.866025403784439,0.,-0.5));
#4836=DIRECTION('',(0.,1.,-3.05803879887791E-16));
#4837=DIRECTION('',(0.866025403784439,0.,-0.5));
#4838=DIRECTION('',(-0.5,2.64833928558671E-16,0.866025403784438));
#4839=DIRECTION('',(0.866025403784438,0.,0.5));
#4840=DIRECTION('',(5.29667857117343E-16,1.,0.));
#4841=DIRECTION('',(0.866025403784438,0.,0.5));
#4842=DIRECTION('',(0.866025403784438,0.,0.5));
#4843=DIRECTION('',(0.5,-2.64833928558672E-16,-0.866025403784439));
#4844=DIRECTION('',(-0.866025403784439,0.,-0.5));
#4845=DIRECTION('',(5.29667857117344E-16,1.,0.));
#4846=DIRECTION('',(-0.866025403784439,0.,-0.5));
#4847=DIRECTION('',(0.,1.,-3.05803879887791E-16));
#4848=DIRECTION('',(-0.866025403784439,0.,-0.5));
#4849=DIRECTION('',(-0.5,-2.64833928558672E-16,-0.866025403784439));
#4850=DIRECTION('',(-0.866025403784439,0.,0.5));
#4851=DIRECTION('',(5.29667857117344E-16,-1.,0.));
#4852=DIRECTION('',(-0.866025403784439,0.,0.5));
#4853=DIRECTION('',(-0.866025403784439,0.,0.5));
#4854=DIRECTION('',(0.5,-2.64833928558672E-16,-0.866025403784439));
#4855=DIRECTION('',(-0.866025403784439,0.,-0.5));
#4856=DIRECTION('',(5.29667857117344E-16,1.,0.));
#4857=DIRECTION('',(-0.866025403784439,0.,-0.5));
#4858=DIRECTION('',(0.,1.,-3.05803879887791E-16));
#4859=DIRECTION('',(-0.866025403784439,0.,-0.5));
#4860=DIRECTION('',(-0.5,-2.64833928558672E-16,-0.866025403784439));
#4861=DIRECTION('',(-0.866025403784439,0.,0.5));
#4862=DIRECTION('',(5.29667857117344E-16,-1.,0.));
#4863=DIRECTION('',(-0.866025403784439,0.,0.5));
#4864=DIRECTION('',(-0.866025403784439,0.,0.5));
#4865=DIRECTION('',(0.,-1.,0.));
#4866=DIRECTION('',(0.,0.,-1.));
#4867=DIRECTION('',(-5.75250669034782E-18,1.,2.77555756156289E-17));
#4868=DIRECTION('',(0.,-2.77555756156289E-17,1.));
#4869=DIRECTION('',(-2.62677691698487E-16,-1.,0.));
#4870=DIRECTION('',(1.,-2.62677691698487E-16,0.));
#4871=DIRECTION('',(-5.75250669034782E-18,1.,2.77555756156289E-17));
#4872=DIRECTION('',(-1.5305375270931E-16,2.77555756156289E-17,-1.));
#4873=DIRECTION('',(0.,0.,1.));
#4874=DIRECTION('',(1.,0.,0.));
#4875=DIRECTION('',(-1.,0.,0.));
#4876=DIRECTION('',(0.,-1.,0.));
#4877=DIRECTION('',(1.,-2.62677691698487E-16,0.));
#4878=DIRECTION('',(-1.,0.,0.));
#4879=DIRECTION('',(0.,0.,1.));
#4880=DIRECTION('',(0.,1.,-3.05803879887791E-16));
#4881=DIRECTION('',(0.,0.,1.));
#4882=DIRECTION('',(0.,0.,1.));
#4883=DIRECTION('',(1.,0.,0.));
#4884=DIRECTION('',(0.,0.,-1.));
#4885=DIRECTION('',(0.,0.,1.));
#4886=DIRECTION('',(0.,1.,-3.05803879887791E-16));
#4887=DIRECTION('',(0.,0.,1.));
#4888=DIRECTION('',(0.,1.,0.));
#4889=DIRECTION('',(-2.62677691698487E-16,-1.,0.));
#4890=DIRECTION('',(1.,-2.62677691698487E-16,0.));
#4891=DIRECTION('',(-2.62677691698487E-16,-1.,0.));
#4892=DIRECTION('',(1.,-2.62677691698487E-16,0.));
#4893=DIRECTION('',(1.,-2.62677691698487E-16,0.));
#4894=DIRECTION('',(0.,1.,0.));
#4895=DIRECTION('',(0.,0.,1.));
#4896=DIRECTION('',(0.,1.,0.));
#4897=DIRECTION('',(0.,0.,1.));
#4898=DIRECTION('',(-1.,0.,0.));
#4899=DIRECTION('',(0.,1.,0.));
#4900=DIRECTION('',(0.,0.,1.));
#4901=DIRECTION('',(0.,-1.,0.));
#4902=DIRECTION('',(0.,0.,-1.));
#4903=DIRECTION('',(0.,1.,0.));
#4904=DIRECTION('',(0.,0.,1.));
#4905=DIRECTION('',(-5.75250669034782E-18,1.,2.77555756156289E-17));
#4906=DIRECTION('',(0.,-2.77555756156289E-17,1.));
#4907=DIRECTION('',(-5.75250669034782E-18,1.,2.77555756156289E-17));
#4908=DIRECTION('',(-1.5305375270931E-16,2.77555756156289E-17,-1.));
#4909=DIRECTION('',(0.,0.,1.));
#4910=DIRECTION('',(1.,0.,0.));
#4911=DIRECTION('',(1.,0.,0.));
#4912=DIRECTION('',(1.13826999736011E-15,1.,0.));
#4913=DIRECTION('',(-1.,0.,0.));
#4914=DIRECTION('',(1.,-1.13826999736011E-15,0.));
#4915=DIRECTION('',(1.13826999736011E-15,1.,0.));
#4916=DIRECTION('',(0.,0.,1.));
#4917=DIRECTION('',(0.,1.,-3.05803879887791E-16));
#4918=DIRECTION('',(0.,0.,1.));
#4919=DIRECTION('',(-1.,-1.13826999736011E-15,0.));
#4920=DIRECTION('',(1.13826999736011E-15,-1.,0.));
#4921=DIRECTION('',(0.,0.,1.));
#4922=DIRECTION('',(0.,1.,-3.05803879887791E-16));
#4923=DIRECTION('',(0.,0.,1.));
#4924=DIRECTION('',(1.13826999736011E-15,-1.,0.));
#4925=DIRECTION('',(0.,-1.,0.));
#4926=DIRECTION('',(0.,0.,-1.));
#4927=DIRECTION('',(1.,0.,0.));
#4928=DIRECTION('',(0.,-1.,0.));
#4929=DIRECTION('',(0.,0.,-1.));
#4930=DIRECTION('',(0.,-1.,0.));
#4931=DIRECTION('',(0.,0.,-1.));
#4932=DIRECTION('',(0.,1.,0.));
#4933=DIRECTION('',(0.,0.,1.));
#4934=DIRECTION('',(0.,1.,0.));
#4935=DIRECTION('',(0.,0.,1.));
#4936=DIRECTION('',(-1.,0.,0.));
#4937=DIRECTION('',(0.,-1.,0.));
#4938=DIRECTION('',(0.,0.,-1.));
#4939=DIRECTION('',(0.,1.,0.));
#4940=DIRECTION('',(0.,0.,1.));
#4941=DIRECTION('',(-5.75250669034782E-18,1.,2.77555756156289E-17));
#4942=DIRECTION('',(0.,-2.77555756156289E-17,1.));
#4943=DIRECTION('',(-5.75250669034782E-18,1.,2.77555756156289E-17));
#4944=DIRECTION('',(-1.5305375270931E-16,2.77555756156289E-17,-1.));
#4945=DIRECTION('',(0.,0.,-1.));
#4946=DIRECTION('',(-1.,0.,0.));
#4947=DIRECTION('',(1.,0.,0.));
#4948=DIRECTION('',(0.,-1.,0.));
#4949=DIRECTION('',(-1.,0.,0.));
#4950=DIRECTION('',(1.,0.,0.));
#4951=DIRECTION('',(0.,0.,-1.));
#4952=DIRECTION('',(0.,0.,-1.));
#4953=DIRECTION('',(0.,1.,-3.05803879887791E-16));
#4954=DIRECTION('',(0.,0.,-1.));
#4955=DIRECTION('',(-1.,0.,0.));
#4956=DIRECTION('',(0.,0.,1.));
#4957=DIRECTION('',(0.,1.,-3.05803879887791E-16));
#4958=DIRECTION('',(0.,0.,-1.));
#4959=DIRECTION('',(0.,1.,0.));
#4960=DIRECTION('',(0.,0.,-1.));
#4961=DIRECTION('',(0.,1.,0.));
#4962=DIRECTION('',(0.,0.,1.));
#4963=DIRECTION('',(1.,0.,0.));
#4964=DIRECTION('',(0.,1.,0.));
#4965=DIRECTION('',(0.,0.,1.));
#4966=DIRECTION('',(0.,-1.,0.));
#4967=DIRECTION('',(0.,0.,-1.));
#4968=DIRECTION('',(0.,-1.,0.));
#4969=DIRECTION('',(0.,0.,-1.));
#4970=DIRECTION('',(-1.,0.,0.));
#4971=DIRECTION('',(0.,-1.,0.));
#4972=DIRECTION('',(0.,0.,-1.));
#4973=DIRECTION('',(0.,-1.,0.));
#4974=DIRECTION('',(0.,0.,-1.));
#4975=DIRECTION('',(-5.75250669034782E-18,1.,2.77555756156289E-17));
#4976=DIRECTION('',(0.,-2.77555756156289E-17,1.));
#4977=DIRECTION('',(0.,-1.,0.));
#4978=DIRECTION('',(0.,0.,-1.));
#4979=DIRECTION('',(-5.75250669034782E-18,1.,2.77555756156289E-17));
#4980=DIRECTION('',(-1.5305375270931E-16,2.77555756156289E-17,-1.));
#4981=DIRECTION('',(0.,0.,1.));
#4982=DIRECTION('',(1.,0.,0.));
#4983=DIRECTION('',(-1.,0.,0.));
#4984=DIRECTION('',(1.,0.,0.));
#4985=DIRECTION('',(0.,-1.,0.));
#4986=DIRECTION('',(1.,0.,0.));
#4987=DIRECTION('',(0.,0.,-1.));
#4988=DIRECTION('',(0.,1.,-3.05803879887791E-16));
#4989=DIRECTION('',(0.,0.,-1.));
#4990=DIRECTION('',(0.,0.,-1.));
#4991=DIRECTION('',(-1.,0.,0.));
#4992=DIRECTION('',(0.,0.,1.));
#4993=DIRECTION('',(0.,1.,-3.05803879887791E-16));
#4994=DIRECTION('',(0.,0.,-1.));
#4995=DIRECTION('',(0.,1.,0.));
#4996=DIRECTION('',(0.,0.,-1.));
#4997=DIRECTION('',(0.,1.,0.));
#4998=DIRECTION('',(0.,0.,1.));
#4999=DIRECTION('',(0.,1.,0.));
#5000=DIRECTION('',(0.,0.,1.));
#5001=DIRECTION('',(1.,0.,0.));
#5002=DIRECTION('',(0.,1.,0.));
#5003=DIRECTION('',(0.,0.,1.));
#5004=DIRECTION('',(0.,-1.,0.));
#5005=DIRECTION('',(0.,0.,-1.));
#5006=DIRECTION('',(0.,-1.,0.));
#5007=DIRECTION('',(0.,0.,-1.));
#5008=DIRECTION('',(-1.,0.,0.));
#5009=DIRECTION('',(0.,-1.,0.));
#5010=DIRECTION('',(0.,0.,-1.));
#5011=DIRECTION('',(0.,-1.,0.));
#5012=DIRECTION('',(0.,0.,-1.));
#5013=DIRECTION('',(0.,-1.,0.));
#5014=DIRECTION('',(0.,0.,-1.));
#5015=DIRECTION('',(0.,1.,0.));
#5016=DIRECTION('',(0.,0.,1.));
#5017=DIRECTION('',(0.,1.,-3.05803879887791E-16));
#5018=DIRECTION('',(0.,3.05803879887791E-16,1.));
#5019=DIRECTION('',(0.,1.,0.));
#5020=DIRECTION('',(0.,0.,1.));
#5021=DIRECTION('',(0.,1.,0.));
#5022=DIRECTION('',(0.,0.,1.));
#5023=DIRECTION('',(0.,1.,-3.05803879887791E-16));
#5024=DIRECTION('',(0.,3.05803879887791E-16,1.));
#5025=DIRECTION('',(0.,1.,-3.05803879887791E-16));
#5026=DIRECTION('',(0.,3.05803879887791E-16,1.));
#5027=DIRECTION('',(0.,-1.,0.));
#5028=DIRECTION('',(0.,0.,-1.));
#5029=DIRECTION('',(0.,1.,0.));
#5030=DIRECTION('',(0.,0.,1.));
#5031=DIRECTION('',(0.,1.,-3.05803879887791E-16));
#5032=DIRECTION('',(0.,3.05803879887791E-16,1.));
#5033=DIRECTION('',(0.,1.,0.));
#5034=DIRECTION('',(0.,0.,1.));
#5035=DIRECTION('',(0.,1.,0.));
#5036=DIRECTION('',(0.,0.,1.));
#5037=DIRECTION('',(-5.75250669034782E-18,1.,2.77555756156289E-17));
#5038=DIRECTION('',(-1.5305375270931E-16,2.77555756156289E-17,-1.));
#5039=DIRECTION('',(1.,5.75250669034782E-18,-2.03869253258527E-16));
#5040=DIRECTION('',(-5.75250669034782E-18,1.,2.77555756156289E-17));
#5041=DIRECTION('',(0.,-2.77555756156289E-17,1.));
#5042=DIRECTION('',(0.,1.,-3.05803879887791E-16));
#5043=DIRECTION('',(0.,3.05803879887791E-16,1.));
#5044=DIRECTION('',(0.,1.,-3.05803879887791E-16));
#5045=DIRECTION('',(0.,3.05803879887791E-16,1.));
#5046=DIRECTION('',(0.,1.,-3.05803879887791E-16));
#5047=DIRECTION('',(0.,3.05803879887791E-16,1.));
#5048=DIRECTION('',(-5.75250669034782E-18,1.,2.77555756156289E-17));
#5049=DIRECTION('',(0.,-2.77555756156289E-17,1.));
#5050=DIRECTION('',(-5.75250669034782E-18,1.,2.77555756156289E-17));
#5051=DIRECTION('',(0.,-2.77555756156289E-17,1.));
#5052=DIRECTION('',(0.,1.,-3.05803879887791E-16));
#5053=DIRECTION('',(0.,1.,0.));
#5054=DIRECTION('',(0.,0.,1.));
#5055=DIRECTION('',(0.,1.,-3.05803879887791E-16));
#5056=DIRECTION('',(0.,-1.,0.));
#5057=DIRECTION('',(0.,0.,-1.));
#5058=DIRECTION('',(0.,-1.,0.));
#5059=DIRECTION('',(0.,0.,-1.));
#5060=DIRECTION('',(0.,-1.,0.));
#5061=DIRECTION('',(0.,0.,-1.));
#5062=DIRECTION('',(0.,-1.,0.));
#5063=DIRECTION('',(0.,0.,-1.));
#5064=DIRECTION('',(0.,-1.,0.));
#5065=DIRECTION('',(0.,0.,-1.));
#5066=DIRECTION('',(0.,1.,-3.05803879887791E-16));
#5067=DIRECTION('',(0.,3.05803879887791E-16,1.));
#5068=DIRECTION('',(-5.75250669034782E-18,1.,2.77555756156289E-17));
#5069=DIRECTION('',(0.,-2.77555756156289E-17,1.));
#5070=DIRECTION('',(-2.03869253258527E-16,-4.26518031797699E-16,-1.));
#5071=DIRECTION('',(0.,1.,-4.26518031797699E-16));
#5072=DIRECTION('',(6.70906312402959E-33,-1.,4.26518031797699E-16));
#5073=DIRECTION('',(-1.,-5.75250669034782E-18,2.03869253258527E-16));
#5074=DIRECTION('',(-5.75250669034782E-18,1.,-4.26518031797699E-16));
#5075=DIRECTION('',(-1.,0.,2.03869253258527E-16));
#5076=DIRECTION('',(-5.75250669034782E-18,1.,-4.26518031797699E-16));
#5077=DIRECTION('',(-1.,-5.75250669034782E-18,2.03869253258527E-16));
#5078=DIRECTION('',(-1.,-5.75250669034782E-18,2.03869253258527E-16));
#5079=DIRECTION('',(4.09812001122858E-32,-1.,4.26518031797699E-16));
#5080=DIRECTION('',(-1.,8.00339438635946E-32,2.03869253258527E-16));
#5081=DIRECTION('',(2.03869253258527E-16,4.26518031797699E-16,1.));
#5082=DIRECTION('',(0.,-1.,4.26518031797699E-16));
#5083=DIRECTION('',(-6.70906312402958E-33,1.,-4.26518031797699E-16));
#5084=DIRECTION('',(-1.,8.00339438635946E-32,2.03869253258527E-16));
#5085=DIRECTION('',(-4.09812001122858E-32,1.,-4.26518031797699E-16));
#5086=DIRECTION('',(1.,5.75250669034782E-18,-2.03869253258527E-16));
#5087=DIRECTION('',(5.75250669034782E-18,-1.,4.26518031797699E-16));
#5088=DIRECTION('',(1.,0.,-2.03869253258527E-16));
#5089=DIRECTION('',(5.75250669034782E-18,-1.,4.26518031797699E-16));
#5090=DIRECTION('',(1.,5.75250669034782E-18,-2.03869253258527E-16));
#5091=DIRECTION('',(1.,0.,-9.60831595784057E-17));
#5092=DIRECTION('',(-9.60831595784057E-17,-1.22464679914735E-16,-1.));
#5093=DIRECTION('',(-9.60831595784057E-17,-1.70740499604017E-16,-1.));
#5094=DIRECTION('',(-9.60831595784057E-17,2.77555756156289E-17,-1.));
#5095=DIRECTION('',(-5.75250669034777E-18,1.,-5.55111512312579E-17));
#5096=DIRECTION('',(-1.5305375270931E-16,2.77555756156289E-16,-1.));
#5097=DIRECTION('',(-1.28860754418126E-16,5.55111512312579E-17,1.));
#5098=DIRECTION('',(-1.,-5.75250669034779E-18,-2.29932046333235E-16));
#5099=DIRECTION('',(1.28860754418125E-16,-5.55111512312579E-17,-1.));
#5100=DIRECTION('',(1.,5.75250669034779E-18,3.44898069499852E-16));
#5101=DIRECTION('',(3.44898069499852E-16,2.77555756156289E-17,-1.));
#5102=DIRECTION('',(-1.,0.,-3.44898069499852E-16));
#5103=DIRECTION('',(-5.75250669034782E-18,1.,2.77555756156289E-17));
#5104=DIRECTION('',(-5.75250669034782E-18,1.,2.77555756156289E-17));
#5105=DIRECTION('',(-1.,0.,-3.44898069499852E-16));
#5106=DIRECTION('',(1.,5.75250669034781E-18,1.28860754418125E-16));
#5107=DIRECTION('',(1.28860754418126E-16,0.,-1.));
#5108=DIRECTION('',(-5.75250669034782E-18,1.,2.77555756156289E-17));
#5109=DIRECTION('',(1.28860754418125E-16,0.,-1.));
#5110=DIRECTION('',(-2.29932046333235E-16,-2.77555756156289E-17,1.));
#5111=DIRECTION('',(1.,0.,2.29932046333235E-16));
#5112=DIRECTION('',(-5.75250669034782E-18,1.,2.77555756156289E-17));
#5113=DIRECTION('',(1.,0.,2.29932046333235E-16));
#5114=DIRECTION('',(0.,-2.77555756156289E-17,1.));
#5115=DIRECTION('',(0.,-1.,-2.77555756156289E-17));
#5116=DIRECTION('',(-1.,0.,0.));
#5117=DIRECTION('',(5.75250669034782E-18,-1.,-2.77555756156289E-17));
#5118=DIRECTION('',(-1.,-5.75250669034782E-18,-1.5966413442336E-34));
#5119=DIRECTION('',(-4.63025083671909E-16,2.77555756156289E-17,-1.));
#5120=DIRECTION('',(-1.,0.,4.63025083671909E-16));
#5121=DIRECTION('',(1.,5.75250669034783E-18,-4.63025083671909E-16));
#5122=DIRECTION('',(5.75250669034782E-18,-1.,-2.77555756156289E-17));
#5123=DIRECTION('',(1.,0.,-4.63025083671909E-16));
#5124=DIRECTION('',(-1.,-5.75250669034782E-18,2.14055198618604E-16));
#5125=DIRECTION('',(2.14055198618604E-16,0.,1.));
#5126=DIRECTION('',(-2.14055198618604E-16,0.,-1.));
#5127=DIRECTION('',(-2.14055198618604E-16,2.77555756156289E-17,-1.));
#5128=DIRECTION('',(-2.14055198618604E-16,0.,-1.));
#5129=DIRECTION('',(-2.14055198618604E-16,0.,-1.));
#5130=DIRECTION('',(-2.14055198618604E-16,0.,-1.));
#5131=DIRECTION('',(-5.75250669034782E-18,1.,2.77555756156289E-17));
#5132=DIRECTION('',(-1.5305375270931E-16,2.77555756156289E-17,-1.));
#5133=DIRECTION('',(1.,5.75250669034782E-18,0.));
#5134=DIRECTION('',(-5.75250669034782E-18,1.,0.));
#5135=DIRECTION('',(0.,0.,-1.));
#5136=DIRECTION('',(0.,0.,-1.));
#5137=DIRECTION('',(-5.4746452778843E-17,2.77555756156289E-17,-1.));
#5138=DIRECTION('',(-1.,0.,5.4746452778843E-17));
#5139=DIRECTION('',(-1.,0.,5.4746452778843E-17));
#5140=DIRECTION('',(-5.75250669034782E-18,1.,2.77555756156289E-17));
#5141=DIRECTION('',(-1.,0.,5.4746452778843E-17));
#5142=DIRECTION('',(-5.75250669034782E-18,1.,2.77555756156289E-17));
#5143=DIRECTION('',(-1.,-5.75250669034781E-18,-1.63649041154009E-16));
#5144=DIRECTION('',(-1.63649041154009E-16,0.,1.));
#5145=DIRECTION('',(-1.63649041154009E-16,-5.45496803846698E-17,1.));
#5146=DIRECTION('',(-1.63649041154009E-16,-5.45496803846698E-17,1.));
#5147=DIRECTION('',(0.,2.77555756156289E-17,-1.));
#5148=DIRECTION('',(0.,1.,2.77555756156289E-17));
#5149=DIRECTION('',(-1.,0.,0.));
#5150=DIRECTION('',(-5.75250669034782E-18,1.,2.77555756156289E-17));
#5151=DIRECTION('',(-1.,0.,0.));
#5152=DIRECTION('',(-5.75250669034782E-18,1.,2.77555756156289E-17));
#5153=DIRECTION('',(-1.,-5.75250669034781E-18,-2.12926577838212E-16));
#5154=DIRECTION('',(-2.12926577838212E-16,0.,1.));
#5155=DIRECTION('',(-2.12926577838212E-16,-5.32316444595531E-17,1.));
#5156=DIRECTION('',(-2.12926577838212E-16,-5.32316444595531E-17,1.));
#5157=DIRECTION('',(-1.43611407210633E-16,-2.77555756156289E-17,1.));
#5158=DIRECTION('',(1.,0.,1.43611407210633E-16));
#5159=DIRECTION('',(1.,3.59028518026582E-17,1.43611407210633E-16));
#5160=DIRECTION('',(-5.75250669034782E-18,1.,2.77555756156289E-17));
#5161=DIRECTION('',(1.,3.59028518026582E-17,1.43611407210633E-16));
#5162=DIRECTION('',(-5.75250669034782E-18,1.,2.77555756156289E-17));
#5163=DIRECTION('',(1.,5.75250669034782E-18,0.));
#5164=DIRECTION('',(-5.75250669034782E-18,1.,0.));
#5165=DIRECTION('',(0.,0.,-1.));
#5166=DIRECTION('',(0.,0.,-1.));
#5167=DIRECTION('',(1.21318421693684E-32,1.,-3.33066907387547E-16));
#5168=DIRECTION('',(-4.04071515226537E-48,-3.33066907387547E-16,-1.));
#5169=DIRECTION('',(0.,3.33066907387547E-16,1.));
#5170=DIRECTION('',(1.21318421693684E-32,1.,-3.33066907387547E-16));
#5171=DIRECTION('',(-4.04071515226537E-48,-3.33066907387547E-16,-1.));
#5172=DIRECTION('',(0.,-3.33066907387547E-16,-1.));
#5173=DIRECTION('',(3.59591572444979E-32,-1.,3.02418597084604E-16));
#5174=DIRECTION('',(0.,-3.02418597084604E-16,-1.));
#5175=DIRECTION('',(0.,3.7151151319097E-16,1.));
#5176=DIRECTION('',(0.,-3.7151151319097E-16,-1.));
#5177=DIRECTION('',(0.,3.33066907387547E-16,1.));
#5178=DIRECTION('',(0.,-1.,3.33066907387547E-16));
#5179=DIRECTION('',(-1.,-5.75250669034782E-18,1.91596961308032E-33));
#5180=DIRECTION('',(1.,-1.21318421693684E-32,3.66889468891224E-48));
#5181=DIRECTION('',(1.21318421693684E-32,1.,0.));
#5182=DIRECTION('',(-4.00562095160102E-48,-2.77555756156289E-17,1.));
#5183=DIRECTION('',(-4.00562095160102E-48,-2.77555756156289E-17,1.));
#5184=DIRECTION('',(-1.18905244555572E-16,-3.33066907387547E-16,-1.));
#5185=DIRECTION('',(0.,1.,-3.33066907387547E-16));
#5186=DIRECTION('',(1.,5.75250669034782E-18,-1.18905244555572E-16));
#5187=DIRECTION('',(-1.,7.92822600810017E-32,2.01612398056403E-16));
#5188=DIRECTION('',(2.01612398056403E-16,0.,1.));
#5189=DIRECTION('',(-2.01612398056403E-16,2.77555756156289E-17,-1.));
#5190=DIRECTION('',(-2.01612398056403E-16,-1.70740499604017E-16,-1.));
#5191=DIRECTION('',(-2.01612398056403E-16,2.77555756156289E-17,-1.));
#5192=DIRECTION('',(-1.,0.,0.));
#5193=DIRECTION('',(0.,0.,1.));
#5194=DIRECTION('',(1.,0.,0.));
#5195=DIRECTION('',(0.,0.,-1.));
#5196=DIRECTION('',(-5.75250669034782E-18,1.,2.77555756156289E-17));
#5197=DIRECTION('',(-1.5305375270931E-16,2.77555756156289E-17,-1.));
#5198=DIRECTION('',(1.,5.75250669034782E-18,0.));
#5199=DIRECTION('',(-5.75250669034782E-18,1.,0.));
#5200=DIRECTION('',(0.,1.,-3.05803879887791E-16));
#5201=DIRECTION('',(0.,0.,-1.));
#5202=DIRECTION('',(0.,0.,-1.));
#5203=DIRECTION('',(1.,5.75250669034782E-18,0.));
#5204=DIRECTION('',(-5.75250669034782E-18,1.,0.));
#5205=DIRECTION('',(0.,0.,-1.));
#5206=DIRECTION('',(0.,0.,-1.));
#5207=DIRECTION('',(1.,5.75250669034782E-18,0.));
#5208=DIRECTION('',(-5.75250669034782E-18,1.,0.));
#5209=DIRECTION('',(0.,0.,-1.));
#5210=DIRECTION('',(-5.75250669034782E-18,1.,2.77555756156289E-17));
#5211=DIRECTION('',(0.,0.,-1.));
#5212=DIRECTION('',(1.,5.75250669034782E-18,0.));
#5213=DIRECTION('',(-5.75250669034782E-18,1.,0.));
#5214=DIRECTION('',(0.,1.,-3.05803879887791E-16));
#5215=DIRECTION('',(0.,0.,-1.));
#5216=DIRECTION('',(0.,0.,-1.));
#5217=DIRECTION('',(0.,-1.,0.));
#5218=DIRECTION('',(0.,0.,-1.));
#5219=DIRECTION('',(0.,1.,-3.05803879887791E-16));
#5220=DIRECTION('',(0.,3.05803879887791E-16,1.));
#5221=DIRECTION('',(-5.75250669034782E-18,1.,2.77555756156289E-17));
#5222=DIRECTION('',(0.,-2.77555756156289E-17,1.));
#5223=DIRECTION('',(0.,-1.,0.));
#5224=DIRECTION('',(0.,0.,-1.));
#5225=DIRECTION('',(0.,-1.,0.));
#5226=DIRECTION('',(0.,0.,-1.));
#5227=DIRECTION('',(0.,1.,-3.05803879887791E-16));
#5228=DIRECTION('',(0.,3.05803879887791E-16,1.));
#5229=DIRECTION('',(-5.75250669034782E-18,1.,2.77555756156289E-17));
#5230=DIRECTION('',(0.,-2.77555756156289E-17,1.));
#5231=DIRECTION('',(0.,1.,0.));
#5232=DIRECTION('',(0.,0.,1.));
#5233=DIRECTION('',(0.,0.,1.));
#5234=DIRECTION('',(1.,0.,0.));
#5235=DIRECTION('',(0.,0.,1.));
#5236=DIRECTION('',(1.,0.,0.));
#5237=DIRECTION('',(0.,0.,-1.));
#5238=DIRECTION('',(-1.,0.,0.));
#5239=DIRECTION('',(0.,0.,1.));
#5240=DIRECTION('',(1.,0.,0.));
#5241=DIRECTION('',(1.,-1.21318421693684E-32,3.66889468891224E-48));
#5242=DIRECTION('',(1.21318421693684E-32,1.,0.));
#5243=DIRECTION('',(-4.00562095160102E-48,-2.77555756156289E-17,1.));
#5244=DIRECTION('',(-1.45990540743581E-16,-2.77555756156289E-17,1.));
#5245=DIRECTION('',(1.,0.,1.45990540743581E-16));
#5246=DIRECTION('',(1.,3.64976351858953E-17,1.45990540743581E-16));
#5247=DIRECTION('',(1.,3.64976351858953E-17,1.45990540743581E-16));
#5248=DIRECTION('',(1.,3.64976351858953E-17,1.45990540743581E-16));
#5249=DIRECTION('',(-5.75250669034782E-18,1.,2.77555756156289E-17));
#5250=DIRECTION('',(1.,3.64976351858953E-17,1.45990540743581E-16));
#5251=DIRECTION('',(-1.,-5.75250669034781E-18,-1.63649041154009E-16));
#5252=DIRECTION('',(-1.63649041154009E-16,0.,1.));
#5253=DIRECTION('',(-1.63649041154009E-16,-5.45496803846698E-17,1.));
#5254=DIRECTION('',(-1.63649041154009E-16,-5.45496803846698E-17,1.));
#5255=DIRECTION('',(-1.,-5.75250669034781E-18,-1.63649041154009E-16));
#5256=DIRECTION('',(-1.63649041154009E-16,0.,1.));
#5257=DIRECTION('',(-1.63649041154009E-16,-5.45496803846698E-17,1.));
#5258=DIRECTION('',(-1.63649041154009E-16,-5.45496803846698E-17,1.));
#5259=DIRECTION('',(-1.,-5.75250669034781E-18,-1.63649041154009E-16));
#5260=DIRECTION('',(-1.63649041154009E-16,0.,1.));
#5261=DIRECTION('',(-1.63649041154009E-16,-5.45496803846698E-17,1.));
#5262=DIRECTION('',(-1.63649041154009E-16,-5.45496803846698E-17,1.));
#5263=DIRECTION('',(-1.,-5.75250669034781E-18,-2.12926577838212E-16));
#5264=DIRECTION('',(-2.12926577838212E-16,0.,1.));
#5265=DIRECTION('',(-2.12926577838212E-16,-5.32316444595531E-17,1.));
#5266=DIRECTION('',(-2.12926577838212E-16,-5.32316444595531E-17,1.));
#5267=DIRECTION('',(-1.,-5.75250669034781E-18,-2.12926577838212E-16));
#5268=DIRECTION('',(-2.12926577838212E-16,0.,1.));
#5269=DIRECTION('',(-2.12926577838212E-16,-5.32316444595531E-17,1.));
#5270=DIRECTION('',(-2.12926577838212E-16,-5.32316444595531E-17,1.));
#5271=DIRECTION('',(-1.,-5.75250669034781E-18,-2.12926577838212E-16));
#5272=DIRECTION('',(-2.12926577838212E-16,0.,1.));
#5273=DIRECTION('',(-2.12926577838212E-16,-5.32316444595531E-17,1.));
#5274=DIRECTION('',(-2.12926577838212E-16,-5.32316444595531E-17,1.));
#5275=DIRECTION('',(-5.75250669034782E-18,1.,2.77555756156289E-17));
#5276=DIRECTION('',(-1.5305375270931E-16,2.77555756156289E-17,-1.));
#5277=DIRECTION('',(-5.75250669034782E-18,1.,2.77555756156289E-17));
#5278=DIRECTION('',(-1.5305375270931E-16,2.77555756156289E-17,-1.));
#5279=DIRECTION('',(-5.75250669034782E-18,1.,2.77555756156289E-17));
#5280=DIRECTION('',(-1.5305375270931E-16,2.77555756156289E-17,-1.));
#5281=DIRECTION('',(-5.75250669034782E-18,1.,2.77555756156289E-17));
#5282=DIRECTION('',(-1.5305375270931E-16,2.77555756156289E-17,-1.));
#5283=DIRECTION('',(0.,1.,0.));
#5284=DIRECTION('',(0.,0.,1.));
#5285=DIRECTION('',(0.,1.,0.));
#5286=DIRECTION('',(0.,0.,1.));
#5287=DIRECTION('',(0.,1.,0.));
#5288=DIRECTION('',(0.,0.,1.));
#5289=DIRECTION('',(0.,1.,0.));
#5290=DIRECTION('',(0.,0.,1.));
#5291=DIRECTION('',(4.52252057083359E-32,1.,-1.70740499604017E-16));
#5292=DIRECTION('',(0.,1.70740499604017E-16,1.));
#5293=DIRECTION('',(-9.60831595784057E-17,-1.70740499604017E-16,-1.));
#5294=DIRECTION('',(-9.60831595784057E-17,-1.70740499604017E-16,-1.));
#5295=DIRECTION('',(-9.60831595784057E-17,-1.70740499604017E-16,-1.));
#5296=DIRECTION('',(1.,0.,-9.60831595784057E-17));
#5297=DIRECTION('',(-9.60831595784057E-17,-1.22464679914735E-16,-1.));
#5298=DIRECTION('',(-9.60831595784057E-17,2.77555756156289E-17,-1.));
#5299=DIRECTION('',(1.,0.,-9.60831595784057E-17));
#5300=DIRECTION('',(-9.60831595784057E-17,-1.22464679914735E-16,-1.));
#5301=DIRECTION('',(-9.60831595784057E-17,2.77555756156289E-17,-1.));
#5302=DIRECTION('',(1.,0.,-9.60831595784057E-17));
#5303=DIRECTION('',(-9.60831595784057E-17,-1.22464679914735E-16,-1.));
#5304=DIRECTION('',(-9.60831595784057E-17,2.77555756156289E-17,-1.));
#5305=DIRECTION('',(-5.75250669034782E-18,1.,2.77555756156289E-17));
#5306=DIRECTION('',(-1.5305375270931E-16,2.77555756156289E-17,-1.));
#5307=DIRECTION('',(3.59591572444979E-32,-1.,3.02418597084604E-16));
#5308=DIRECTION('',(0.,-3.02418597084604E-16,-1.));
#5309=DIRECTION('',(3.59591572444979E-32,-1.,3.02418597084604E-16));
#5310=DIRECTION('',(0.,-3.02418597084604E-16,-1.));
#5311=DIRECTION('',(3.59591572444979E-32,-1.,3.02418597084604E-16));
#5312=DIRECTION('',(0.,-3.02418597084604E-16,-1.));
#5313=DIRECTION('',(3.59591572444979E-32,-1.,3.02418597084604E-16));
#5314=DIRECTION('',(0.,-3.02418597084604E-16,-1.));
#5315=CARTESIAN_POINT('',(0.,0.,0.));
#5316=CARTESIAN_POINT('',(-71.3189999999992,-6.82933154344803,-37.084));
#5317=CARTESIAN_POINT('',(-71.3189999999992,-6.82933154344803,-38.481));
#5318=CARTESIAN_POINT('',(-71.3189999999992,16.764,-38.481));
#5319=CARTESIAN_POINT('',(-71.3189999999992,15.113,-38.481));
#5320=CARTESIAN_POINT('',(-71.3189999999992,16.764,-37.084));
#5321=CARTESIAN_POINT('',(-71.3189999999992,16.764,-46.276));
#5322=CARTESIAN_POINT('',(-71.3189999999992,-6.82933154344803,-46.276));
#5323=CARTESIAN_POINT('',(-71.3189999999992,8.4455,-46.276));
#5324=CARTESIAN_POINT('',(-71.3189999999992,8.4455,-37.084));
#5325=CARTESIAN_POINT('',(-71.3189999999992,8.4455,-37.084));
#5326=CARTESIAN_POINT('',(-71.3189999999992,-6.82933154344803,-37.084));
#5327=CARTESIAN_POINT('',(-71.3189999999992,16.764,-37.084));
#5328=CARTESIAN_POINT('',(-71.3189999999992,16.764,-37.084));
#5329=CARTESIAN_POINT('',(-71.3189999999992,16.764,-37.592));
#5330=CARTESIAN_POINT('',(-71.3189999999992,-6.82933154344803,-37.592));
#5331=CARTESIAN_POINT('',(-71.3189999999992,15.113,-37.592));
#5332=CARTESIAN_POINT('',(-71.3189999999992,15.113,-37.084));
#5333=CARTESIAN_POINT('',(0.,16.764,-6.32743784840628E-15));
#5334=CARTESIAN_POINT('',(0.,16.764,-38.481));
#5335=CARTESIAN_POINT('',(-62.5051999999992,16.764,-38.481));
#5336=CARTESIAN_POINT('',(-62.5051999999992,16.764,-37.084));
#5337=CARTESIAN_POINT('',(-62.5051999999992,16.764,-46.276));
#5338=CARTESIAN_POINT('',(-71.3189999999992,16.764,-46.276));
#5339=CARTESIAN_POINT('',(-62.5051999999992,-6.82933154344803,-37.084));
#5340=CARTESIAN_POINT('',(-62.5051999999992,-6.82933154344803,-46.276));
#5341=CARTESIAN_POINT('',(-62.5051999999992,8.4455,-46.276));
#5342=CARTESIAN_POINT('',(-62.5051999999992,9.8425,-46.276));
#5343=CARTESIAN_POINT('',(-62.5051999999992,9.8425,-72.7664617598486));
#5344=CARTESIAN_POINT('',(-62.5051999999992,9.8425,-37.084));
#5345=CARTESIAN_POINT('',(-62.5051999999992,-6.82933154344803,-37.084));
#5346=CARTESIAN_POINT('',(-62.5051999999992,8.4455,-37.084));
#5347=CARTESIAN_POINT('',(-62.5051999999992,8.4455,-37.084));
#5348=CARTESIAN_POINT('',(-71.3189999999992,-6.82933154344803,-46.276));
#5349=CARTESIAN_POINT('',(-67.3819999999992,12.827,-46.276));
#5350=CARTESIAN_POINT('',(-67.3819999999992,10.7315,-46.276));
#5351=CARTESIAN_POINT('',(-67.3819999999992,12.827,-46.276));
#5352=CARTESIAN_POINT('',(-67.3819999999992,10.7315,-46.276));
#5353=CARTESIAN_POINT('',(-71.3189999999992,8.4455,-46.276));
#5354=CARTESIAN_POINT('',(-62.5051999999992,-6.82933154344803,-46.276));
#5355=CARTESIAN_POINT('',(-62.5051999999992,12.827,-46.276));
#5356=CARTESIAN_POINT('',(-41.4739999999992,12.827,-46.276));
#5357=CARTESIAN_POINT('',(-62.5051999999992,-6.82933154344803,-37.084));
#5358=CARTESIAN_POINT('',(-62.5051999999992,-6.82933154344803,-37.084));
#5359=CARTESIAN_POINT('',(-62.5051999999992,12.827,-37.084));
#5360=CARTESIAN_POINT('',(-62.5051999999992,16.764,-37.084));
#5361=CARTESIAN_POINT('',(-62.5051999999992,12.827,-37.084));
#5362=CARTESIAN_POINT('',(-62.5051999999992,16.764,-37.084));
#5363=CARTESIAN_POINT('',(-71.3189999999992,-6.82933154344803,-37.084));
#5364=CARTESIAN_POINT('',(-67.3819999999992,10.7315,-37.084));
#5365=CARTESIAN_POINT('',(-67.3819999999992,10.7315,-37.084));
#5366=CARTESIAN_POINT('',(-67.3819999999992,12.827,-37.084));
#5367=CARTESIAN_POINT('',(-67.3819999999992,12.827,-37.084));
#5368=CARTESIAN_POINT('',(-41.4739999999992,12.827,-37.084));
#5369=CARTESIAN_POINT('',(-71.3189999999992,16.764,-37.084));
#5370=CARTESIAN_POINT('',(-71.3189999999992,8.4455,-37.084));
#5371=CARTESIAN_POINT('',(-66.3752750541179,8.4455,-37.0728441083057));
#5372=CARTESIAN_POINT('',(-41.4739999999992,12.827,-72.7664617598486));
#5373=CARTESIAN_POINT('',(-67.3819999999992,12.827,-72.7664617598486));
#5374=CARTESIAN_POINT('',(-67.3819999999992,10.7315,-72.7664617598486));
#5375=CARTESIAN_POINT('',(-67.3819999999992,10.7315,-72.7664617598486));
#5376=CARTESIAN_POINT('',(-67.3819999999992,12.827,-72.7664617598486));
#5377=CARTESIAN_POINT('',(-5.08,15.113,-51.5068369093883));
#5378=CARTESIAN_POINT('',(-85.344,15.113,-37.592));
#5379=CARTESIAN_POINT('',(-81.788,15.113,-37.592));
#5380=CARTESIAN_POINT('',(-81.788,15.113,-51.5068369093883));
#5381=CARTESIAN_POINT('',(-81.788,15.113,-38.481));
#5382=CARTESIAN_POINT('',(-86.233,15.113,-38.481));
#5383=CARTESIAN_POINT('',(5.48149414526867E-31,16.764,-6.36065274524831E-15));
#5384=CARTESIAN_POINT('',(-7.62,16.764,-34.798));
#5385=CARTESIAN_POINT('',(-7.62,16.764,-35.814));
#5386=CARTESIAN_POINT('',(-82.55,16.764,-34.798));
#5387=CARTESIAN_POINT('',(-82.55,16.764,-35.814));
#5388=CARTESIAN_POINT('',(0.,16.764,-38.481));
#5389=CARTESIAN_POINT('',(-46.3507999999992,16.764,-38.481));
#5390=CARTESIAN_POINT('',(-46.3507999999992,16.764,-37.084));
#5391=CARTESIAN_POINT('',(-46.3507999999992,16.764,-37.084));
#5392=CARTESIAN_POINT('',(-46.3507999999992,16.764,-37.084));
#5393=CARTESIAN_POINT('',(-37.5369999999991,16.764,-37.084));
#5394=CARTESIAN_POINT('',(-37.5369999999991,16.764,-37.084));
#5395=CARTESIAN_POINT('',(-37.5369999999991,16.764,-37.592));
#5396=CARTESIAN_POINT('',(-85.344,16.764,-37.592));
#5397=CARTESIAN_POINT('',(-4.826,16.764,-37.592));
#5398=CARTESIAN_POINT('',(-4.826,16.764,-37.592));
#5399=CARTESIAN_POINT('',(-4.826,16.764,-22.1902360308751));
#5400=CARTESIAN_POINT('',(-4.826,16.764,-22.1902360308751));
#5401=CARTESIAN_POINT('',(-6.9469,16.764,-24.7254226197965));
#5402=CARTESIAN_POINT('',(-6.9469,16.764,-37.0603001227256));
#5403=CARTESIAN_POINT('',(-6.9469,16.764,-33.3121));
#5404=CARTESIAN_POINT('',(-8.9789,16.764,-33.3121));
#5405=CARTESIAN_POINT('',(-83.2231,16.764,-33.3121));
#5406=CARTESIAN_POINT('',(-83.2231,16.764,-37.0603001227256));
#5407=CARTESIAN_POINT('',(-83.2231,16.764,-24.7254226197965));
#5408=CARTESIAN_POINT('',(-85.344,16.764,-22.1902360308751));
#5409=CARTESIAN_POINT('',(-85.344,16.764,-22.1902360308751));
#5410=CARTESIAN_POINT('',(-85.344,16.764,-1.016));
#5411=CARTESIAN_POINT('',(-85.344,16.764,-36.9812150349571));
#5412=CARTESIAN_POINT('',(-81.788,16.764,-36.9812150349571));
#5413=CARTESIAN_POINT('',(-81.788,16.764,-36.9812150349571));
#5414=CARTESIAN_POINT('',(-81.788,16.764,1.49779671035033E-15));
#5415=CARTESIAN_POINT('',(-81.788,16.764,-37.592));
#5416=CARTESIAN_POINT('',(-85.344,16.764,-37.592));
#5417=CARTESIAN_POINT('',(-86.233,-75.6816084963198,-38.481));
#5418=CARTESIAN_POINT('',(-81.788,-75.6816084963198,-38.481));
#5419=CARTESIAN_POINT('',(-81.788,17.4752,-38.481));
#5420=CARTESIAN_POINT('',(-86.233,17.4752,-38.481));
#5421=CARTESIAN_POINT('',(-3.937,17.4752,-38.481));
#5422=CARTESIAN_POINT('',(-3.937,-75.6816084963198,-38.481));
#5423=CARTESIAN_POINT('',(-3.937,15.113,-38.481));
#5424=CARTESIAN_POINT('',(-86.233,15.113,-38.481));
#5425=CARTESIAN_POINT('',(-37.5369999999991,15.113,-38.481));
#5426=CARTESIAN_POINT('',(-37.5369999999991,-6.82933154344803,-38.481));
#5427=CARTESIAN_POINT('',(-37.5369999999991,16.764,-38.481));
#5428=CARTESIAN_POINT('',(0.,16.764,-38.481));
#5429=CARTESIAN_POINT('',(-85.344,15.113,-37.592));
#5430=CARTESIAN_POINT('',(-81.788,15.113,-37.592));
#5431=CARTESIAN_POINT('',(-37.5369999999991,-6.82933154344803,-37.084));
#5432=CARTESIAN_POINT('',(-37.5369999999991,15.113,-37.084));
#5433=CARTESIAN_POINT('',(-37.5369999999991,15.113,-37.592));
#5434=CARTESIAN_POINT('',(-37.5369999999991,-6.82933154344803,-37.592));
#5435=CARTESIAN_POINT('',(-37.5369999999991,-6.82933154344803,-37.084));
#5436=CARTESIAN_POINT('',(-37.5369999999991,8.4455,-37.084));
#5437=CARTESIAN_POINT('',(-37.5369999999991,8.4455,-37.084));
#5438=CARTESIAN_POINT('',(-37.5369999999991,8.4455,-46.276));
#5439=CARTESIAN_POINT('',(-37.5369999999991,-6.82933154344803,-46.276));
#5440=CARTESIAN_POINT('',(-37.5369999999991,16.764,-46.276));
#5441=CARTESIAN_POINT('',(-37.5369999999991,16.764,-37.084));
#5442=CARTESIAN_POINT('',(0.,16.764,-6.32743784840628E-15));
#5443=CARTESIAN_POINT('',(-46.3507999999992,16.764,-46.276));
#5444=CARTESIAN_POINT('',(-46.3507999999992,16.764,-46.276));
#5445=CARTESIAN_POINT('',(-46.3507999999992,16.764,-37.084));
#5446=CARTESIAN_POINT('',(-46.3507999999992,-6.82933154344803,-37.084));
#5447=CARTESIAN_POINT('',(-46.3507999999992,-6.82933154344803,-46.276));
#5448=CARTESIAN_POINT('',(-46.3507999999992,12.827,-46.276));
#5449=CARTESIAN_POINT('',(-46.3507999999992,12.827,-37.084));
#5450=CARTESIAN_POINT('',(-46.3507999999992,12.827,-37.084));
#5451=CARTESIAN_POINT('',(-46.3507999999992,-6.82933154344803,-37.084));
#5452=CARTESIAN_POINT('',(-46.3507999999992,-6.82933154344803,-37.084));
#5453=CARTESIAN_POINT('',(-46.3507999999992,-6.82933154344803,-37.084));
#5454=CARTESIAN_POINT('',(-46.3507999999992,8.4455,-37.084));
#5455=CARTESIAN_POINT('',(-46.3507999999992,9.8425,-37.084));
#5456=CARTESIAN_POINT('',(-46.3507999999992,9.8425,-72.7664617598486));
#5457=CARTESIAN_POINT('',(-46.3507999999992,9.8425,-46.276));
#5458=CARTESIAN_POINT('',(-46.3507999999992,-6.82933154344803,-46.276));
#5459=CARTESIAN_POINT('',(-46.3507999999992,8.4455,-46.276));
#5460=CARTESIAN_POINT('',(-46.3507999999992,8.4455,-37.084));
#5461=CARTESIAN_POINT('',(-46.3507999999992,-6.82933154344803,-46.276));
#5462=CARTESIAN_POINT('',(-41.4739999999992,10.7315,-46.276));
#5463=CARTESIAN_POINT('',(-41.4739999999992,12.827,-46.276));
#5464=CARTESIAN_POINT('',(-41.4739999999992,10.7315,-46.276));
#5465=CARTESIAN_POINT('',(-41.4739999999992,12.827,-46.276));
#5466=CARTESIAN_POINT('',(-46.3507999999992,8.4455,-46.276));
#5467=CARTESIAN_POINT('',(-46.3507999999992,9.8425,-46.276));
#5468=CARTESIAN_POINT('',(-46.3507999999992,-6.82933154344803,-37.084));
#5469=CARTESIAN_POINT('',(-41.4739999999992,12.827,-37.084));
#5470=CARTESIAN_POINT('',(-41.4739999999992,12.827,-37.084));
#5471=CARTESIAN_POINT('',(-41.4739999999992,10.7315,-37.084));
#5472=CARTESIAN_POINT('',(-41.4739999999992,10.7315,-37.084));
#5473=CARTESIAN_POINT('',(-46.3507999999992,9.8425,-37.084));
#5474=CARTESIAN_POINT('',(-46.3507999999992,8.4455,-37.084));
#5475=CARTESIAN_POINT('',(-66.3752750541179,8.4455,-37.0728441083057));
#5476=CARTESIAN_POINT('',(-41.4739999999992,12.827,-72.7664617598486));
#5477=CARTESIAN_POINT('',(-41.4739999999992,12.827,-72.7664617598486));
#5478=CARTESIAN_POINT('',(-41.4739999999992,10.7315,-72.7664617598486));
#5479=CARTESIAN_POINT('',(-41.4739999999992,10.7315,-72.7664617598486));
#5480=CARTESIAN_POINT('',(-46.3507999999992,9.8425,-72.7664617598486));
#5481=CARTESIAN_POINT('',(-5.08,15.113,-51.5068369093883));
#5482=CARTESIAN_POINT('',(-3.937,15.113,-38.481));
#5483=CARTESIAN_POINT('',(-3.937,15.113,-0.127));
#5484=CARTESIAN_POINT('',(-3.937,15.113,-0.127));
#5485=CARTESIAN_POINT('',(-86.233,15.113,-0.127));
#5486=CARTESIAN_POINT('',(-86.233,15.113,-0.127000000000033));
#5487=CARTESIAN_POINT('',(-86.233,15.113,-36.7825689568477));
#5488=CARTESIAN_POINT('',(-81.788,15.113,-36.7825689568477));
#5489=CARTESIAN_POINT('',(-85.344,15.113,-36.7825689568477));
#5490=CARTESIAN_POINT('',(-85.344,15.113,-16.4177639691249));
#5491=CARTESIAN_POINT('',(-85.344,15.113,-1.016));
#5492=CARTESIAN_POINT('',(-4.826,15.113,-1.016));
#5493=CARTESIAN_POINT('',(-4.826,15.113,-1.016));
#5494=CARTESIAN_POINT('',(-4.826,15.113,-16.4177639691249));
#5495=CARTESIAN_POINT('',(-4.826,15.113,-37.592));
#5496=CARTESIAN_POINT('',(-85.344,15.113,-37.592));
#5497=CARTESIAN_POINT('',(-85.344,15.113,-37.592));
#5498=CARTESIAN_POINT('',(-4.826,15.113,-37.592));
#5499=CARTESIAN_POINT('',(-80.4799,37.9815807324877,-10.6035336484251));
#5500=CARTESIAN_POINT('',(-75.0369408981799,29.4525466078212,-4.09737262292588));
#5501=CARTESIAN_POINT('',(-83.2231,16.764,-13.8825773802035));
#5502=CARTESIAN_POINT('',(-81.1911,19.9136,-11.4536560974047));
#5503=CARTESIAN_POINT('',(-80.4799,16.764,-10.6035336484251));
#5504=CARTESIAN_POINT('',(-85.344,16.764,-16.4177639691249));
#5505=CARTESIAN_POINT('',(-85.344,37.9815807324877,-16.4177639691249));
#5506=CARTESIAN_POINT('',(-85.344,19.9136,-16.4177639691249));
#5507=CARTESIAN_POINT('',(-80.4799,19.9136,-10.6035336484251));
#5508=CARTESIAN_POINT('',(-85.344,37.9815807324877,-22.1902360308751));
#5509=CARTESIAN_POINT('',(-77.4822434037551,25.6623277241797,-31.587671029302));
#5510=CARTESIAN_POINT('',(-81.1911,19.9136,-27.1543439025953));
#5511=CARTESIAN_POINT('',(-85.344,19.9136,-22.1902360308751));
#5512=CARTESIAN_POINT('',(-85.344,19.9136,-22.1902360308751));
#5513=CARTESIAN_POINT('',(-85.344,37.9815807324877,-22.1902360308751));
#5514=CARTESIAN_POINT('',(-9.6901,37.9815807324877,-10.6035336484251));
#5515=CARTESIAN_POINT('',(-15.1330591018201,29.4525466078212,-4.09737262292589));
#5516=CARTESIAN_POINT('',(-8.9789,19.9136,-11.4536560974047));
#5517=CARTESIAN_POINT('',(-6.9469,16.764,-13.8825773802035));
#5518=CARTESIAN_POINT('',(-9.6901,19.9136,-10.6035336484251));
#5519=CARTESIAN_POINT('',(-4.826,19.9136,-16.4177639691249));
#5520=CARTESIAN_POINT('',(-4.826,37.9815807324877,-16.4177639691249));
#5521=CARTESIAN_POINT('',(-4.826,16.764,-16.4177639691249));
#5522=CARTESIAN_POINT('',(-9.6901,16.764,-10.6035336484251));
#5523=CARTESIAN_POINT('',(-4.826,37.9815807324877,-22.1902360308751));
#5524=CARTESIAN_POINT('',(-12.6877565962449,25.6623277241797,-31.587671029302));
#5525=CARTESIAN_POINT('',(-8.9789,19.9136,-27.1543439025953));
#5526=CARTESIAN_POINT('',(-4.826,37.9815807324877,-22.1902360308751));
#5527=CARTESIAN_POINT('',(-4.826,19.9136,-22.1902360308751));
#5528=CARTESIAN_POINT('',(-4.826,19.9136,-22.1902360308751));
#5529=CARTESIAN_POINT('',(5.48149414526867E-31,16.764,-6.36065274524831E-15));
#5530=CARTESIAN_POINT('',(-7.62,16.764,-3.81));
#5531=CARTESIAN_POINT('',(-7.62,16.764,-4.826));
#5532=CARTESIAN_POINT('',(-82.55,16.764,-3.81));
#5533=CARTESIAN_POINT('',(-82.55,16.764,-4.826));
#5534=CARTESIAN_POINT('',(-81.1911,16.764,-5.2959));
#5535=CARTESIAN_POINT('',(-83.2231,16.764,-5.2959));
#5536=CARTESIAN_POINT('',(-6.9469,16.764,-5.2959));
#5537=CARTESIAN_POINT('',(-6.9469,16.764,-37.0603001227256));
#5538=CARTESIAN_POINT('',(-4.826,16.764,-37.592));
#5539=CARTESIAN_POINT('',(-4.826,16.764,-1.016));
#5540=CARTESIAN_POINT('',(-4.826,16.764,-1.016));
#5541=CARTESIAN_POINT('',(-85.344,16.764,-1.016));
#5542=CARTESIAN_POINT('',(-85.344,16.764,-1.016));
#5543=CARTESIAN_POINT('',(-83.2231,16.764,-37.0603001227256));
#5544=CARTESIAN_POINT('',(-8.9789,15.113,-33.3121));
#5545=CARTESIAN_POINT('',(-8.9789,19.9136,-33.3121));
#5546=CARTESIAN_POINT('',(-8.9789,19.9136,-33.3121));
#5547=CARTESIAN_POINT('',(-8.9789,15.113,-33.3121));
#5548=CARTESIAN_POINT('',(-8.9789,21.104225,-33.3121));
#5549=CARTESIAN_POINT('',(-8.9789,21.104225,-33.3121));
#5550=CARTESIAN_POINT('',(-81.1911,21.104225,-33.3121));
#5551=CARTESIAN_POINT('',(-81.1911,15.113,-33.3121));
#5552=CARTESIAN_POINT('',(-81.1911,19.9136,-33.3121));
#5553=CARTESIAN_POINT('',(-83.2231,16.764,-33.3121));
#5554=CARTESIAN_POINT('',(-81.1911,15.113,-5.2959));
#5555=CARTESIAN_POINT('',(-83.2231,16.764,-5.2959));
#5556=CARTESIAN_POINT('',(-81.1911,19.9136,-5.2959));
#5557=CARTESIAN_POINT('',(-81.1911,15.113,-5.2959));
#5558=CARTESIAN_POINT('',(-81.1911,21.104225,-5.2959));
#5559=CARTESIAN_POINT('',(-81.1911,21.104225,-5.2959));
#5560=CARTESIAN_POINT('',(-8.9789,21.104225,-5.2959));
#5561=CARTESIAN_POINT('',(-8.9789,15.113,-5.2959));
#5562=CARTESIAN_POINT('',(-8.9789,19.9136,-5.2959));
#5563=CARTESIAN_POINT('',(-8.9789,19.9136,-5.2959));
#5564=CARTESIAN_POINT('',(-7.62,23.9779069587422,-3.81));
#5565=CARTESIAN_POINT('',(-7.62,20.0882250000001,-3.81));
#5566=CARTESIAN_POINT('',(-7.62,20.0882250000001,-4.826));
#5567=CARTESIAN_POINT('',(-7.62,23.9779069587422,-34.798));
#5568=CARTESIAN_POINT('',(-7.62,20.0882250000001,-34.798));
#5569=CARTESIAN_POINT('',(-7.62,20.0882250000001,-35.814));
#5570=CARTESIAN_POINT('',(-82.55,23.9779069587422,-34.798));
#5571=CARTESIAN_POINT('',(-82.55,20.0882250000001,-34.798));
#5572=CARTESIAN_POINT('',(-82.55,20.0882250000001,-35.814));
#5573=CARTESIAN_POINT('',(-82.55,23.9779069587422,-3.81));
#5574=CARTESIAN_POINT('',(-82.55,20.0882250000001,-3.81));
#5575=CARTESIAN_POINT('',(-82.55,20.0882250000001,-4.826));
#5576=CARTESIAN_POINT('',(-3.937,-75.6816084963198,-38.481));
#5577=CARTESIAN_POINT('',(-3.937,17.4752,-38.481));
#5578=CARTESIAN_POINT('',(-3.937,17.4752,-0.127));
#5579=CARTESIAN_POINT('',(-3.937,-75.6816084963198,-0.127000000000002));
#5580=CARTESIAN_POINT('',(-3.937,-75.6816084963198,-0.127000000000002));
#5581=CARTESIAN_POINT('',(-3.937,17.4752,-0.127));
#5582=CARTESIAN_POINT('',(-86.233,17.4752,-0.127));
#5583=CARTESIAN_POINT('',(-86.233,-75.6816084963198,-0.127000000000002));
#5584=CARTESIAN_POINT('',(-86.233,-75.6816084963198,-0.127000000000002));
#5585=CARTESIAN_POINT('',(-86.233,15.6972000002541,-38.887399999746));
#5586=CARTESIAN_POINT('',(-86.233,17.4752,-37.6184164063342));
#5587=CARTESIAN_POINT('',(-86.233,17.4752,-0.127));
#5588=CARTESIAN_POINT('',(-85.344,37.9815807324877,-16.4177639691249));
#5589=CARTESIAN_POINT('',(-85.344,15.6972000002541,-38.887399999746));
#5590=CARTESIAN_POINT('',(-85.344,19.9136,-16.4177639691249));
#5591=CARTESIAN_POINT('',(-85.344,15.113,-1.016));
#5592=CARTESIAN_POINT('',(-4.826,37.9815807324877,-16.4177639691249));
#5593=CARTESIAN_POINT('',(-4.826,15.113,-1.016));
#5594=CARTESIAN_POINT('',(-4.826,19.9136,-16.4177639691249));
#5595=CARTESIAN_POINT('',(-4.826,15.113,-1.016));
#5596=CARTESIAN_POINT('',(-83.2231,16.764,-37.0603001227256));
#5597=CARTESIAN_POINT('',(-81.1911,19.9136,-37.0603001227256));
#5598=CARTESIAN_POINT('',(-8.9789,19.9136,-37.0603001227256));
#5599=CARTESIAN_POINT('',(-8.9789,19.9136,-37.0603001227256));
#5600=CARTESIAN_POINT('',(-83.2231,16.764,-37.0603001227256));
#5601=CARTESIAN_POINT('',(-81.1911,19.9136,-37.0603001227256));
#5602=CARTESIAN_POINT('',(-8.9789,19.9136,-37.0603001227256));
#5603=CARTESIAN_POINT('',(-8.9789,19.9136,-37.0603001227256));
#5604=CARTESIAN_POINT('',(-81.788,15.6972000002541,-38.887399999746));
#5605=CARTESIAN_POINT('',(-81.788,15.6972000002541,-38.887399999746));
#5606=CARTESIAN_POINT('',(-81.788,17.4752,-40.1563835931578));
#5607=CARTESIAN_POINT('',(-81.788,17.4752,-44.323));
#5608=CARTESIAN_POINT('',(-81.788,15.6972000002541,-38.887399999746));
#5609=CARTESIAN_POINT('',(-81.788,17.4752,-37.6184164063342));
#5610=CARTESIAN_POINT('',(-86.614,17.4752,-37.6184164063342));
#5611=CARTESIAN_POINT('',(-86.614,15.6972000002541,-38.887399999746));
#5612=CARTESIAN_POINT('',(-86.614,17.7292,-38.0857895204748));
#5613=CARTESIAN_POINT('',(-81.788,17.7292,-38.0857895204748));
#5614=CARTESIAN_POINT('',(-86.868,17.7292,-38.0857895204748));
#5615=CARTESIAN_POINT('',(-86.868,15.6972000002541,-38.887399999746));
#5616=CARTESIAN_POINT('',(-86.868,17.7292,-39.6890104790171));
#5617=CARTESIAN_POINT('',(-81.788,17.7292,-39.6890104790171));
#5618=CARTESIAN_POINT('',(-86.614,17.7292,-39.6890104790171));
#5619=CARTESIAN_POINT('',(-86.614,15.6972000002541,-38.887399999746));
#5620=CARTESIAN_POINT('',(-86.614,17.4752,-40.1563835931578));
#5621=CARTESIAN_POINT('',(-81.788,17.4752,-40.1563835931578));
#5622=CARTESIAN_POINT('',(-86.868,15.6972000002541,-43.916599999746));
#5623=CARTESIAN_POINT('',(-86.868,17.7292,-54.5592));
#5624=CARTESIAN_POINT('',(-86.868,17.7292,-43.1149895204748));
#5625=CARTESIAN_POINT('',(-86.868,17.7292,-44.7182104790172));
#5626=CARTESIAN_POINT('',(-86.868,15.6972000002541,-43.916599999746));
#5627=CARTESIAN_POINT('',(-81.788,15.6972000002541,-43.916599999746));
#5628=CARTESIAN_POINT('',(-81.788,17.4752,-45.1855835931578));
#5629=CARTESIAN_POINT('',(-86.614,17.4752,-45.1855835931578));
#5630=CARTESIAN_POINT('',(-81.788,17.4752,-45.1855835931578));
#5631=CARTESIAN_POINT('',(-81.788,15.6972000002541,-43.916599999746));
#5632=CARTESIAN_POINT('',(-81.788,17.4752,-42.6476164063342));
#5633=CARTESIAN_POINT('',(-81.788,17.4752,-42.6476164063342));
#5634=CARTESIAN_POINT('',(-86.614,17.4752,-42.6476164063342));
#5635=CARTESIAN_POINT('',(-86.614,15.6972000002541,-43.916599999746));
#5636=CARTESIAN_POINT('',(-86.614,17.7292,-43.1149895204748));
#5637=CARTESIAN_POINT('',(-81.788,17.7292,-43.1149895204748));
#5638=CARTESIAN_POINT('',(-81.788,17.7292,-44.7182104790172));
#5639=CARTESIAN_POINT('',(-86.614,17.7292,-44.7182104790172));
#5640=CARTESIAN_POINT('',(-86.614,15.6972000002541,-43.916599999746));
#5641=CARTESIAN_POINT('',(-81.788,15.6972000002541,-43.916599999746));
#5642=CARTESIAN_POINT('',(-81.788,17.4752,-44.323));
#5643=CARTESIAN_POINT('',(-86.868,15.6972000002541,-48.945800000254));
#5644=CARTESIAN_POINT('',(-86.868,17.7292,-54.5592));
#5645=CARTESIAN_POINT('',(-86.868,17.7292,-48.1441895202907));
#5646=CARTESIAN_POINT('',(-86.868,17.7292,-49.7474104802173));
#5647=CARTESIAN_POINT('',(-86.868,15.6972000002541,-48.945800000254));
#5648=CARTESIAN_POINT('',(-81.788,15.6972000002541,-48.945800000254));
#5649=CARTESIAN_POINT('',(-81.788,17.4752,-50.214783594103));
#5650=CARTESIAN_POINT('',(-86.614,17.4752,-50.214783594103));
#5651=CARTESIAN_POINT('',(-81.788,17.4752,-50.214783594103));
#5652=CARTESIAN_POINT('',(-81.788,15.6972000002541,-48.945800000254));
#5653=CARTESIAN_POINT('',(-81.788,17.4752,-47.676816406405));
#5654=CARTESIAN_POINT('',(-81.788,17.4752,-47.676816406405));
#5655=CARTESIAN_POINT('',(-86.614,17.4752,-47.676816406405));
#5656=CARTESIAN_POINT('',(-86.614,15.6972000002541,-48.945800000254));
#5657=CARTESIAN_POINT('',(-86.614,17.7292,-48.1441895202907));
#5658=CARTESIAN_POINT('',(-81.788,17.7292,-48.1441895202907));
#5659=CARTESIAN_POINT('',(-81.788,17.7292,-49.7474104802173));
#5660=CARTESIAN_POINT('',(-86.614,17.7292,-49.7474104802173));
#5661=CARTESIAN_POINT('',(-86.614,15.6972000002541,-48.945800000254));
#5662=CARTESIAN_POINT('',(-81.788,15.6972000002541,-48.945800000254));
#5663=CARTESIAN_POINT('',(-81.788,17.4752,-44.323));
#5664=CARTESIAN_POINT('',(-86.868,15.6972000002541,-38.887399999746));
#5665=CARTESIAN_POINT('',(-86.868,17.7292,-54.5592));
#5666=CARTESIAN_POINT('',(-8.74381621129559,15.6972,-48.8188));
#5667=CARTESIAN_POINT('',(-8.74381621129559,16.284575,-46.7148527645934));
#5668=CARTESIAN_POINT('',(-1.778,16.284575,-46.7148527645934));
#5669=CARTESIAN_POINT('',(-2.5654,16.284575,-46.7148527645934));
#5670=CARTESIAN_POINT('',(-2.5654,15.6972,-48.8188));
#5671=CARTESIAN_POINT('',(-2.5654,17.4752,-47.5498164067254));
#5672=CARTESIAN_POINT('',(-2.5654,15.6972,-48.8188));
#5673=CARTESIAN_POINT('',(-2.5654,17.4752,-50.0877835932746));
#5674=CARTESIAN_POINT('',(-2.5654,15.6972,-48.8188));
#5675=CARTESIAN_POINT('',(-2.5654,16.284575,-50.9227472354066));
#5676=CARTESIAN_POINT('',(-8.74381621129559,16.284575,-50.9227472354066));
#5677=CARTESIAN_POINT('',(-1.778,16.284575,-50.9227472354066));
#5678=CARTESIAN_POINT('',(-1.778,15.6972,-48.8188));
#5679=CARTESIAN_POINT('',(-1.778,17.4752,-50.0877835932746));
#5680=CARTESIAN_POINT('',(-8.74381621129559,17.4752,-50.0877835932746));
#5681=CARTESIAN_POINT('',(-0.3048,17.4752,-50.0877835932746));
#5682=CARTESIAN_POINT('',(-0.3048,15.6972,-48.8188));
#5683=CARTESIAN_POINT('',(-0.3048,17.4752,-47.5498164067254));
#5684=CARTESIAN_POINT('',(-8.74381621129559,17.4752,-47.5498164067254));
#5685=CARTESIAN_POINT('',(-1.778,17.4752,-47.5498164067254));
#5686=CARTESIAN_POINT('',(-1.778,15.6972,-48.8188));
#5687=CARTESIAN_POINT('',(-2.5654,16.284575,-63.0936));
#5688=CARTESIAN_POINT('',(-2.5654,17.4752,-63.0936));
#5689=CARTESIAN_POINT('',(-8.74381621129559,15.6972,-43.7896));
#5690=CARTESIAN_POINT('',(-8.74381621129559,16.284575,-41.6856527645934));
#5691=CARTESIAN_POINT('',(-1.778,16.284575,-41.6856527645934));
#5692=CARTESIAN_POINT('',(-2.5654,16.284575,-41.6856527645934));
#5693=CARTESIAN_POINT('',(-2.5654,15.6972,-43.7896));
#5694=CARTESIAN_POINT('',(-2.5654,17.4752,-42.5206164067255));
#5695=CARTESIAN_POINT('',(-2.5654,15.6972,-43.7896));
#5696=CARTESIAN_POINT('',(-2.5654,17.4752,-45.0585835932745));
#5697=CARTESIAN_POINT('',(-2.5654,15.6972,-43.7896));
#5698=CARTESIAN_POINT('',(-2.5654,16.284575,-45.8935472354066));
#5699=CARTESIAN_POINT('',(-8.74381621129559,16.284575,-45.8935472354066));
#5700=CARTESIAN_POINT('',(-1.778,16.284575,-45.8935472354066));
#5701=CARTESIAN_POINT('',(-1.778,15.6972,-43.7896));
#5702=CARTESIAN_POINT('',(-1.778,17.4752,-45.0585835932745));
#5703=CARTESIAN_POINT('',(-8.74381621129559,17.4752,-45.0585835932745));
#5704=CARTESIAN_POINT('',(-0.3048,17.4752,-45.0585835932745));
#5705=CARTESIAN_POINT('',(-0.3048,15.6972,-43.7896));
#5706=CARTESIAN_POINT('',(-0.3048,17.4752,-42.5206164067255));
#5707=CARTESIAN_POINT('',(-8.74381621129559,17.4752,-42.5206164067255));
#5708=CARTESIAN_POINT('',(-1.778,17.4752,-42.5206164067255));
#5709=CARTESIAN_POINT('',(-1.778,15.6972,-43.7896));
#5710=CARTESIAN_POINT('',(-2.5654,16.284575,-63.0936));
#5711=CARTESIAN_POINT('',(-2.5654,17.4752,-63.0936));
#5712=CARTESIAN_POINT('',(-8.74381621129559,15.6972,-38.7604));
#5713=CARTESIAN_POINT('',(-8.74381621129559,16.284575,-36.6564527645934));
#5714=CARTESIAN_POINT('',(-1.778,16.284575,-36.6564527645934));
#5715=CARTESIAN_POINT('',(-2.5654,16.284575,-36.6564527645934));
#5716=CARTESIAN_POINT('',(-2.5654,15.6972,-38.7604));
#5717=CARTESIAN_POINT('',(-2.5654,17.4752,-37.4914164067254));
#5718=CARTESIAN_POINT('',(-2.5654,15.6972,-38.7604));
#5719=CARTESIAN_POINT('',(-2.5654,17.4752,-40.0293835932746));
#5720=CARTESIAN_POINT('',(-2.5654,15.6972,-38.7604));
#5721=CARTESIAN_POINT('',(-2.5654,16.284575,-40.8643472354066));
#5722=CARTESIAN_POINT('',(-8.74381621129559,16.284575,-40.8643472354066));
#5723=CARTESIAN_POINT('',(-1.778,16.284575,-40.8643472354066));
#5724=CARTESIAN_POINT('',(-1.778,15.6972,-38.7604));
#5725=CARTESIAN_POINT('',(-1.778,17.4752,-40.0293835932746));
#5726=CARTESIAN_POINT('',(-8.74381621129559,17.4752,-40.0293835932746));
#5727=CARTESIAN_POINT('',(-0.3048,17.4752,-40.0293835932746));
#5728=CARTESIAN_POINT('',(-0.3048,15.6972,-38.7604));
#5729=CARTESIAN_POINT('',(-0.3048,17.4752,-37.4914164067254));
#5730=CARTESIAN_POINT('',(-8.74381621129559,17.4752,-37.4914164067254));
#5731=CARTESIAN_POINT('',(-1.778,17.4752,-37.4914164067254));
#5732=CARTESIAN_POINT('',(-1.778,15.6972,-38.7604));
#5733=CARTESIAN_POINT('',(-2.5654,16.284575,-63.0936));
#5734=CARTESIAN_POINT('',(-2.5654,17.4752,-63.0936));
#5735=CARTESIAN_POINT('',(-66.3752750541179,12.573,-37.0728441083057));
#5736=CARTESIAN_POINT('',(-71.3189999999992,12.573,-60.9995978588851));
#5737=CARTESIAN_POINT('',(-62.5051999999992,12.573,-60.9995978588851));
#5738=CARTESIAN_POINT('',(-71.3189999999992,12.573,-60.9995978588851));
#5739=CARTESIAN_POINT('',(-71.3189999999992,12.573,-60.9995978588851));
#5740=CARTESIAN_POINT('',(-71.3189999999992,12.573,-63.5395978588851));
#5741=CARTESIAN_POINT('',(-71.3189999999992,12.573,-63.5395978588851));
#5742=CARTESIAN_POINT('',(-62.5051999999992,12.573,-63.5395978588851));
#5743=CARTESIAN_POINT('',(-62.5051999999992,12.573,-60.9995978588851));
#5744=CARTESIAN_POINT('',(0.,16.764,0.));
#5745=CARTESIAN_POINT('',(-97.6249,16.764,-63.0936));
#5746=CARTESIAN_POINT('',(-71.3189999999992,16.764,-63.0936));
#5747=CARTESIAN_POINT('',(-62.5051999999992,16.764,-63.0936));
#5748=CARTESIAN_POINT('',(-71.3189999999992,16.764,-60.9995978588851));
#5749=CARTESIAN_POINT('',(-71.3189999999992,16.764,-60.9995978588851));
#5750=CARTESIAN_POINT('',(-71.3189999999992,16.764,-60.9995978588851));
#5751=CARTESIAN_POINT('',(-62.5051999999992,16.764,-60.9995978588851));
#5752=CARTESIAN_POINT('',(-62.5051999999992,16.764,-60.9995978588851));
#5753=CARTESIAN_POINT('',(-71.3189999999992,3.40050467757006,-60.9995978588851));
#5754=CARTESIAN_POINT('',(-62.5051999999992,3.40050467757006,-60.9995978588851));
#5755=CARTESIAN_POINT('',(-71.3189999999992,3.40050467757006,-60.9995978588851));
#5756=CARTESIAN_POINT('',(-62.5051999999992,3.40050467757006,-60.9995978588851));
#5757=CARTESIAN_POINT('',(-62.5051999999992,3.40050467757006,-63.5395978588851));
#5758=CARTESIAN_POINT('',(-62.5051999999992,16.284575,-63.5395978588851));
#5759=CARTESIAN_POINT('',(-62.5051999999992,16.284575,-3.30464822173581E-17));
#5760=CARTESIAN_POINT('',(-62.5051999999992,16.284575,-63.0936));
#5761=CARTESIAN_POINT('',(-62.5051999999992,16.284575,-63.0936));
#5762=CARTESIAN_POINT('',(-71.3189999999992,3.40050467757006,-60.9995978588851));
#5763=CARTESIAN_POINT('',(-71.3189999999992,16.284575,-63.0936));
#5764=CARTESIAN_POINT('',(-71.3189999999992,16.284575,-63.0936));
#5765=CARTESIAN_POINT('',(-71.3189999999992,16.284575,-3.30464822173581E-17));
#5766=CARTESIAN_POINT('',(-71.3189999999992,16.284575,-63.5395978588851));
#5767=CARTESIAN_POINT('',(-71.3189999999992,3.40050467757006,-63.5395978588851));
#5768=CARTESIAN_POINT('',(-71.3189999999992,3.40050467757006,-63.5395978588851));
#5769=CARTESIAN_POINT('',(6.84907827819537E-18,16.284575,-63.5395978588851));
#5770=CARTESIAN_POINT('',(-66.3752750541179,12.573,-37.0728441083057));
#5771=CARTESIAN_POINT('',(-46.3507999999992,12.573,-60.9995978588851));
#5772=CARTESIAN_POINT('',(-37.5369999999991,12.573,-60.9995978588851));
#5773=CARTESIAN_POINT('',(-46.3507999999992,12.573,-60.9995978588851));
#5774=CARTESIAN_POINT('',(-46.3507999999992,12.573,-60.9995978588851));
#5775=CARTESIAN_POINT('',(-46.3507999999992,12.573,-63.5395978588851));
#5776=CARTESIAN_POINT('',(-46.3507999999992,12.573,-63.5395978588851));
#5777=CARTESIAN_POINT('',(-37.5369999999991,12.573,-63.5395978588851));
#5778=CARTESIAN_POINT('',(-37.5369999999991,12.573,-60.9995978588851));
#5779=CARTESIAN_POINT('',(0.,16.764,0.));
#5780=CARTESIAN_POINT('',(-97.6249,16.764,-63.0936));
#5781=CARTESIAN_POINT('',(-46.3507999999992,16.764,-63.0936));
#5782=CARTESIAN_POINT('',(-37.5369999999991,16.764,-63.0936));
#5783=CARTESIAN_POINT('',(-46.3507999999992,16.764,-60.9995978588851));
#5784=CARTESIAN_POINT('',(-46.3507999999992,16.764,-60.9995978588851));
#5785=CARTESIAN_POINT('',(-46.3507999999992,16.764,-60.9995978588851));
#5786=CARTESIAN_POINT('',(-37.5369999999991,16.764,-60.9995978588851));
#5787=CARTESIAN_POINT('',(-37.5369999999991,16.764,-60.9995978588851));
#5788=CARTESIAN_POINT('',(-46.3507999999992,3.40050467757006,-60.9995978588851));
#5789=CARTESIAN_POINT('',(-37.5369999999991,3.40050467757006,-60.9995978588851));
#5790=CARTESIAN_POINT('',(-46.3507999999992,3.40050467757006,-60.9995978588851));
#5791=CARTESIAN_POINT('',(-37.5369999999991,3.40050467757006,-60.9995978588851));
#5792=CARTESIAN_POINT('',(-37.5369999999991,3.40050467757006,-63.5395978588851));
#5793=CARTESIAN_POINT('',(-37.5369999999991,16.284575,-63.5395978588851));
#5794=CARTESIAN_POINT('',(-37.5369999999991,16.284575,-3.30464822173581E-17));
#5795=CARTESIAN_POINT('',(-37.5369999999991,16.284575,-63.0936));
#5796=CARTESIAN_POINT('',(-37.5369999999991,16.284575,-63.0936));
#5797=CARTESIAN_POINT('',(-46.3507999999992,3.40050467757006,-60.9995978588851));
#5798=CARTESIAN_POINT('',(-46.3507999999992,16.284575,-63.0936));
#5799=CARTESIAN_POINT('',(-46.3507999999992,16.284575,-63.0936));
#5800=CARTESIAN_POINT('',(-46.3507999999992,16.284575,-3.30464822173581E-17));
#5801=CARTESIAN_POINT('',(-46.3507999999992,16.284575,-63.5395978588851));
#5802=CARTESIAN_POINT('',(-46.3507999999992,3.40050467757006,-63.5395978588851));
#5803=CARTESIAN_POINT('',(-46.3507999999992,3.40050467757006,-63.5395978588851));
#5804=CARTESIAN_POINT('',(6.84907827819537E-18,16.284575,-63.5395978588851));
#5805=CARTESIAN_POINT('',(49.2248674928739,19.580225,-33.353375));
#5806=CARTESIAN_POINT('',(26.19375,11.045825,-24.818975));
#5807=CARTESIAN_POINT('',(26.19375,21.104225,-34.877375));
#5808=CARTESIAN_POINT('',(26.19375,19.580225,-33.353375));
#5809=CARTESIAN_POINT('',(-7.58890145298264E-31,21.104225,-34.877375));
#5810=CARTESIAN_POINT('',(12.9032,21.104225,-34.877375));
#5811=CARTESIAN_POINT('',(26.0264224976245,7.98100250237542,-21.7541525023754));
#5812=CARTESIAN_POINT('',(14.4272,19.580225,-33.353375));
#5813=CARTESIAN_POINT('',(49.2248674928739,19.580225,-33.353375));
#5814=CARTESIAN_POINT('',(12.9032,21.104225,-6.38231011705786E-15));
#5815=CARTESIAN_POINT('',(14.4272,19.580225,1.14299999999999));
#5816=CARTESIAN_POINT('',(12.9032,21.104225,1.14299999999999));
#5817=CARTESIAN_POINT('',(14.4272,19.580225,1.14299999999999));
#5818=CARTESIAN_POINT('',(14.4272,19.580225,2.667));
#5819=CARTESIAN_POINT('',(12.9032,21.104225,-33.353375));
#5820=CARTESIAN_POINT('',(14.4272,19.580225,1.14299999999999));
#5821=CARTESIAN_POINT('',(12.9032,20.342225,1.905));
#5822=CARTESIAN_POINT('',(12.9032,19.580225,2.667));
#5823=CARTESIAN_POINT('',(14.4272,19.580225,1.14299999999999));
#5824=CARTESIAN_POINT('',(-7.58890145298265E-31,21.104225,1.14299999999999));
#5825=CARTESIAN_POINT('',(-100.7618,20.342225,1.905));
#5826=CARTESIAN_POINT('',(-100.7618,21.104225,1.14299999999999));
#5827=CARTESIAN_POINT('',(-100.7618,19.580225,2.667));
#5828=CARTESIAN_POINT('',(-102.2858,19.580225,2.667));
#5829=CARTESIAN_POINT('',(14.4272,21.104225,1.14299999999999));
#5830=CARTESIAN_POINT('',(12.9032,-118.024039573512,2.66700000000005));
#5831=CARTESIAN_POINT('',(12.9032,17.4752,2.667));
#5832=CARTESIAN_POINT('',(14.4272,17.4752,1.14299999999999));
#5833=CARTESIAN_POINT('',(12.9032,17.4752,2.667));
#5834=CARTESIAN_POINT('',(14.4272,-118.024039573512,1.14300000000003));
#5835=CARTESIAN_POINT('',(12.9032,-118.024039573512,2.66700000000005));
#5836=CARTESIAN_POINT('',(-102.2858,19.580225,1.14299999999999));
#5837=CARTESIAN_POINT('',(-102.2858,19.580225,1.14299999999999));
#5838=CARTESIAN_POINT('',(-102.2858,19.580225,1.14299999999999));
#5839=CARTESIAN_POINT('',(-102.2858,19.580225,1.14299999999999));
#5840=CARTESIAN_POINT('',(-100.7618,21.104225,1.39325180134218E-14));
#5841=CARTESIAN_POINT('',(-101.5238,20.342225,-64.643));
#5842=CARTESIAN_POINT('',(-100.7618,21.104225,-64.643));
#5843=CARTESIAN_POINT('',(-102.2858,19.580225,-64.643));
#5844=CARTESIAN_POINT('',(-102.2858,19.580225,-66.167));
#5845=CARTESIAN_POINT('',(-100.7618,21.104225,2.667));
#5846=CARTESIAN_POINT('',(-102.2858,-118.024039573512,1.14300000000003));
#5847=CARTESIAN_POINT('',(-102.2858,17.4752,1.14300000000001));
#5848=CARTESIAN_POINT('',(-100.7618,17.4752,2.667));
#5849=CARTESIAN_POINT('',(-102.2858,17.4752,1.143));
#5850=CARTESIAN_POINT('',(-100.7618,-118.024039573512,2.66700000000005));
#5851=CARTESIAN_POINT('',(-102.2858,-118.024039573512,1.14300000000003));
#5852=CARTESIAN_POINT('',(-100.7618,19.580225,-66.167));
#5853=CARTESIAN_POINT('',(-100.7618,19.580225,-66.167));
#5854=CARTESIAN_POINT('',(-100.7618,19.580225,-66.167));
#5855=CARTESIAN_POINT('',(-100.7618,19.580225,-66.167));
#5856=CARTESIAN_POINT('',(-7.68639172380583E-15,21.104225,-64.643));
#5857=CARTESIAN_POINT('',(12.9032,21.104225,-64.643));
#5858=CARTESIAN_POINT('',(12.9032,21.104225,-64.643));
#5859=CARTESIAN_POINT('',(12.9032,19.580225,-66.167));
#5860=CARTESIAN_POINT('',(14.4272,19.580225,-66.167));
#5861=CARTESIAN_POINT('',(-102.2858,21.104225,-64.643));
#5862=CARTESIAN_POINT('',(-100.7618,-118.024039573512,-66.167));
#5863=CARTESIAN_POINT('',(-100.7618,17.4752,-66.167));
#5864=CARTESIAN_POINT('',(-102.2858,17.4752,-64.643));
#5865=CARTESIAN_POINT('',(-100.7618,17.4752,-66.167));
#5866=CARTESIAN_POINT('',(-102.2858,-118.024039573512,-64.643));
#5867=CARTESIAN_POINT('',(-100.7618,-118.024039573512,-66.167));
#5868=CARTESIAN_POINT('',(12.9032,21.104225,-64.643));
#5869=CARTESIAN_POINT('',(12.9032,21.104225,-64.643));
#5870=CARTESIAN_POINT('',(14.4272,19.580225,-64.643));
#5871=CARTESIAN_POINT('',(13.6652,19.580225,-65.405));
#5872=CARTESIAN_POINT('',(12.9032,21.104225,-6.38231011705786E-15));
#5873=CARTESIAN_POINT('',(8.60213333333339,25.4052916666667,-49.4675583333334));
#5874=CARTESIAN_POINT('',(12.9032,21.104225,-53.768625));
#5875=CARTESIAN_POINT('',(14.4272,19.580225,-55.292625));
#5876=CARTESIAN_POINT('',(14.4272,19.580225,-55.292625));
#5877=CARTESIAN_POINT('',(12.9032,21.104225,-66.167));
#5878=CARTESIAN_POINT('',(14.4272,-118.024039573512,-64.643));
#5879=CARTESIAN_POINT('',(14.4272,17.4752,-64.643));
#5880=CARTESIAN_POINT('',(12.9032,17.4752,-66.167));
#5881=CARTESIAN_POINT('',(14.4272,17.4752,-64.643));
#5882=CARTESIAN_POINT('',(12.9032,-118.024039573512,-66.167));
#5883=CARTESIAN_POINT('',(14.4272,-118.024039573512,-64.643));
#5884=CARTESIAN_POINT('',(-7.58890145298264E-31,21.104225,-53.768625));
#5885=CARTESIAN_POINT('',(26.19375,20.8248250000001,-54.048025));
#5886=CARTESIAN_POINT('',(26.19375,19.580225,-55.292625));
#5887=CARTESIAN_POINT('',(26.19375,21.104225,-53.768625));
#5888=CARTESIAN_POINT('',(49.2248674928739,19.580225,-55.292625));
#5889=CARTESIAN_POINT('',(-7.58890145298264E-31,21.104225,-53.768625));
#5890=CARTESIAN_POINT('',(-102.2868,18.923,-52.9082));
#5891=CARTESIAN_POINT('',(25.5778,18.923,-52.9082));
#5892=CARTESIAN_POINT('',(25.5778,18.923,-52.9082));
#5893=CARTESIAN_POINT('',(25.5778,17.4752,-52.9082));
#5894=CARTESIAN_POINT('',(-102.2868,17.4752,-52.9082));
#5895=CARTESIAN_POINT('',(26.19375,17.4752,-52.9082));
#5896=CARTESIAN_POINT('',(26.19375,18.923,-52.9082));
#5897=CARTESIAN_POINT('',(26.19375,18.923,-52.9082));
#5898=CARTESIAN_POINT('',(-102.2868,18.923,-52.9082));
#5899=CARTESIAN_POINT('',(-102.2868,18.923,-35.6235));
#5900=CARTESIAN_POINT('',(25.5778,18.923,-35.6235));
#5901=CARTESIAN_POINT('',(25.5778,17.4752,-35.6235));
#5902=CARTESIAN_POINT('',(25.5778,18.923,-35.6235));
#5903=CARTESIAN_POINT('',(-102.2868,18.923,-35.6235));
#5904=CARTESIAN_POINT('',(26.19375,18.923,-35.6235));
#5905=CARTESIAN_POINT('',(26.19375,18.923,-35.6235));
#5906=CARTESIAN_POINT('',(26.19375,17.4752,-35.6235));
#5907=CARTESIAN_POINT('',(-102.2868,17.4752,-35.6235));
#5908=CARTESIAN_POINT('',(-102.2868,18.923,-52.9082));
#5909=CARTESIAN_POINT('',(25.5778,18.923,-52.9082));
#5910=CARTESIAN_POINT('',(26.19375,18.923,-52.9082));
#5911=CARTESIAN_POINT('',(25.5778,43.0921565420434,-54.2798));
#5912=CARTESIAN_POINT('',(25.5778,17.4752,-54.2798));
#5913=CARTESIAN_POINT('',(25.5778,17.4752,-34.3662));
#5914=CARTESIAN_POINT('',(25.5778,43.0921565420434,-34.3662));
#5915=CARTESIAN_POINT('',(25.5778,20.0914,-34.3662));
#5916=CARTESIAN_POINT('',(25.5778,20.0914,-54.2798));
#5917=CARTESIAN_POINT('',(25.5778,20.0914,-54.2798));
#5918=CARTESIAN_POINT('',(25.5778,43.0921565420434,-54.2798));
#5919=CARTESIAN_POINT('',(25.5778,17.4752,-54.2798));
#5920=CARTESIAN_POINT('',(25.5778,17.4752,-54.2798));
#5921=CARTESIAN_POINT('',(25.5778,43.0921565420434,-54.2798));
#5922=CARTESIAN_POINT('',(14.4272,43.0921565420434,-54.2798));
#5923=CARTESIAN_POINT('',(14.4272,20.0914,-54.2798));
#5924=CARTESIAN_POINT('',(14.4272,17.4752,-54.2798));
#5925=CARTESIAN_POINT('',(25.5778,17.4752,-54.2798));
#5926=CARTESIAN_POINT('',(25.5778,20.0914,-54.2798));
#5927=CARTESIAN_POINT('',(25.5778,43.0921565420434,-34.3662));
#5928=CARTESIAN_POINT('',(25.5778,17.4752,-34.3662));
#5929=CARTESIAN_POINT('',(14.4272,17.4752,-34.3662));
#5930=CARTESIAN_POINT('',(14.4272,43.0921565420434,-34.3662));
#5931=CARTESIAN_POINT('',(14.4272,20.0914,-34.3662));
#5932=CARTESIAN_POINT('',(25.5778,20.0914,-34.3662));
#5933=CARTESIAN_POINT('',(12.7635,20.0914,-44.323));
#5934=CARTESIAN_POINT('',(14.4272,20.0914,-54.2798));
#5935=CARTESIAN_POINT('',(14.4272,43.0921565420434,-54.2798));
#5936=CARTESIAN_POINT('',(14.4272,17.4752,-54.2798));
#5937=CARTESIAN_POINT('',(14.4272,17.4752,-52.5018));
#5938=CARTESIAN_POINT('',(14.4272,17.4752,-54.2798));
#5939=CARTESIAN_POINT('',(14.4272,17.4752,-35.2806));
#5940=CARTESIAN_POINT('',(14.4272,-118.024039573512,-35.2806));
#5941=CARTESIAN_POINT('',(14.4272,18.7452,-35.2806));
#5942=CARTESIAN_POINT('',(14.4272,18.7452,2.66700000000005));
#5943=CARTESIAN_POINT('',(14.4272,18.7452,-52.5018));
#5944=CARTESIAN_POINT('',(14.4272,-118.024039573512,-52.5018));
#5945=CARTESIAN_POINT('',(26.19375,1.32080000000004,-34.544));
#5946=CARTESIAN_POINT('',(26.19375,21.104225,-55.292625));
#5947=CARTESIAN_POINT('',(26.19375,17.4752,-33.353375));
#5948=CARTESIAN_POINT('',(26.19375,17.4752,-33.353375));
#5949=CARTESIAN_POINT('',(26.19375,17.4752,-55.292625));
#5950=CARTESIAN_POINT('',(26.19375,17.4752,-55.292625));
#5951=CARTESIAN_POINT('',(26.19375,17.4752,-55.292625));
#5952=CARTESIAN_POINT('',(26.19375,17.4752,-55.292625));
#5953=CARTESIAN_POINT('',(49.2248674928739,17.4752,-33.353375));
#5954=CARTESIAN_POINT('',(14.4272,17.4752,-33.353375));
#5955=CARTESIAN_POINT('',(14.4272,17.4752,-33.353375));
#5956=CARTESIAN_POINT('',(49.2248674928739,17.4752,-33.353375));
#5957=CARTESIAN_POINT('',(49.2248674928739,17.4752,-55.292625));
#5958=CARTESIAN_POINT('',(14.4272,17.4752,-55.292625));
#5959=CARTESIAN_POINT('',(14.4272,17.4752,-55.292625));
#5960=CARTESIAN_POINT('',(49.2248674928739,17.4752,-55.292625));
#5961=CARTESIAN_POINT('',(4.1656,4.848225,-58.0756894111359));
#5962=CARTESIAN_POINT('',(4.1656,7.896225,-58.0756894111359));
#5963=CARTESIAN_POINT('',(5.0430385986637,7.896225,-57.5691));
#5964=CARTESIAN_POINT('',(7.4676,7.896225,-56.1692788222717));
#5965=CARTESIAN_POINT('',(7.4676,4.848225,-56.1692788222717));
#5966=CARTESIAN_POINT('',(7.4676,4.848225,-56.1692788222717));
#5967=CARTESIAN_POINT('',(4.1656,4.848225,-58.0756894111359));
#5968=CARTESIAN_POINT('',(5.0430385986637,4.848225,-57.5691));
#5969=CARTESIAN_POINT('',(5.0430385986637,-2.67113544791424E-15,-57.5691));
#5970=CARTESIAN_POINT('',(7.4676,4.848225,-56.1692788222717));
#5971=CARTESIAN_POINT('',(7.4676,4.848225,-56.1692788222717));
#5972=CARTESIAN_POINT('',(9.89216140133631,4.848225,-57.5691));
#5973=CARTESIAN_POINT('',(7.4676,7.896225,-56.1692788222717));
#5974=CARTESIAN_POINT('',(9.89216140133631,7.896225,-57.5691));
#5975=CARTESIAN_POINT('',(9.89216140133631,5.2395599317047E-15,-57.5691));
#5976=CARTESIAN_POINT('',(-92.71,4.848225,-55.8771788222717));
#5977=CARTESIAN_POINT('',(-92.7051135768374,-4.91029188520634E-14,-55.88));
#5978=CARTESIAN_POINT('',(-92.7051135768374,7.896225,-55.88));
#5979=CARTESIAN_POINT('',(-92.7051135768374,4.848225,-55.88));
#5980=CARTESIAN_POINT('',(-92.71,4.848225,-55.8771788222717));
#5981=CARTESIAN_POINT('',(-92.71,4.848225,-55.8771788222717));
#5982=CARTESIAN_POINT('',(-92.71,4.848225,-55.8771788222717));
#5983=CARTESIAN_POINT('',(-92.71,7.896225,-55.8771788222717));
#5984=CARTESIAN_POINT('',(-92.71,7.896225,-55.8771788222717));
#5985=CARTESIAN_POINT('',(-96.012,4.848225,-57.7835894111359));
#5986=CARTESIAN_POINT('',(-92.7148864231626,4.91080952146343E-14,-55.88));
#5987=CARTESIAN_POINT('',(-92.7148864231626,4.848225,-55.88));
#5988=CARTESIAN_POINT('',(-92.7148864231626,7.896225,-55.88));
#5989=CARTESIAN_POINT('',(-96.012,7.896225,-57.7835894111359));
#5990=CARTESIAN_POINT('',(-96.012,4.848225,-57.7835894111359));
#5991=CARTESIAN_POINT('',(10.7695999999999,4.848225,-5.80531058886409));
#5992=CARTESIAN_POINT('',(9.89216140133607,-5.23955993170458E-15,-6.3119));
#5993=CARTESIAN_POINT('',(9.89216140133607,4.848225,-6.3119));
#5994=CARTESIAN_POINT('',(9.89216140133607,7.896225,-6.3119));
#5995=CARTESIAN_POINT('',(10.7695999999999,7.896225,-5.80531058886409));
#5996=CARTESIAN_POINT('',(7.4676,7.896225,-7.71172117772816));
#5997=CARTESIAN_POINT('',(7.4676,4.848225,-7.71172117772816));
#5998=CARTESIAN_POINT('',(7.4676,4.848225,-7.71172117772816));
#5999=CARTESIAN_POINT('',(10.7695999999999,4.848225,-5.80531058886409));
#6000=CARTESIAN_POINT('',(7.4676,4.848225,-7.71172117772816));
#6001=CARTESIAN_POINT('',(5.04303859866393,2.67113544791438E-15,-6.3119));
#6002=CARTESIAN_POINT('',(5.04303859866393,7.896225,-6.3119));
#6003=CARTESIAN_POINT('',(5.04303859866393,4.848225,-6.3119));
#6004=CARTESIAN_POINT('',(7.4676,4.848225,-7.71172117772816));
#6005=CARTESIAN_POINT('',(7.4676,7.896225,-7.71172117772816));
#6006=CARTESIAN_POINT('',(-89.408,4.848225,-5.71641058886414));
#6007=CARTESIAN_POINT('',(-92.7051135768374,4.91029188520635E-14,-7.62));
#6008=CARTESIAN_POINT('',(-92.7051135768374,4.848225,-7.62));
#6009=CARTESIAN_POINT('',(-92.7051135768374,7.896225,-7.62));
#6010=CARTESIAN_POINT('',(-89.408,7.896225,-5.71641058886415));
#6011=CARTESIAN_POINT('',(-92.71,7.896225,-7.62282117772831));
#6012=CARTESIAN_POINT('',(-92.71,4.848225,-7.62282117772831));
#6013=CARTESIAN_POINT('',(-92.71,4.848225,-7.62282117772831));
#6014=CARTESIAN_POINT('',(-89.408,4.848225,-5.71641058886414));
#6015=CARTESIAN_POINT('',(-92.71,4.848225,-7.62282117772831));
#6016=CARTESIAN_POINT('',(-92.7148864231627,-4.91080952146345E-14,-7.62));
#6017=CARTESIAN_POINT('',(-92.7148864231627,7.896225,-7.62));
#6018=CARTESIAN_POINT('',(-92.7148864231627,4.848225,-7.62));
#6019=CARTESIAN_POINT('',(-92.71,4.848225,-7.62282117772831));
#6020=CARTESIAN_POINT('',(-92.71,7.896225,-7.62282117772831));
#6021=CARTESIAN_POINT('',(-92.71,21.7857229381132,-3.81));
#6022=CARTESIAN_POINT('',(-92.71,17.4752,-3.81));
#6023=CARTESIAN_POINT('',(-92.71,17.4752,-2.286));
#6024=CARTESIAN_POINT('',(-92.71,7.896225,-3.81));
#6025=CARTESIAN_POINT('',(-91.186,7.896225,-3.81));
#6026=CARTESIAN_POINT('',(12.7635,17.4752,-44.323));
#6027=CARTESIAN_POINT('',(0.,0.,-7.62));
#6028=CARTESIAN_POINT('',(-89.408,4.848225,-7.62));
#6029=CARTESIAN_POINT('',(-89.408,4.848225,-7.62));
#6030=CARTESIAN_POINT('',(-89.408,4.848225,-7.62));
#6031=CARTESIAN_POINT('',(-89.408,7.896225,-7.62));
#6032=CARTESIAN_POINT('',(-89.408,7.896225,-7.62));
#6033=CARTESIAN_POINT('',(-89.408,4.848225,-7.62));
#6034=CARTESIAN_POINT('',(-89.408,3.83222500000005,-1.75217097042807));
#6035=CARTESIAN_POINT('',(-89.408,7.896225,-1.75217097042807));
#6036=CARTESIAN_POINT('',(-89.408,4.848225,-1.75217097042807));
#6037=CARTESIAN_POINT('',(-89.408,7.896225,-7.62));
#6038=CARTESIAN_POINT('',(-89.408,4.848225,-7.62));
#6039=CARTESIAN_POINT('',(-96.012,7.896225,-7.62));
#6040=CARTESIAN_POINT('',(-96.012,7.896225,-7.62));
#6041=CARTESIAN_POINT('',(-96.012,7.896225,-7.62));
#6042=CARTESIAN_POINT('',(-96.012,7.896225,-1.75217097042807));
#6043=CARTESIAN_POINT('',(-96.012,3.83222500000005,-1.75217097042807));
#6044=CARTESIAN_POINT('',(-96.012,4.848225,-1.75217097042807));
#6045=CARTESIAN_POINT('',(-96.012,4.848225,-7.62));
#6046=CARTESIAN_POINT('',(-96.012,4.848225,-7.62));
#6047=CARTESIAN_POINT('',(-96.012,7.896225,-7.62));
#6048=CARTESIAN_POINT('',(-89.408,7.896225,-7.62));
#6049=CARTESIAN_POINT('',(-92.71,7.896225,-5.5118));
#6050=CARTESIAN_POINT('',(-89.408,7.896225,-7.62));
#6051=CARTESIAN_POINT('',(-89.408,4.848225,-7.62));
#6052=CARTESIAN_POINT('',(-92.71,4.848225,-5.5118));
#6053=CARTESIAN_POINT('',(-89.408,4.848225,-7.62));
#6054=CARTESIAN_POINT('',(-92.71,4.848225,-3.81));
#6055=CARTESIAN_POINT('',(-92.71,4.848225,-2.286));
#6056=CARTESIAN_POINT('',(7.4676,21.7857229381132,-3.8989));
#6057=CARTESIAN_POINT('',(7.4676,7.896225,-3.8989));
#6058=CARTESIAN_POINT('',(7.4676,7.896225,-2.3749));
#6059=CARTESIAN_POINT('',(7.4676,17.4752,-3.8989));
#6060=CARTESIAN_POINT('',(7.4676,17.4752,-2.3749));
#6061=CARTESIAN_POINT('',(12.7635,17.4752,-44.323));
#6062=CARTESIAN_POINT('',(0.,0.,-6.3119));
#6063=CARTESIAN_POINT('',(4.1656,4.848225,-6.3119));
#6064=CARTESIAN_POINT('',(10.7696,4.848225,-6.3119));
#6065=CARTESIAN_POINT('',(10.7696,7.896225,-6.3119));
#6066=CARTESIAN_POINT('',(10.7696,7.896225,-6.3119));
#6067=CARTESIAN_POINT('',(4.1656,7.896225,-6.3119));
#6068=CARTESIAN_POINT('',(10.7696,7.896225,-6.3119));
#6069=CARTESIAN_POINT('',(10.7696,4.848225,-6.3119));
#6070=CARTESIAN_POINT('',(10.7696,4.848225,-0.555638568403607));
#6071=CARTESIAN_POINT('',(10.7696,-14.5607790591823,-0.555638568403579));
#6072=CARTESIAN_POINT('',(10.7696,7.896225,-0.555638568403585));
#6073=CARTESIAN_POINT('',(10.7696,7.896225,-6.3119));
#6074=CARTESIAN_POINT('',(4.1656,7.896225,-6.3119));
#6075=CARTESIAN_POINT('',(4.1656,7.896225,-6.3119));
#6076=CARTESIAN_POINT('',(4.1656,7.896225,-6.3119));
#6077=CARTESIAN_POINT('',(4.1656,7.896225,-0.555638568403612));
#6078=CARTESIAN_POINT('',(4.1656,-14.5607790591823,-0.555638568403579));
#6079=CARTESIAN_POINT('',(4.1656,4.848225,-0.555638568403607));
#6080=CARTESIAN_POINT('',(4.1656,4.848225,-6.3119));
#6081=CARTESIAN_POINT('',(4.1656,4.848225,-6.3119));
#6082=CARTESIAN_POINT('',(4.1656,7.896225,-6.3119));
#6083=CARTESIAN_POINT('',(4.1656,4.848225,-6.3119));
#6084=CARTESIAN_POINT('',(4.1656,4.848225,-6.3119));
#6085=CARTESIAN_POINT('',(7.4676,4.848225,-3.8989));
#6086=CARTESIAN_POINT('',(7.4676,4.848225,-3.8989));
#6087=CARTESIAN_POINT('',(7.4676,4.848225,-5.4229));
#6088=CARTESIAN_POINT('',(4.1656,7.896225,-6.3119));
#6089=CARTESIAN_POINT('',(7.4676,7.896225,-3.8989));
#6090=CARTESIAN_POINT('',(4.1656,7.896225,-6.3119));
#6091=CARTESIAN_POINT('',(-92.71,21.7857229381132,-59.69));
#6092=CARTESIAN_POINT('',(-92.71,7.896225,-59.69));
#6093=CARTESIAN_POINT('',(-92.71,7.896225,-58.166));
#6094=CARTESIAN_POINT('',(-92.71,17.4752,-59.69));
#6095=CARTESIAN_POINT('',(-92.71,17.4752,-58.166));
#6096=CARTESIAN_POINT('',(12.7635,17.4752,-44.323));
#6097=CARTESIAN_POINT('',(0.,0.,-55.88));
#6098=CARTESIAN_POINT('',(-96.012,7.896225,-55.88));
#6099=CARTESIAN_POINT('',(-89.408,7.896225,-55.88));
#6100=CARTESIAN_POINT('',(-89.408,4.848225,-55.88));
#6101=CARTESIAN_POINT('',(-89.408,4.848225,-55.88));
#6102=CARTESIAN_POINT('',(-96.012,4.848225,-55.88));
#6103=CARTESIAN_POINT('',(-89.408,4.848225,-55.88));
#6104=CARTESIAN_POINT('',(-89.408,7.896225,-55.88));
#6105=CARTESIAN_POINT('',(-89.408,7.896225,-61.7478290295719));
#6106=CARTESIAN_POINT('',(-89.408,3.832225,-61.7478290295719));
#6107=CARTESIAN_POINT('',(-89.408,4.848225,-61.7478290295719));
#6108=CARTESIAN_POINT('',(-89.408,4.848225,-55.88));
#6109=CARTESIAN_POINT('',(-96.012,4.848225,-55.88));
#6110=CARTESIAN_POINT('',(-96.012,3.832225,-61.7478290295719));
#6111=CARTESIAN_POINT('',(-96.012,4.848225,-61.7478290295719));
#6112=CARTESIAN_POINT('',(-96.012,7.896225,-61.7478290295719));
#6113=CARTESIAN_POINT('',(-96.012,7.896225,-55.88));
#6114=CARTESIAN_POINT('',(-96.012,7.896225,-55.88));
#6115=CARTESIAN_POINT('',(-96.012,4.848225,-55.88));
#6116=CARTESIAN_POINT('',(-96.012,4.848225,-55.88));
#6117=CARTESIAN_POINT('',(-96.012,4.848225,-55.88));
#6118=CARTESIAN_POINT('',(-96.012,7.896225,-55.88));
#6119=CARTESIAN_POINT('',(-96.012,7.896225,-55.88));
#6120=CARTESIAN_POINT('',(-92.71,7.896225,-57.9882));
#6121=CARTESIAN_POINT('',(-96.012,4.848225,-55.88));
#6122=CARTESIAN_POINT('',(-92.71,4.848225,-57.9882));
#6123=CARTESIAN_POINT('',(-96.012,4.848225,-55.88));
#6124=CARTESIAN_POINT('',(-92.71,4.848225,-59.69));
#6125=CARTESIAN_POINT('',(-92.71,4.848225,-61.214));
#6126=CARTESIAN_POINT('',(7.4676,21.7857229381132,-59.9821));
#6127=CARTESIAN_POINT('',(7.4676,17.4752,-59.9821));
#6128=CARTESIAN_POINT('',(7.4676,17.4752,-58.4581));
#6129=CARTESIAN_POINT('',(7.4676,7.896225,-59.9821));
#6130=CARTESIAN_POINT('',(7.4676,7.896225,-61.5061));
#6131=CARTESIAN_POINT('',(12.7635,17.4752,-44.323));
#6132=CARTESIAN_POINT('',(0.,0.,-57.5691));
#6133=CARTESIAN_POINT('',(10.7696,7.896225,-57.5691));
#6134=CARTESIAN_POINT('',(4.1656,7.896225,-57.5691));
#6135=CARTESIAN_POINT('',(10.7696,4.848225,-57.5691));
#6136=CARTESIAN_POINT('',(4.1656,4.848225,-57.5691));
#6137=CARTESIAN_POINT('',(4.1656,4.848225,-57.5691));
#6138=CARTESIAN_POINT('',(4.1656,4.848225,-57.5691));
#6139=CARTESIAN_POINT('',(4.1656,-14.5607790591824,-63.3253614315964));
#6140=CARTESIAN_POINT('',(4.1656,7.896225,-63.3253614315964));
#6141=CARTESIAN_POINT('',(4.1656,4.848225,-63.3253614315964));
#6142=CARTESIAN_POINT('',(4.1656,7.896225,-57.5691));
#6143=CARTESIAN_POINT('',(4.1656,4.848225,-57.5691));
#6144=CARTESIAN_POINT('',(10.7696,4.848225,-57.5691));
#6145=CARTESIAN_POINT('',(10.7696,-14.5607790591824,-63.3253614315964));
#6146=CARTESIAN_POINT('',(10.7696,4.848225,-63.3253614315964));
#6147=CARTESIAN_POINT('',(10.7696,7.896225,-63.3253614315964));
#6148=CARTESIAN_POINT('',(10.7696,4.848225,-57.5691));
#6149=CARTESIAN_POINT('',(10.7696,4.848225,-57.5691));
#6150=CARTESIAN_POINT('',(10.7696,4.848225,-57.5691));
#6151=CARTESIAN_POINT('',(10.7696,7.896225,-57.5691));
#6152=CARTESIAN_POINT('',(10.7696,7.896225,-57.5691));
#6153=CARTESIAN_POINT('',(10.7696,4.848225,-57.5691));
#6154=CARTESIAN_POINT('',(7.4676,4.848225,-59.9821));
#6155=CARTESIAN_POINT('',(10.7696,4.848225,-57.5691));
#6156=CARTESIAN_POINT('',(7.4676,4.848225,-59.9821));
#6157=CARTESIAN_POINT('',(7.4676,4.848225,-58.4581));
#6158=CARTESIAN_POINT('',(10.7696,7.896225,-57.5691));
#6159=CARTESIAN_POINT('',(7.4676,7.896225,-59.9821));
#6160=CARTESIAN_POINT('',(10.7696,7.896225,-57.5691));
#6161=CARTESIAN_POINT('',(7.4676,21.7857229381132,-3.8989));
#6162=CARTESIAN_POINT('',(7.4676,-0.762,-3.8989));
#6163=CARTESIAN_POINT('',(7.4676,-0.762,-5.4229));
#6164=CARTESIAN_POINT('',(-92.71,26.814666365912,-3.81));
#6165=CARTESIAN_POINT('',(-92.71,1.5875,-3.81));
#6166=CARTESIAN_POINT('',(-92.71,1.5875,-0.508));
#6167=CARTESIAN_POINT('',(-92.71,3.83222500000005,-3.81));
#6168=CARTESIAN_POINT('',(-92.71,3.832225,-0.508000000000008));
#6169=CARTESIAN_POINT('',(-92.71,1.5875,-3.81));
#6170=CARTESIAN_POINT('',(-92.71,1.5875,-3.81));
#6171=CARTESIAN_POINT('',(-92.71,1.5875,-2.286));
#6172=CARTESIAN_POINT('',(-92.71,3.83222500000005,-5.5118));
#6173=CARTESIAN_POINT('',(-92.71,3.83222500000005,-5.5118));
#6174=CARTESIAN_POINT('',(-92.71,26.814666365912,-59.69));
#6175=CARTESIAN_POINT('',(-92.71,1.5875,-59.69));
#6176=CARTESIAN_POINT('',(-92.71,1.5875,-56.388));
#6177=CARTESIAN_POINT('',(-92.71,3.832225,-59.69));
#6178=CARTESIAN_POINT('',(-92.71,3.832225,-62.992));
#6179=CARTESIAN_POINT('',(-92.71,1.5875,-59.69));
#6180=CARTESIAN_POINT('',(-92.71,1.5875,-59.69));
#6181=CARTESIAN_POINT('',(-92.71,1.5875,-58.166));
#6182=CARTESIAN_POINT('',(12.7635,17.4752,-44.323));
#6183=CARTESIAN_POINT('',(-60.3297675828662,17.4752,-54.5592));
#6184=CARTESIAN_POINT('',(-96.3541697874825,17.4752,-54.5592));
#6185=CARTESIAN_POINT('',(-89.0658302125175,17.4752,-54.5592));
#6186=CARTESIAN_POINT('',(-92.71,17.4752,-57.9882));
#6187=CARTESIAN_POINT('',(-92.71,3.832225,-57.9882));
#6188=CARTESIAN_POINT('',(-92.71,3.832225,-57.9882));
#6189=CARTESIAN_POINT('',(-92.71,3.832225,-57.9882));
#6190=CARTESIAN_POINT('',(-92.71,17.4752,-57.9882));
#6191=CARTESIAN_POINT('',(-97.6249,17.4752,-58.9272273851173));
#6192=CARTESIAN_POINT('',(-92.71,17.4752,-57.9882));
#6193=CARTESIAN_POINT('',(-97.6249,17.4752,-57.0491726148827));
#6194=CARTESIAN_POINT('',(-97.6249,3.832225,-57.0491726148827));
#6195=CARTESIAN_POINT('',(-97.6249,16.284575,-57.0491726148827));
#6196=CARTESIAN_POINT('',(-92.71,16.284575,-57.9882));
#6197=CARTESIAN_POINT('',(-97.6249,16.284575,-58.9272273851173));
#6198=CARTESIAN_POINT('',(-97.6249,3.832225,-58.9272273851173));
#6199=CARTESIAN_POINT('',(0.,-0.762,0.));
#6200=CARTESIAN_POINT('',(7.4676,-0.762,-59.9821));
#6201=CARTESIAN_POINT('',(7.4676,-0.762,-61.5061));
#6202=CARTESIAN_POINT('',(7.4676,-0.762,-59.9821));
#6203=CARTESIAN_POINT('',(7.4676,-0.762,-64.6811));
#6204=CARTESIAN_POINT('',(0.,-0.762,0.));
#6205=CARTESIAN_POINT('',(7.4676,-0.762,-3.8989));
#6206=CARTESIAN_POINT('',(7.4676,-0.762,-8.5979));
#6207=CARTESIAN_POINT('',(7.4676,-14.5607790591823,-3.8989));
#6208=CARTESIAN_POINT('',(7.4676,17.4752,-3.8989));
#6209=CARTESIAN_POINT('',(7.4676,17.4752,0.8001));
#6210=CARTESIAN_POINT('',(-60.3297675828662,1.46050000000003,-54.5592));
#6211=CARTESIAN_POINT('',(-102.2858,-118.024039573512,-54.5592));
#6212=CARTESIAN_POINT('',(-102.2858,17.7292,-54.5592));
#6213=CARTESIAN_POINT('',(-102.2858,17.4752,-54.5592));
#6214=CARTESIAN_POINT('',(12.7635,17.4752,-54.5592));
#6215=CARTESIAN_POINT('',(-98.4123,17.4752,-54.5592));
#6216=CARTESIAN_POINT('',(-98.4123,16.284575,-54.5592));
#6217=CARTESIAN_POINT('',(-98.4123,16.284575,-54.5592));
#6218=CARTESIAN_POINT('',(-1.11160942841044E-14,16.284575,-54.5592));
#6219=CARTESIAN_POINT('',(-97.6249,16.284575,-54.5592));
#6220=CARTESIAN_POINT('',(-97.6249,16.284575,-54.5592));
#6221=CARTESIAN_POINT('',(-97.6249,17.4752,-54.5592));
#6222=CARTESIAN_POINT('',(12.7635,17.4752,-54.5592));
#6223=CARTESIAN_POINT('',(12.7635,17.4752,-54.5592));
#6224=CARTESIAN_POINT('',(-86.614,17.4752,-54.5592));
#6225=CARTESIAN_POINT('',(-86.614,1.46050000000003,-54.5592));
#6226=CARTESIAN_POINT('',(-86.614,17.7292,-54.5592));
#6227=CARTESIAN_POINT('',(-60.3297675828662,17.7292,-54.5592));
#6228=CARTESIAN_POINT('',(-60.3297675828662,17.7292,-34.2392));
#6229=CARTESIAN_POINT('',(-102.2858,-118.024039573512,-34.2392));
#6230=CARTESIAN_POINT('',(-102.2858,17.4752,-34.2392));
#6231=CARTESIAN_POINT('',(-102.2858,17.7292,-34.2392));
#6232=CARTESIAN_POINT('',(-60.3297675828662,17.7292,-34.2392));
#6233=CARTESIAN_POINT('',(-86.614,17.7292,-34.2392));
#6234=CARTESIAN_POINT('',(-86.614,17.7292,-34.2392));
#6235=CARTESIAN_POINT('',(-86.614,17.4752,-34.2392));
#6236=CARTESIAN_POINT('',(12.7635,17.4752,-34.2392));
#6237=CARTESIAN_POINT('',(-97.6249,17.4752,-34.2392));
#6238=CARTESIAN_POINT('',(-97.6249,16.284575,-34.2392));
#6239=CARTESIAN_POINT('',(-97.6249,16.284575,-34.2392));
#6240=CARTESIAN_POINT('',(-6.97347105789117E-15,16.284575,-34.2392));
#6241=CARTESIAN_POINT('',(-98.4123,16.284575,-34.2392));
#6242=CARTESIAN_POINT('',(-98.4123,16.284575,-34.2392));
#6243=CARTESIAN_POINT('',(-98.4123,17.4752,-34.2392));
#6244=CARTESIAN_POINT('',(12.7635,17.4752,-34.2392));
#6245=CARTESIAN_POINT('',(-86.614,18.6309,-52.8574));
#6246=CARTESIAN_POINT('',(-86.614,17.7292,-54.5592));
#6247=CARTESIAN_POINT('',(-86.614,17.4752,-44.323));
#6248=CARTESIAN_POINT('',(13.208,13.4112,-21.3614));
#6249=CARTESIAN_POINT('',(-0.661810023967856,13.4112,-14.5034));
#6250=CARTESIAN_POINT('',(-0.661810023967854,13.4112,-27.9654));
#6251=CARTESIAN_POINT('',(-0.661810023967856,13.4112,-14.5034));
#6252=CARTESIAN_POINT('',(-0.661810023967854,13.4112,-27.9654));
#6253=CARTESIAN_POINT('',(14.4272,13.4112,-27.9654));
#6254=CARTESIAN_POINT('',(14.4272,13.4112,-14.5034));
#6255=CARTESIAN_POINT('',(14.4272,13.4112,-14.5034));
#6256=CARTESIAN_POINT('',(-0.661810023967856,13.4112,-14.5034));
#6257=CARTESIAN_POINT('',(-0.661810023967856,-6.81016660820434,-14.5034));
#6258=CARTESIAN_POINT('',(-0.661810023967856,-6.81016660820434,-14.5034));
#6259=CARTESIAN_POINT('',(-0.661810023967856,17.4752,-14.5034));
#6260=CARTESIAN_POINT('',(14.4272,-6.81016660820434,-14.5034));
#6261=CARTESIAN_POINT('',(14.4272,17.4752,-14.5034));
#6262=CARTESIAN_POINT('',(-0.661810023967856,17.4752,-14.5034));
#6263=CARTESIAN_POINT('',(-0.661810023967856,-6.81016660820434,-14.5034));
#6264=CARTESIAN_POINT('',(-0.661810023967854,-6.81016660820434,-27.9654));
#6265=CARTESIAN_POINT('',(-0.661810023967856,17.4752,-27.9654));
#6266=CARTESIAN_POINT('',(-0.661810023967856,17.4752,-14.5034));
#6267=CARTESIAN_POINT('',(-0.661810023967854,-6.81016660820434,-27.9654));
#6268=CARTESIAN_POINT('',(14.4272,-6.81016660820434,-27.9654));
#6269=CARTESIAN_POINT('',(14.4272,17.4752,-27.9654));
#6270=CARTESIAN_POINT('',(-0.661810023967854,17.4752,-27.9654));
#6271=CARTESIAN_POINT('',(14.6812,41.5739083611843,-35.2806));
#6272=CARTESIAN_POINT('',(14.6812,17.4752,-35.2806));
#6273=CARTESIAN_POINT('',(-0.3048,17.4752,-35.2806));
#6274=CARTESIAN_POINT('',(-0.3048,41.5739083611843,-35.2806));
#6275=CARTESIAN_POINT('',(-0.3048,18.7452,-35.2806));
#6276=CARTESIAN_POINT('',(14.6812,18.7452,-35.2806));
#6277=CARTESIAN_POINT('',(-0.3048,41.5739083611843,-52.5018));
#6278=CARTESIAN_POINT('',(-0.3048,18.7452,-52.5018));
#6279=CARTESIAN_POINT('',(-0.3048,18.7452,-52.5018));
#6280=CARTESIAN_POINT('',(-0.3048,41.5739083611843,-52.5018));
#6281=CARTESIAN_POINT('',(-0.3048,17.4752,-52.5018));
#6282=CARTESIAN_POINT('',(-0.3048,17.4752,-52.5018));
#6283=CARTESIAN_POINT('',(-0.3048,41.5739083611843,-35.2806));
#6284=CARTESIAN_POINT('',(-0.3048,17.4752,-35.2806));
#6285=CARTESIAN_POINT('',(-0.3048,18.7452,-35.2806));
#6286=CARTESIAN_POINT('',(-0.3048,17.4752,-35.2806));
#6287=CARTESIAN_POINT('',(-0.3048,17.4752,-35.2806));
#6288=CARTESIAN_POINT('',(-0.3048,17.4752,-35.2806));
#6289=CARTESIAN_POINT('',(12.7635,18.7452,-44.323));
#6290=CARTESIAN_POINT('',(-97.6249,16.284575,-63.0936));
#6291=CARTESIAN_POINT('',(-97.6249,17.4752,-63.0936));
#6292=CARTESIAN_POINT('',(-97.6249,16.284575,-63.0936));
#6293=CARTESIAN_POINT('',(-97.6249,16.284575,0.508));
#6294=CARTESIAN_POINT('',(-97.6249,17.4752,0.508));
#6295=CARTESIAN_POINT('',(-2.5654,17.4752,0.508));
#6296=CARTESIAN_POINT('',(-97.6249,17.4752,0.508));
#6297=CARTESIAN_POINT('',(-2.5654,16.284575,0.508));
#6298=CARTESIAN_POINT('',(-2.5654,16.284575,0.508));
#6299=CARTESIAN_POINT('',(-97.6249,16.284575,0.508));
#6300=CARTESIAN_POINT('',(-97.6249,16.284575,0.508));
#6301=CARTESIAN_POINT('',(-97.6249,16.284575,0.508));
#6302=CARTESIAN_POINT('',(-2.5654,16.284575,-63.0936));
#6303=CARTESIAN_POINT('',(-2.5654,17.4752,-63.0936));
#6304=CARTESIAN_POINT('',(-2.5654,16.284575,-63.0936));
#6305=CARTESIAN_POINT('',(-98.4123,16.284575,1.2954));
#6306=CARTESIAN_POINT('',(-98.4123,17.4752,1.2954));
#6307=CARTESIAN_POINT('',(-1.778,17.4752,1.2954));
#6308=CARTESIAN_POINT('',(-98.4123,17.4752,1.2954));
#6309=CARTESIAN_POINT('',(-98.4123,16.284575,1.2954));
#6310=CARTESIAN_POINT('',(-98.4123,16.284575,1.2954));
#6311=CARTESIAN_POINT('',(-98.4123,16.284575,1.2954));
#6312=CARTESIAN_POINT('',(-1.778,16.284575,1.2954));
#6313=CARTESIAN_POINT('',(-1.778,16.284575,1.2954));
#6314=CARTESIAN_POINT('',(-1.778,16.284575,-63.881));
#6315=CARTESIAN_POINT('',(-1.778,17.4752,-63.881));
#6316=CARTESIAN_POINT('',(-1.778,16.284575,-63.881));
#6317=CARTESIAN_POINT('',(-98.4123,16.284575,-63.881));
#6318=CARTESIAN_POINT('',(-98.4123,17.4752,-63.881));
#6319=CARTESIAN_POINT('',(-98.4123,17.4752,-63.881));
#6320=CARTESIAN_POINT('',(-1.778,17.4752,-63.881));
#6321=CARTESIAN_POINT('',(-1.778,16.284575,-63.881));
#6322=CARTESIAN_POINT('',(-1.778,16.284575,-63.881));
#6323=CARTESIAN_POINT('',(-98.4123,16.284575,-63.881));
#6324=CARTESIAN_POINT('',(-98.4123,16.284575,-63.881));
#6325=CARTESIAN_POINT('',(-98.4123,16.284575,-63.881));
#6326=CARTESIAN_POINT('',(-98.4123,16.284575,-63.881));
#6327=CARTESIAN_POINT('',(-98.4123,16.284575,-63.881));
#6328=CARTESIAN_POINT('',(-98.4123,17.4752,-63.881));
#6329=CARTESIAN_POINT('',(-5.08,19.9136,-51.5068369093883));
#6330=CARTESIAN_POINT('',(-8.9789,19.9136,-5.2959));
#6331=CARTESIAN_POINT('',(-5.08,19.9136,-51.5068369093883));
#6332=CARTESIAN_POINT('',(-81.1911,19.9136,-33.3121));
#6333=CARTESIAN_POINT('',(-7.58890145298265E-31,21.104225,-6.38231011705786E-15));
#6334=CARTESIAN_POINT('',(-81.1911,21.104225,-33.3121));
#6335=CARTESIAN_POINT('',(-8.9789,21.104225,-5.2959));
#6336=CARTESIAN_POINT('',(-102.2858,-118.024039573512,2.66700000000005));
#6337=CARTESIAN_POINT('',(-102.2858,17.4752,2.667));
#6338=CARTESIAN_POINT('',(14.4272,-118.024039573512,2.66700000000005));
#6339=CARTESIAN_POINT('',(14.4272,17.4752,2.66700000000005));
#6340=CARTESIAN_POINT('',(14.4272,17.4752,2.66700000000005));
#6341=CARTESIAN_POINT('',(-102.2858,-118.024039573512,-66.167));
#6342=CARTESIAN_POINT('',(-102.2858,17.4752,-66.167));
#6343=CARTESIAN_POINT('',(-102.2858,-118.024039573512,2.66700000000005));
#6344=CARTESIAN_POINT('',(-102.2858,17.4752,2.66700000000005));
#6345=CARTESIAN_POINT('',(-102.2858,17.7292,2.667));
#6346=CARTESIAN_POINT('',(-102.2858,17.4752,2.66700000000005));
#6347=CARTESIAN_POINT('',(-81.1911,15.113,-33.3121));
#6348=CARTESIAN_POINT('',(-8.9789,15.113,-5.2959));
#6349=CARTESIAN_POINT('',(12.7635,17.4752,-44.323));
#6350=CARTESIAN_POINT('',(-97.6249,16.284575,-63.0936));
#6351=CARTESIAN_POINT('',(-97.6249,3.83222500000005,-4.5727726148827));
#6352=CARTESIAN_POINT('',(-97.6249,17.4752,-4.57277261488271));
#6353=CARTESIAN_POINT('',(-97.6249,16.284575,-4.5727726148827));
#6354=CARTESIAN_POINT('',(-97.6249,17.4752,-63.0936));
#6355=CARTESIAN_POINT('',(-97.6249,16.284575,-63.0936));
#6356=CARTESIAN_POINT('',(-98.4123,16.284575,-63.881));
#6357=CARTESIAN_POINT('',(-98.4123,17.4752,-63.881));
#6358=CARTESIAN_POINT('',(-98.4123,16.284575,-63.881));
#6359=CARTESIAN_POINT('',(-97.6249,16.284575,-63.0936));
#6360=CARTESIAN_POINT('',(-97.6249,16.284575,-63.0936));
#6361=CARTESIAN_POINT('',(-97.6249,16.284575,-63.0936));
#6362=CARTESIAN_POINT('',(-97.6249,16.284575,-63.0936));
#6363=CARTESIAN_POINT('',(-97.6249,17.4752,-63.0936));
#6364=CARTESIAN_POINT('',(-97.6249,17.4752,-63.0936));
#6365=CARTESIAN_POINT('',(-97.6249,16.284575,-63.0936));
#6366=CARTESIAN_POINT('',(-97.6249,3.83222500000005,-6.45082738511731));
#6367=CARTESIAN_POINT('',(-97.6249,16.284575,-6.45082738511731));
#6368=CARTESIAN_POINT('',(-97.6249,17.4752,-6.45082738511731));
#6369=CARTESIAN_POINT('',(-97.6249,16.284575,-63.0936));
#6370=CARTESIAN_POINT('',(-97.6249,17.4752,-63.0936));
#6371=CARTESIAN_POINT('',(7.4676,21.7857229381132,-59.9821));
#6372=CARTESIAN_POINT('',(7.4676,-14.5607790591824,-59.9821));
#6373=CARTESIAN_POINT('',(7.4676,17.4752,-59.9821));
#6374=CARTESIAN_POINT('',(7.4676,17.4752,-55.2831));
#6375=CARTESIAN_POINT('',(-92.71,21.7857229381132,-59.69));
#6376=CARTESIAN_POINT('',(-92.71,21.7857229381132,-3.81));
#6377=CARTESIAN_POINT('',(-92.71,3.83222500000005,-5.5118));
#6378=CARTESIAN_POINT('',(-92.71,17.4752,-5.5118));
#6379=CARTESIAN_POINT('',(-92.71,16.284575,-5.5118));
#6380=CARTESIAN_POINT('',(0.,0.,-7.62));
#6381=CARTESIAN_POINT('',(0.,0.,-6.3119));
#6382=CARTESIAN_POINT('',(0.,0.,-55.88));
#6383=CARTESIAN_POINT('',(0.,0.,-57.5691));
#6384=CARTESIAN_POINT('',(14.4272,-118.024039573512,2.66700000000005));
#6385=CARTESIAN_POINT('',(14.4272,17.4752,2.66700000000005));
#6386=CARTESIAN_POINT('',(-97.6249,16.284575,-63.0936));
#6387=CARTESIAN_POINT('',(-97.6249,16.284575,-63.0936));
#6388=CARTESIAN_POINT('',(-97.6249,16.284575,-63.0936));
#6389=CARTESIAN_POINT('',(-97.6249,16.284575,-63.0936));
#6390=CARTESIAN_POINT('',(-2.5654,16.284575,-63.0936));
#6391=CARTESIAN_POINT('',(-2.5654,16.284575,-63.0936));
#6392=CARTESIAN_POINT('',(-2.5654,17.4752,-63.0936));
#6393=CARTESIAN_POINT('',(-97.6249,17.4752,-63.0936));
#6394=CARTESIAN_POINT('',(-2.5654,16.284575,-63.0936));
#6395=CARTESIAN_POINT('',(-2.5654,17.4752,-63.0936));
#6396=CARTESIAN_POINT('',(-2.5654,16.284575,-63.0936));
#6397=CARTESIAN_POINT('',(-2.5654,16.284575,-63.0936));
#6398=CARTESIAN_POINT('',(-2.5654,17.4752,-63.0936));
#6399=CARTESIAN_POINT('',(-2.5654,16.284575,-63.0936));
#6400=CARTESIAN_POINT('',(-2.5654,16.284575,-63.0936));
#6401=CARTESIAN_POINT('',(-2.5654,16.284575,-63.0936));
#6402=CARTESIAN_POINT('',(-2.5654,17.4752,-63.0936));
#6403=CARTESIAN_POINT('',(-1.778,16.284575,-63.881));
#6404=CARTESIAN_POINT('',(-1.778,17.4752,-63.881));
#6405=CARTESIAN_POINT('',(-1.778,16.284575,-63.881));
#6406=CARTESIAN_POINT('',(-1.778,16.284575,-63.881));
#6407=CARTESIAN_POINT('',(-1.778,17.4752,-63.881));
#6408=CARTESIAN_POINT('',(-1.778,16.284575,-63.881));
#6409=CARTESIAN_POINT('',(-1.778,16.284575,-63.881));
#6410=CARTESIAN_POINT('',(-1.778,16.284575,-63.881));
#6411=CARTESIAN_POINT('',(-1.778,17.4752,-63.881));
#6412=CARTESIAN_POINT('',(12.7635,17.4752,-44.323));
#6413=CARTESIAN_POINT('',(12.7635,17.4752,-44.323));
#6414=CARTESIAN_POINT('',(12.7635,17.4752,-44.323));
#6415=CARTESIAN_POINT('',(12.7635,17.4752,-44.323));
#6416=CARTESIAN_POINT('',(6.84907827819537E-18,16.284575,-3.30464822173581E-17));
#6417=CARTESIAN_POINT('',(6.84907827819537E-18,16.284575,-3.30464822173581E-17));
#6418=CARTESIAN_POINT('',(6.84907827819537E-18,16.284575,-3.30464822173581E-17));
#6419=CARTESIAN_POINT('',(6.84907827819537E-18,16.284575,-3.30464822173581E-17));
#6420=CARTESIAN_POINT('',(-60.3297675828662,17.7292,-54.5592));
#6421=CARTESIAN_POINT('',(-86.614,17.7292,-54.5592));
#6422=CARTESIAN_POINT('',(-86.614,17.7292,-54.5592));
#6423=CARTESIAN_POINT('',(-86.614,17.7292,-54.5592));
#6424=CARTESIAN_POINT('',(-86.614,18.6309,-52.8574));
#6425=CARTESIAN_POINT('',(-86.614,17.4752,-44.323));
#6426=CARTESIAN_POINT('',(-86.614,18.6309,-52.8574));
#6427=CARTESIAN_POINT('',(-86.614,17.4752,-44.323));
#6428=CARTESIAN_POINT('',(-86.614,18.6309,-52.8574));
#6429=CARTESIAN_POINT('',(-86.614,17.4752,-44.323));
#6430=CARTESIAN_POINT('',(12.7635,17.4752,-44.323));
#6431=CARTESIAN_POINT('',(-7.22355641537855E-31,20.0882250000001,-6.0750528224199E-15));
#6432=CARTESIAN_POINT('',(-7.22355641537855E-31,20.0882250000001,-6.0750528224199E-15));
#6433=CARTESIAN_POINT('',(-7.22355641537855E-31,20.0882250000001,-6.0750528224199E-15));
#6434=CARTESIAN_POINT('',(-7.22355641537855E-31,20.0882250000001,-6.0750528224199E-15));
#6435=MECHANICAL_DESIGN_GEOMETRIC_PRESENTATION_REPRESENTATION('',(#3956),
#6436);
#6436=(
GEOMETRIC_REPRESENTATION_CONTEXT(3)
GLOBAL_UNCERTAINTY_ASSIGNED_CONTEXT((#6437))
GLOBAL_UNIT_ASSIGNED_CONTEXT((#6440,#6439,#6438))
REPRESENTATION_CONTEXT('EnclosureTop','TOP_LEVEL_ASSEMBLY_PART')
);
#6437=UNCERTAINTY_MEASURE_WITH_UNIT(LENGTH_MEASURE(0.005),#6440,
'DISTANCE_ACCURACY_VALUE','Maximum Tolerance applied to model');
#6438=(
NAMED_UNIT(*)
SI_UNIT($,.STERADIAN.)
SOLID_ANGLE_UNIT()
);
#6439=(
NAMED_UNIT(*)
PLANE_ANGLE_UNIT()
SI_UNIT($,.RADIAN.)
);
#6440=(
LENGTH_UNIT()
NAMED_UNIT(*)
SI_UNIT(.MILLI.,.METRE.)
);
#6441=PRODUCT_DEFINITION_SHAPE('','',#6442);
#6442=PRODUCT_DEFINITION('','',#6444,#6443);
#6443=PRODUCT_DEFINITION_CONTEXT('',#6450,'design');
#6444=PRODUCT_DEFINITION_FORMATION_WITH_SPECIFIED_SOURCE('','',#6446,
 .NOT_KNOWN.);
#6445=PRODUCT_RELATED_PRODUCT_CATEGORY('','',(#6446));
#6446=PRODUCT('EnclosureTop','EnclosureTop','EnclosureTop',(#6448));
#6447=PRODUCT_CATEGORY('','');
#6448=PRODUCT_CONTEXT('',#6450,'mechanical');
#6449=APPLICATION_PROTOCOL_DEFINITION('international standard',
'automotive_design',2010,#6450);
#6450=APPLICATION_CONTEXT(
'core data for automotive mechanical design processes');
ENDSEC;
END-ISO-10303-21;
